date,vacancies,ONS,Indeed,Indeed (new postings),Adzuna,date_popup
2024-10-18,,,88.79,91.95,,2024-10-18
2024-10-17,,,88.88,92.54,,2024-10-17
2024-10-16,,,89.02,93.25,,2024-10-16
2024-10-15,,,89.09,93.86,,2024-10-15
2024-10-14,,,89.12,94.22,,2024-10-14
2024-10-13,,,89.17,94.55,,2024-10-13
2024-10-12,,,89.17,94.52,,2024-10-12
2024-10-11,,,89.2,94.68,,2024-10-11
2024-10-10,,,89.22,95.05,,2024-10-10
2024-10-09,,,89.18,95.3,,2024-10-09
2024-10-08,,,89.05,95.3,,2024-10-08
2024-10-07,,,88.98,95.42,,2024-10-07
2024-10-06,,,89.15,95.35,,2024-10-06
2024-10-05,,,89.28,95.36,,2024-10-05
2024-10-04,,,89.3,95.23,,2024-10-04
2024-10-03,,,89.45,94.98,,2024-10-03
2024-10-02,,,89.66,94.71,,2024-10-02
2024-10-01,,,89.91,94.4,,2024-10-01
2024-09-30,,,90.18,94.16,,2024-09-30
2024-09-29,,,90.23,94.07,92.6,2024-09-29
2024-09-28,,,90.34,93.91,,2024-09-28
2024-09-27,,,90.6,93.76,,2024-09-27
2024-09-26,,,90.74,93.59,,2024-09-26
2024-09-25,,,90.83,93.5,,2024-09-25
2024-09-24,,,90.94,93.59,,2024-09-24
2024-09-23,,,91.03,93.88,,2024-09-23
2024-09-22,,,91.01,93.94,95.3,2024-09-22
2024-09-21,,,90.98,94.13,,2024-09-21
2024-09-20,,,90.89,94.34,,2024-09-20
2024-09-19,,,90.82,94.72,,2024-09-19
2024-09-18,,,90.69,95.03,,2024-09-18
2024-09-17,,,90.56,95.4,,2024-09-17
2024-09-16,,,90.46,95.69,,2024-09-16
2024-09-15,,,90.38,96.25,96.8,2024-09-15
2024-09-14,,,90.28,96.82,,2024-09-14
2024-09-13,,,90.26,97.54,,2024-09-13
2024-09-12,,,90.23,98.42,,2024-09-12
2024-09-11,,,90.23,99.72,,2024-09-11
2024-09-10,,,90.2,101.33,,2024-09-10
2024-09-09,,,90.14,103.08,,2024-09-09
2024-09-08,,,90.14,103.3,93.2,2024-09-08
2024-09-07,,,90.14,103.58,,2024-09-07
2024-09-06,,,90.19,104.11,,2024-09-06
2024-09-05,,,90.31,104.11,,2024-09-05
2024-09-04,,,90.33,103.06,,2024-09-04
2024-09-03,,,90.28,101.12,,2024-09-03
2024-09-02,,,90.35,98.68,,2024-09-02
2024-09-01,841,102.686202686203,90.62,98.91,96.6,2024-09-01
2024-08-31,,,90.87,99.05,,2024-08-31
2024-08-30,,,90.98,98.51,,2024-08-30
2024-08-29,,,90.97,97.97,,2024-08-29
2024-08-28,,,91.06,97.88,,2024-08-28
2024-08-27,,,91.18,98.2,,2024-08-27
2024-08-26,,,91.15,98.66,,2024-08-26
2024-08-25,,,90.92,97.83,95.7,2024-08-25
2024-08-24,,,90.7,96.78,,2024-08-24
2024-08-23,,,90.51,95.88,,2024-08-23
2024-08-22,,,90.37,95.15,,2024-08-22
2024-08-21,,,90.22,94.75,,2024-08-21
2024-08-20,,,90.08,94.27,,2024-08-20
2024-08-19,,,90.02,93.98,,2024-08-19
2024-08-18,,,89.94,93.63,95.7,2024-08-18
2024-08-17,,,89.92,93.6,,2024-08-17
2024-08-16,,,89.83,93.65,,2024-08-16
2024-08-15,,,89.88,93.88,,2024-08-15
2024-08-14,,,89.9,93.98,,2024-08-14
2024-08-13,,,89.98,94.28,,2024-08-13
2024-08-12,,,90.01,94.37,,2024-08-12
2024-08-11,,,90.04,94.97,87.4,2024-08-11
2024-08-10,,,90.08,95.61,,2024-08-10
2024-08-09,,,90.14,96.31,,2024-08-09
2024-08-08,,,90.06,96.93,,2024-08-08
2024-08-07,,,90,97.56,,2024-08-07
2024-08-06,,,90.19,97.95,,2024-08-06
2024-08-05,,,90.53,98.73,,2024-08-05
2024-08-04,,,90.85,98.63,92.3,2024-08-04
2024-08-03,,,91.08,98.45,,2024-08-03
2024-08-02,,,91.29,98.27,,2024-08-02
2024-08-01,856,104.517704517705,91.58,98.12,,2024-08-01
2024-07-31,,,91.85,97.76,,2024-07-31
2024-07-30,,,91.85,97.75,,2024-07-30
2024-07-29,,,91.74,97.55,,2024-07-29
2024-07-28,,,91.58,97.51,94.7,2024-07-28
2024-07-27,,,91.48,97.42,,2024-07-27
2024-07-26,,,91.24,97.06,,2024-07-26
2024-07-25,,,91.15,96.95,,2024-07-25
2024-07-24,,,91.11,96.82,,2024-07-24
2024-07-23,,,91.04,96.38,,2024-07-23
2024-07-22,,,91.02,95.99,,2024-07-22
2024-07-21,,,91.18,96.18,92.4,2024-07-21
2024-07-20,,,91.37,96.42,,2024-07-20
2024-07-19,,,91.7,96.86,,2024-07-19
2024-07-18,,,91.82,96.97,,2024-07-18
2024-07-17,,,92.04,97.56,,2024-07-17
2024-07-16,,,92.33,98.62,,2024-07-16
2024-07-15,,,92.56,99.65,,2024-07-15
2024-07-14,,,92.69,100.54,93.4,2024-07-14
2024-07-13,,,92.89,101.49,,2024-07-13
2024-07-12,,,93.09,102.51,,2024-07-12
2024-07-11,,,93.33,103.71,,2024-07-11
2024-07-10,,,93.37,104.66,,2024-07-10
2024-07-09,,,93.31,105.22,,2024-07-09
2024-07-08,,,93.18,105.44,,2024-07-08
2024-07-07,,,92.98,105.35,91.1,2024-07-07
2024-07-06,,,92.84,105.1,,2024-07-06
2024-07-05,,,92.74,104.77,,2024-07-05
2024-07-04,,,92.65,104.28,,2024-07-04
2024-07-03,,,92.62,103.53,,2024-07-03
2024-07-02,,,92.64,102.68,,2024-07-02
2024-07-01,869,106.105006105006,92.74,102.28,,2024-07-01
2024-06-30,,,92.92,101.87,91.8,2024-06-30
2024-06-29,,,92.98,101.47,,2024-06-29
2024-06-28,,,93.08,100.99,,2024-06-28
2024-06-27,,,93.14,100.67,,2024-06-27
2024-06-26,,,93.22,100.62,,2024-06-26
2024-06-25,,,93.2,100.55,,2024-06-25
2024-06-24,,,93.25,100.35,,2024-06-24
2024-06-23,,,93.32,100.27,91.9,2024-06-23
2024-06-22,,,93.42,100.39,,2024-06-22
2024-06-21,,,93.42,100.59,,2024-06-21
2024-06-20,,,93.54,100.88,,2024-06-20
2024-06-19,,,93.68,101.18,,2024-06-19
2024-06-18,,,93.94,101.56,,2024-06-18
2024-06-17,,,94.17,101.98,,2024-06-17
2024-06-16,,,94.34,102.44,93.4,2024-06-16
2024-06-15,,,94.39,102.8,,2024-06-15
2024-06-14,,,94.63,103.51,,2024-06-14
2024-06-13,,,94.7,104.19,,2024-06-13
2024-06-12,,,94.72,105.19,,2024-06-12
2024-06-11,,,94.68,106.38,,2024-06-11
2024-06-10,,,94.59,107.74,,2024-06-10
2024-06-09,,,94.47,107.21,92.4,2024-06-09
2024-06-08,,,94.38,106.65,,2024-06-08
2024-06-07,,,94.17,105.94,,2024-06-07
2024-06-06,,,94.21,105.17,,2024-06-06
2024-06-05,,,94.2,103.52,,2024-06-05
2024-06-04,,,94.22,101.43,,2024-06-04
2024-06-03,,,94.33,99.26,,2024-06-03
2024-06-02,,,94.73,100.46,93,2024-06-02
2024-06-01,875,106.837606837607,95.13,101.64,,2024-06-01
2024-05-31,,,95.54,102.37,,2024-05-31
2024-05-30,,,95.69,102.7,,2024-05-30
2024-05-29,,,95.95,103.53,,2024-05-29
2024-05-28,,,96.29,104.74,,2024-05-28
2024-05-27,,,96.29,105.63,,2024-05-27
2024-05-26,,,96.08,105.04,94.2,2024-05-26
2024-05-25,,,95.92,104.48,,2024-05-25
2024-05-24,,,95.81,104.04,,2024-05-24
2024-05-23,,,95.97,103.97,,2024-05-23
2024-05-22,,,96.12,104.31,,2024-05-22
2024-05-21,,,96.17,104.94,,2024-05-21
2024-05-20,,,96.4,105.5,,2024-05-20
2024-05-19,,,96.63,104.41,93.5,2024-05-19
2024-05-18,,,96.89,103.36,,2024-05-18
2024-05-17,,,97.12,102.72,,2024-05-17
2024-05-16,,,97.23,102.44,,2024-05-16
2024-05-15,,,97.31,101.48,,2024-05-15
2024-05-14,,,97.46,100,,2024-05-14
2024-05-13,,,97.68,98.75,,2024-05-13
2024-05-12,,,98.18,100.96,92.1,2024-05-12
2024-05-11,,,98.61,103.27,,2024-05-11
2024-05-10,,,98.96,105.13,,2024-05-10
2024-05-09,,,99.17,106.16,,2024-05-09
2024-05-08,,,99.23,107.06,,2024-05-08
2024-05-07,,,99.35,108.24,,2024-05-07
2024-05-06,,,99.65,109.11,,2024-05-06
2024-05-05,,,99.62,108.18,95.5,2024-05-05
2024-05-04,,,99.75,107.13,,2024-05-04
2024-05-03,,,99.89,106.54,,2024-05-03
2024-05-02,,,100.09,106.68,,2024-05-02
2024-05-01,899,109.76800976801,100.41,107.86,,2024-05-01
2024-04-30,,,100.55,109.31,,2024-04-30
2024-04-29,,,100.56,111.68,,2024-04-29
2024-04-28,,,100.63,114.19,92.3,2024-04-28
2024-04-27,,,100.62,116.77,,2024-04-27
2024-04-26,,,100.45,118.78,,2024-04-26
2024-04-25,,,100.35,119.99,,2024-04-25
2024-04-24,,,100.27,120.24,,2024-04-24
2024-04-23,,,100.28,119.52,,2024-04-23
2024-04-22,,,100.27,117.79,,2024-04-22
2024-04-21,,,100.19,115.77,93.4,2024-04-21
2024-04-20,,,100.04,113.55,,2024-04-20
2024-04-19,,,100.06,111.41,,2024-04-19
2024-04-18,,,100.01,109.56,,2024-04-18
2024-04-17,,,99.92,107.97,,2024-04-17
2024-04-16,,,99.8,107.19,,2024-04-16
2024-04-15,,,99.71,107.08,,2024-04-15
2024-04-14,,,99.61,105.32,93.1,2024-04-14
2024-04-13,,,99.57,103.68,,2024-04-13
2024-04-12,,,99.56,102.31,,2024-04-12
2024-04-11,,,99.53,99.18,,2024-04-11
2024-04-10,,,99.57,97.07,,2024-04-10
2024-04-09,,,99.49,94.55,,2024-04-09
2024-04-08,,,99.36,91.53,,2024-04-08
2024-04-07,,,99.63,92.29,89.4,2024-04-07
2024-04-06,,,100.04,93.2,,2024-04-06
2024-04-05,,,100.45,93.96,,2024-04-05
2024-04-04,,,101.08,98.18,,2024-04-04
2024-04-03,,,101.57,100.71,,2024-04-03
2024-04-02,,,102.2,103.13,,2024-04-02
2024-04-01,909,110.989010989011,102.84,105.99,,2024-04-01
2024-03-31,,,103.16,106.66,89.8,2024-03-31
2024-03-30,,,103.23,107.24,,2024-03-30
2024-03-29,,,103.27,107.88,,2024-03-29
2024-03-28,,,103.18,107.23,,2024-03-28
2024-03-27,,,103.22,107.63,,2024-03-27
2024-03-26,,,103.3,108.65,,2024-03-26
2024-03-25,,,103.31,109.55,,2024-03-25
2024-03-24,,,103.32,110.99,90.2,2024-03-24
2024-03-23,,,103.4,112.29,,2024-03-23
2024-03-22,,,103.57,113.66,,2024-03-22
2024-03-21,,,103.68,114.82,,2024-03-21
2024-03-20,,,103.7,115.33,,2024-03-20
2024-03-19,,,103.76,115.5,,2024-03-19
2024-03-18,,,103.9,115.59,,2024-03-18
2024-03-17,,,104.01,115.34,92.2,2024-03-17
2024-03-16,,,104.23,115.15,,2024-03-16
2024-03-15,,,104.45,115.01,,2024-03-15
2024-03-14,,,104.55,115.02,,2024-03-14
2024-03-13,,,104.73,115.6,,2024-03-13
2024-03-12,,,104.8,116.5,,2024-03-12
2024-03-11,,,104.79,117.32,,2024-03-11
2024-03-10,,,104.72,118.38,92.7,2024-03-10
2024-03-09,,,104.52,119.31,,2024-03-09
2024-03-08,,,104.2,119.96,,2024-03-08
2024-03-07,,,104.04,120.39,,2024-03-07
2024-03-06,,,104.07,120.24,,2024-03-06
2024-03-05,,,104.12,119.76,,2024-03-05
2024-03-04,,,104.14,119.17,,2024-03-04
2024-03-03,,,104.25,118.5,92.6,2024-03-03
2024-03-02,,,104.4,117.86,,2024-03-02
2024-03-01,919,112.210012210012,104.63,117.44,,2024-03-01
2024-02-29,,,104.87,117.35,,2024-02-29
2024-02-28,,,104.84,117.43,,2024-02-28
2024-02-27,,,104.78,117.09,,2024-02-27
2024-02-26,,,104.86,117.11,,2024-02-26
2024-02-25,,,104.81,116.66,95.9,2024-02-25
2024-02-24,,,104.82,116.12,,2024-02-24
2024-02-23,,,104.65,115.3,,2024-02-23
2024-02-22,,,104.69,114.77,,2024-02-22
2024-02-21,,,104.75,114.36,,2024-02-21
2024-02-20,,,104.87,114.7,,2024-02-20
2024-02-19,,,104.9,114.9,,2024-02-19
2024-02-18,,,104.97,115.67,94.8,2024-02-18
2024-02-17,,,105.03,116.53,,2024-02-17
2024-02-16,,,105.33,117.62,,2024-02-16
2024-02-15,,,105.39,118.21,,2024-02-15
2024-02-14,,,105.53,119.01,,2024-02-14
2024-02-13,,,105.61,119.37,,2024-02-13
2024-02-12,,,105.6,119.59,,2024-02-12
2024-02-11,,,105.67,119.63,95.5,2024-02-11
2024-02-10,,,105.68,119.69,,2024-02-10
2024-02-09,,,105.66,119.82,,2024-02-09
2024-02-08,,,105.55,119.54,,2024-02-08
2024-02-07,,,105.31,119,,2024-02-07
2024-02-06,,,105.34,118.49,,2024-02-06
2024-02-05,,,105.57,117.91,,2024-02-05
2024-02-04,,,105.76,117.37,95.9,2024-02-04
2024-02-03,,,105.94,116.52,,2024-02-03
2024-02-02,,,106.14,115.53,,2024-02-02
2024-02-01,916,111.843711843712,106.41,115.06,,2024-02-01
2024-01-31,,,106.71,114.48,,2024-01-31
2024-01-30,,,106.81,114.4,,2024-01-30
2024-01-29,,,106.8,114.26,,2024-01-29
2024-01-28,,,106.72,113.83,96.7,2024-01-28
2024-01-27,,,106.71,113.67,,2024-01-27
2024-01-26,,,106.63,113.54,,2024-01-26
2024-01-25,,,106.69,113.53,,2024-01-25
2024-01-24,,,106.81,113.46,,2024-01-24
2024-01-23,,,106.77,112.83,,2024-01-23
2024-01-22,,,106.77,112.67,,2024-01-22
2024-01-21,,,107.21,113.44,99.3,2024-01-21
2024-01-20,,,107.58,113.89,,2024-01-20
2024-01-19,,,107.84,114.29,,2024-01-19
2024-01-18,,,108.03,114.38,,2024-01-18
2024-01-17,,,107.77,115.02,,2024-01-17
2024-01-16,,,107.62,116.82,,2024-01-16
2024-01-15,,,107.71,119.46,,2024-01-15
2024-01-14,,,107.19,119.41,98.3,2024-01-14
2024-01-13,,,106.82,120.91,,2024-01-13
2024-01-12,,,106.8,125.03,,2024-01-12
2024-01-11,,,106.65,130.37,,2024-01-11
2024-01-10,,,106.81,136.07,,2024-01-10
2024-01-09,,,107.09,140.29,,2024-01-09
2024-01-08,,,107.08,139.03,,2024-01-08
2024-01-07,,,107.68,138.57,93.9,2024-01-07
2024-01-06,,,108.49,137.58,,2024-01-06
2024-01-05,,,109.25,133.95,,2024-01-05
2024-01-04,,,110.2,130.17,,2024-01-04
2024-01-03,,,111.37,125.68,,2024-01-03
2024-01-02,,,112.33,121.56,,2024-01-02
2024-01-01,924,112.820512820513,113.38,122.99,,2024-01-01
2023-12-31,,,114.13,126.62,86.3,2023-12-31
2023-12-30,,,114.27,128.01,,2023-12-30
2023-12-29,,,114.15,128.23,,2023-12-29
2023-12-28,,,113.92,127.06,,2023-12-28
2023-12-27,,,113.53,125.02,,2023-12-27
2023-12-26,,,113.29,123.13,,2023-12-26
2023-12-25,,,113.01,120.06,,2023-12-25
2023-12-24,,,112.78,116.38,92.7,2023-12-24
2023-12-23,,,112.77,114.11,,2023-12-23
2023-12-22,,,112.85,113.2,,2023-12-22
2023-12-21,,,112.93,112.34,,2023-12-21
2023-12-20,,,113.22,112.7,,2023-12-20
2023-12-19,,,113.43,113.07,,2023-12-19
2023-12-18,,,113.6,113.25,,2023-12-18
2023-12-17,,,113.72,113.44,94.2,2023-12-17
2023-12-16,,,113.91,113.38,,2023-12-16
2023-12-15,,,114.03,113.16,,2023-12-15
2023-12-14,,,114.21,113.53,,2023-12-14
2023-12-13,,,114.14,113.72,,2023-12-13
2023-12-12,,,114.09,114.01,,2023-12-12
2023-12-11,,,114.09,114.46,,2023-12-11
2023-12-10,,,114.03,114.49,98.8,2023-12-10
2023-12-09,,,113.92,114.59,,2023-12-09
2023-12-08,,,113.87,114.74,,2023-12-08
2023-12-07,,,113.75,114.51,,2023-12-07
2023-12-06,,,114.02,114.13,,2023-12-06
2023-12-05,,,114.36,113.95,,2023-12-05
2023-12-04,,,114.65,113.93,,2023-12-04
2023-12-03,,,114.95,114.13,102.3,2023-12-03
2023-12-02,,,115.26,114.42,,2023-12-02
2023-12-01,929,113.431013431013,115.62,114.91,,2023-12-01
2023-11-30,,,115.89,115.59,,2023-11-30
2023-11-29,,,115.97,116.53,,2023-11-29
2023-11-28,,,115.98,117.28,,2023-11-28
2023-11-27,,,115.96,117.78,,2023-11-27
2023-11-26,,,115.87,118.02,102.4,2023-11-26
2023-11-25,,,115.79,118.41,,2023-11-25
2023-11-24,,,115.59,118.52,,2023-11-24
2023-11-23,,,115.5,118.37,,2023-11-23
2023-11-22,,,115.46,118.23,,2023-11-22
2023-11-21,,,115.59,117.89,,2023-11-21
2023-11-20,,,115.75,117.49,,2023-11-20
2023-11-19,,,115.94,116.91,102,2023-11-19
2023-11-18,,,116.15,116.16,,2023-11-18
2023-11-17,,,116.48,115.51,,2023-11-17
2023-11-16,,,116.79,115.17,,2023-11-16
2023-11-15,,,116.89,114.77,,2023-11-15
2023-11-14,,,116.81,114.76,,2023-11-14
2023-11-13,,,116.71,114.83,,2023-11-13
2023-11-12,,,116.62,115.17,106.2,2023-11-12
2023-11-11,,,116.62,115.99,,2023-11-11
2023-11-10,,,116.67,117.04,,2023-11-10
2023-11-09,,,116.59,117.71,,2023-11-09
2023-11-08,,,116.59,117.84,,2023-11-08
2023-11-07,,,116.61,117.36,,2023-11-07
2023-11-06,,,116.9,117.06,,2023-11-06
2023-11-05,,,117.33,116.51,110.1,2023-11-05
2023-11-04,,,117.56,115.77,,2023-11-04
2023-11-03,,,117.75,114.85,,2023-11-03
2023-11-02,,,118.1,114.49,,2023-11-02
2023-11-01,951,116.117216117216,118.52,114.63,,2023-11-01
2023-10-31,,,118.97,115.18,,2023-10-31
2023-10-30,,,119.15,115.67,,2023-10-30
2023-10-29,,,119.24,116.77,112.9,2023-10-29
2023-10-28,,,119.38,117.93,,2023-10-28
2023-10-27,,,119.43,118.76,,2023-10-27
2023-10-26,,,119.48,119.29,,2023-10-26
2023-10-25,,,119.51,119.58,,2023-10-25
2023-10-24,,,119.61,119.93,,2023-10-24
2023-10-23,,,119.67,120.11,,2023-10-23
2023-10-22,,,119.75,119.83,113.3,2023-10-22
2023-10-21,,,119.83,119.76,,2023-10-21
2023-10-20,,,120.07,119.98,,2023-10-20
2023-10-19,,,120.14,120,,2023-10-19
2023-10-18,,,120.22,120.06,,2023-10-18
2023-10-17,,,120.22,119.94,,2023-10-17
2023-10-16,,,120.26,119.99,,2023-10-16
2023-10-15,,,120.31,120.21,110.7,2023-10-15
2023-10-14,,,120.36,120.07,,2023-10-14
2023-10-13,,,120.4,119.97,,2023-10-13
2023-10-12,,,120.44,120.03,,2023-10-12
2023-10-11,,,120.52,120.16,,2023-10-11
2023-10-10,,,120.63,120.38,,2023-10-10
2023-10-09,,,120.76,120.51,,2023-10-09
2023-10-08,,,120.75,120.32,112,2023-10-08
2023-10-07,,,120.72,120.2,,2023-10-07
2023-10-06,,,120.8,120.25,,2023-10-06
2023-10-05,,,120.97,120.03,,2023-10-05
2023-10-04,,,121.07,119.82,,2023-10-04
2023-10-03,,,121.02,119.09,,2023-10-03
2023-10-02,,,121.14,118.78,,2023-10-02
2023-10-01,959,117.094017094017,121.42,118.83,114.6,2023-10-01
2023-09-30,,,121.62,118.62,,2023-09-30
2023-09-29,,,121.69,118.31,,2023-09-29
2023-09-28,,,121.72,118.28,,2023-09-28
2023-09-27,,,121.83,118.42,,2023-09-27
2023-09-26,,,122.02,118.88,,2023-09-26
2023-09-25,,,122.12,119.21,,2023-09-25
2023-09-24,,,122.13,119.23,114.5,2023-09-24
2023-09-23,,,122.21,119.59,,2023-09-23
2023-09-22,,,122.22,119.88,,2023-09-22
2023-09-21,,,122.26,119.99,,2023-09-21
2023-09-20,,,122.25,119.94,,2023-09-20
2023-09-19,,,122.38,120.41,,2023-09-19
2023-09-18,,,122.37,120.51,,2023-09-18
2023-09-17,,,122.39,120.74,111.4,2023-09-17
2023-09-16,,,122.42,120.76,,2023-09-16
2023-09-15,,,122.55,121.02,,2023-09-15
2023-09-14,,,122.61,121.64,,2023-09-14
2023-09-13,,,122.61,122.32,,2023-09-13
2023-09-12,,,122.54,123.41,,2023-09-12
2023-09-11,,,122.54,125.04,,2023-09-11
2023-09-10,,,122.54,124.88,109.1,2023-09-10
2023-09-09,,,122.52,125.26,,2023-09-09
2023-09-08,,,122.39,126.16,,2023-09-08
2023-09-07,,,122.23,126.97,,2023-09-07
2023-09-06,,,122.39,128.21,,2023-09-06
2023-09-05,,,122.54,128.05,,2023-09-05
2023-09-04,,,122.57,127.16,,2023-09-04
2023-09-03,,,122.95,129.7,107.1,2023-09-03
2023-09-02,,,123.2,131.66,,2023-09-02
2023-09-01,983,120.02442002442,123.44,132.34,,2023-09-01
2023-08-31,,,123.74,132.39,,2023-08-31
2023-08-30,,,123.66,131.16,,2023-08-30
2023-08-29,,,123.5,130.4,,2023-08-29
2023-08-28,,,123.42,130.37,,2023-08-28
2023-08-27,,,123.02,128.36,111.2,2023-08-27
2023-08-26,,,122.71,126.38,,2023-08-26
2023-08-25,,,122.37,124.88,,2023-08-25
2023-08-24,,,122.1,123.59,,2023-08-24
2023-08-23,,,121.88,122.8,,2023-08-23
2023-08-22,,,121.8,122.26,,2023-08-22
2023-08-21,,,121.74,121.02,,2023-08-21
2023-08-20,,,121.59,120.11,112.3,2023-08-20
2023-08-19,,,121.45,119.2,,2023-08-19
2023-08-18,,,121.3,118.46,,2023-08-18
2023-08-17,,,121.2,118.09,,2023-08-17
2023-08-16,,,121.1,118.17,,2023-08-16
2023-08-15,,,120.99,118.3,,2023-08-15
2023-08-14,,,120.89,118.9,,2023-08-14
2023-08-13,,,121.1,119.31,114.6,2023-08-13
2023-08-12,,,121.35,119.93,,2023-08-12
2023-08-11,,,121.64,120.54,,2023-08-11
2023-08-10,,,121.77,121.23,,2023-08-10
2023-08-09,,,121.78,121.73,,2023-08-09
2023-08-08,,,121.76,122.01,,2023-08-08
2023-08-07,,,121.8,122.22,,2023-08-07
2023-08-06,,,122.06,122.63,113.7,2023-08-06
2023-08-05,,,122.18,122.8,,2023-08-05
2023-08-04,,,122.29,122.94,,2023-08-04
2023-08-03,,,122.42,122.59,,2023-08-03
2023-08-02,,,122.69,122.31,,2023-08-02
2023-08-01,1000,122.100122100122,122.95,121.96,,2023-08-01
2023-07-31,,,123.11,121.5,,2023-07-31
2023-07-30,,,122.85,121.12,110.9,2023-07-30
2023-07-29,,,122.64,121.03,,2023-07-29
2023-07-28,,,122.24,120.81,,2023-07-28
2023-07-27,,,122.07,121.03,,2023-07-27
2023-07-26,,,121.83,121.12,,2023-07-26
2023-07-25,,,121.59,121.43,,2023-07-25
2023-07-24,,,121.44,122.01,,2023-07-24
2023-07-23,,,121.4,122.55,114.4,2023-07-23
2023-07-22,,,121.42,122.92,,2023-07-22
2023-07-21,,,121.7,123.55,,2023-07-21
2023-07-20,,,121.84,124.08,,2023-07-20
2023-07-19,,,122.04,124.9,,2023-07-19
2023-07-18,,,122.28,125.68,,2023-07-18
2023-07-17,,,122.42,126.32,,2023-07-17
2023-07-16,,,122.54,126.93,116.6,2023-07-16
2023-07-15,,,122.8,127.56,,2023-07-15
2023-07-14,,,123.03,128.21,,2023-07-14
2023-07-13,,,123.19,128.94,,2023-07-13
2023-07-12,,,123.27,129.62,,2023-07-12
2023-07-11,,,123.33,130.39,,2023-07-11
2023-07-10,,,123.36,131.27,,2023-07-10
2023-07-09,,,123.11,131.94,115.4,2023-07-09
2023-07-08,,,122.72,132.4,,2023-07-08
2023-07-07,,,122.3,132.7,,2023-07-07
2023-07-06,,,122.24,132.12,,2023-07-06
2023-07-05,,,122.27,131.38,,2023-07-05
2023-07-04,,,122.16,130.18,,2023-07-04
2023-07-03,,,122.14,128.72,,2023-07-03
2023-07-02,,,122.25,127.49,116,2023-07-02
2023-07-01,1024,125.030525030525,122.37,126.37,,2023-07-01
2023-06-30,,,122.61,125.23,,2023-06-30
2023-06-29,,,122.51,124.64,,2023-06-29
2023-06-28,,,122.44,124.04,,2023-06-28
2023-06-27,,,122.52,124.18,,2023-06-27
2023-06-26,,,122.63,124.87,,2023-06-26
2023-06-25,,,122.8,125.42,117,2023-06-25
2023-06-24,,,122.89,125.8,,2023-06-24
2023-06-23,,,122.87,126.06,,2023-06-23
2023-06-22,,,122.92,126.62,,2023-06-22
2023-06-21,,,122.89,127.13,,2023-06-21
2023-06-20,,,122.83,126.99,,2023-06-20
2023-06-19,,,122.65,126.46,,2023-06-19
2023-06-18,,,122.44,125.81,118,2023-06-18
2023-06-17,,,122.39,125.64,,2023-06-17
2023-06-16,,,122.4,125.71,,2023-06-16
2023-06-15,,,122.35,125.54,,2023-06-15
2023-06-14,,,122.48,126.17,,2023-06-14
2023-06-13,,,122.57,127.61,,2023-06-13
2023-06-12,,,122.82,129.19,,2023-06-12
2023-06-11,,,123.15,129.06,116.2,2023-06-11
2023-06-10,,,123.29,128.75,,2023-06-10
2023-06-09,,,123.4,128.8,,2023-06-09
2023-06-08,,,123.45,129.5,,2023-06-08
2023-06-07,,,123.31,129.82,,2023-06-07
2023-06-06,,,123.34,129.06,,2023-06-06
2023-06-05,,,123.28,127.7,,2023-06-05
2023-06-04,,,123.54,130.17,117.2,2023-06-04
2023-06-03,,,123.82,132.35,,2023-06-03
2023-06-02,,,124.19,133.74,,2023-06-02
2023-06-01,1039,126.862026862027,124.59,134.31,,2023-06-01
2023-05-31,,,125.03,134.09,,2023-05-31
2023-05-30,,,125.4,134.62,,2023-05-30
2023-05-29,,,125.8,135.32,,2023-05-29
2023-05-28,,,125.85,134.11,116.2,2023-05-28
2023-05-27,,,125.99,133.08,,2023-05-27
2023-05-26,,,126.03,132.3,,2023-05-26
2023-05-25,,,126.22,132,,2023-05-25
2023-05-24,,,126.4,131.96,,2023-05-24
2023-05-23,,,126.64,131.67,,2023-05-23
2023-05-22,,,126.93,132.1,,2023-05-22
2023-05-21,,,127.23,130.6,113.8,2023-05-21
2023-05-20,,,127.66,129.1,,2023-05-20
2023-05-19,,,128.12,128.1,,2023-05-19
2023-05-18,,,128.41,127.39,,2023-05-18
2023-05-17,,,128.79,126.63,,2023-05-17
2023-05-16,,,129.11,126.61,,2023-05-16
2023-05-15,,,129.35,125.83,,2023-05-15
2023-05-14,,,129.81,126.58,113.6,2023-05-14
2023-05-13,,,130.13,127.66,,2023-05-13
2023-05-12,,,130.43,128.1,,2023-05-12
2023-05-11,,,130.8,127.88,,2023-05-11
2023-05-10,,,130.8,127.29,,2023-05-10
2023-05-09,,,130.83,125.59,,2023-05-09
2023-05-08,,,130.94,123.81,,2023-05-08
2023-05-07,,,131.07,124.55,111.7,2023-05-07
2023-05-06,,,131.32,125.3,,2023-05-06
2023-05-05,,,131.6,126.29,,2023-05-05
2023-05-04,,,131.84,126.72,,2023-05-04
2023-05-03,,,132.37,128.49,,2023-05-03
2023-05-02,,,132.74,131.14,,2023-05-02
2023-05-01,1060,129.426129426129,133.07,134.71,,2023-05-01
2023-04-30,,,133.06,136.68,112.3,2023-04-30
2023-04-29,,,132.87,138.77,,2023-04-29
2023-04-28,,,132.73,141.15,,2023-04-28
2023-04-27,,,132.63,144.46,,2023-04-27
2023-04-26,,,132.43,146.65,,2023-04-26
2023-04-25,,,132.24,148.1,,2023-04-25
2023-04-24,,,132.01,148.34,,2023-04-24
2023-04-23,,,131.83,144.98,111.1,2023-04-23
2023-04-22,,,131.76,140.41,,2023-04-22
2023-04-21,,,131.34,135.28,,2023-04-21
2023-04-20,,,131.05,127.76,,2023-04-20
2023-04-19,,,130.82,120.88,,2023-04-19
2023-04-18,,,130.63,113.9,,2023-04-18
2023-04-17,,,130.46,107.43,,2023-04-17
2023-04-16,,,130.66,106.66,111.3,2023-04-16
2023-04-15,,,130.78,107.25,,2023-04-15
2023-04-14,,,131.18,108.4,,2023-04-14
2023-04-13,,,131.72,114.52,,2023-04-13
2023-04-12,,,132.3,120.92,,2023-04-12
2023-04-11,,,132.85,127.61,,2023-04-11
2023-04-10,,,133.41,134.52,,2023-04-10
2023-04-09,,,133.64,138.86,114.2,2023-04-09
2023-04-08,,,133.88,142.38,,2023-04-08
2023-04-07,,,134.03,145.47,,2023-04-07
2023-04-06,,,134.15,145.51,,2023-04-06
2023-04-05,,,134.35,144.93,,2023-04-05
2023-04-04,,,134.51,144.01,,2023-04-04
2023-04-03,,,134.68,142.68,,2023-04-03
2023-04-02,,,134.96,141.2,113.6,2023-04-02
2023-04-01,1086,132.600732600733,135.36,139.94,,2023-04-01
2023-03-31,,,135.72,138.75,,2023-03-31
2023-03-30,,,135.93,137.87,,2023-03-30
2023-03-29,,,136.02,137.05,,2023-03-29
2023-03-28,,,136.21,136.6,,2023-03-28
2023-03-27,,,136.52,136.59,,2023-03-27
2023-03-26,,,136.79,136.91,115.5,2023-03-26
2023-03-25,,,137.02,137.54,,2023-03-25
2023-03-24,,,137.35,138.16,,2023-03-24
2023-03-23,,,137.53,138.67,,2023-03-23
2023-03-22,,,137.69,139.21,,2023-03-22
2023-03-21,,,137.77,139.89,,2023-03-21
2023-03-20,,,137.72,140.38,,2023-03-20
2023-03-19,,,137.68,140.85,116.6,2023-03-19
2023-03-18,,,137.72,141.12,,2023-03-18
2023-03-17,,,137.77,141.43,,2023-03-17
2023-03-16,,,137.97,141.97,,2023-03-16
2023-03-15,,,137.91,142.1,,2023-03-15
2023-03-14,,,137.79,142.18,,2023-03-14
2023-03-13,,,137.5,142.06,,2023-03-13
2023-03-12,,,137.26,141.91,118.7,2023-03-12
2023-03-11,,,136.97,141.67,,2023-03-11
2023-03-10,,,136.45,141.48,,2023-03-10
2023-03-09,,,135.83,141.17,,2023-03-09
2023-03-08,,,135.61,141.26,,2023-03-08
2023-03-07,,,135.5,140.82,,2023-03-07
2023-03-06,,,135.88,140.71,,2023-03-06
2023-03-05,,,136.1,140.12,115.4,2023-03-05
2023-03-04,,,136.42,139.55,,2023-03-04
2023-03-03,,,136.97,139.01,,2023-03-03
2023-03-02,,,137.62,138.57,,2023-03-02
2023-03-01,1120,136.752136752137,138.79,138.73,,2023-03-01
2023-02-28,,,139.68,139.11,,2023-02-28
2023-02-27,,,140.09,138.89,,2023-02-27
2023-02-26,,,140.72,139.41,111,2023-02-26
2023-02-25,,,141.27,139.75,,2023-02-25
2023-02-24,,,141.45,139.79,,2023-02-24
2023-02-23,,,141.88,140.12,,2023-02-23
2023-02-22,,,141.92,140.54,,2023-02-22
2023-02-21,,,142.14,141.1,,2023-02-21
2023-02-20,,,142.67,142.14,,2023-02-20
2023-02-19,,,143.02,142.85,113.6,2023-02-19
2023-02-18,,,143.33,143.36,,2023-02-18
2023-02-17,,,144.05,143.96,,2023-02-17
2023-02-16,,,144.49,144.66,,2023-02-16
2023-02-15,,,144.74,144.73,,2023-02-15
2023-02-14,,,145.23,146.87,,2023-02-14
2023-02-13,,,145.35,147.14,,2023-02-13
2023-02-12,,,145.38,147.47,117.3,2023-02-12
2023-02-11,,,145.42,147.97,,2023-02-11
2023-02-10,,,145.36,148.78,,2023-02-10
2023-02-09,,,145.2,149.09,,2023-02-09
2023-02-08,,,144.95,149.18,,2023-02-08
2023-02-07,,,144.41,147.12,,2023-02-07
2023-02-06,,,144.37,146.6,,2023-02-06
2023-02-05,,,144.6,146.15,114.2,2023-02-05
2023-02-04,,,144.85,145.7,,2023-02-04
2023-02-03,,,145.17,144.99,,2023-02-03
2023-02-02,,,145.69,144.56,,2023-02-02
2023-02-01,1128,137.728937728938,146.35,144.1,,2023-02-01
2023-01-31,,,147.19,143.86,,2023-01-31
2023-01-30,,,147.77,143.87,,2023-01-30
2023-01-29,,,147.93,143.75,114.3,2023-01-29
2023-01-28,,,148.21,143.43,,2023-01-28
2023-01-27,,,148.39,143.03,,2023-01-27
2023-01-26,,,148.55,142.47,,2023-01-26
2023-01-25,,,148.77,142.08,,2023-01-25
2023-01-24,,,149.04,141.96,,2023-01-24
2023-01-23,,,149.3,141.9,,2023-01-23
2023-01-22,,,149.73,141.53,108.4,2023-01-22
2023-01-21,,,150.01,141.72,,2023-01-21
2023-01-20,,,150.23,141.95,,2023-01-20
2023-01-19,,,150.44,142.14,,2023-01-19
2023-01-18,,,150.44,142.96,,2023-01-18
2023-01-17,,,150.32,144.46,,2023-01-17
2023-01-16,,,150.09,146.53,,2023-01-16
2023-01-15,,,149.83,147.06,104.8,2023-01-15
2023-01-14,,,149.63,147.94,,2023-01-14
2023-01-13,,,149.56,150.51,,2023-01-13
2023-01-12,,,149.35,152.82,,2023-01-12
2023-01-11,,,149.08,155.46,,2023-01-11
2023-01-10,,,148.64,156.73,,2023-01-10
2023-01-09,,,148.58,153.23,,2023-01-09
2023-01-08,,,149.09,151.41,98,2023-01-08
2023-01-07,,,149.79,150.3,,2023-01-07
2023-01-06,,,150.95,148.29,,2023-01-06
2023-01-05,,,152.45,148.14,,2023-01-05
2023-01-04,,,154.29,148.14,,2023-01-04
2023-01-03,,,156.4,148.13,,2023-01-03
2023-01-02,,,158.28,153.66,,2023-01-02
2023-01-01,1132,138.217338217338,159.69,160.08,101.3,2023-01-01
2022-12-31,,,160.41,162.93,,2022-12-31
2022-12-30,,,160.48,163.2,,2022-12-30
2022-12-29,,,160.23,161.3,,2022-12-29
2022-12-28,,,159.79,157.61,,2022-12-28
2022-12-27,,,159.17,153.48,,2022-12-27
2022-12-26,,,158.54,148.39,,2022-12-26
2022-12-25,,,158.03,143.1,106.8,2022-12-25
2022-12-24,,,157.94,140.18,,2022-12-24
2022-12-23,,,157.87,139.08,,2022-12-23
2022-12-22,,,157.93,138.73,,2022-12-22
2022-12-21,,,158.01,138.94,,2022-12-21
2022-12-20,,,158.29,139.85,,2022-12-20
2022-12-19,,,158.58,140.36,,2022-12-19
2022-12-18,,,158.73,140.14,110.3,2022-12-18
2022-12-17,,,158.88,139.36,,2022-12-17
2022-12-16,,,159.05,138.45,,2022-12-16
2022-12-15,,,159.28,137.47,,2022-12-15
2022-12-14,,,159.24,136.64,,2022-12-14
2022-12-13,,,159.08,136.61,,2022-12-13
2022-12-12,,,158.94,136.84,,2022-12-12
2022-12-11,,,158.84,137.57,115.8,2022-12-11
2022-12-10,,,158.8,138.76,,2022-12-10
2022-12-09,,,158.76,140.13,,2022-12-09
2022-12-08,,,158.64,141.37,,2022-12-08
2022-12-07,,,158.77,142.85,,2022-12-07
2022-12-06,,,159.12,143.52,,2022-12-06
2022-12-05,,,159.34,144.13,,2022-12-05
2022-12-04,,,159.64,144.57,119.8,2022-12-04
2022-12-03,,,159.95,144.79,,2022-12-03
2022-12-02,,,160.3,144.93,,2022-12-02
2022-12-01,1153,140.781440781441,160.63,145.56,,2022-12-01
2022-11-30,,,160.89,146.4,,2022-11-30
2022-11-29,,,160.77,147.09,,2022-11-29
2022-11-28,,,160.86,148.12,,2022-11-28
2022-11-27,,,160.77,149.17,119.7,2022-11-27
2022-11-26,,,160.7,150.19,,2022-11-26
2022-11-25,,,160.53,151.22,,2022-11-25
2022-11-24,,,160.32,151.94,,2022-11-24
2022-11-23,,,160.14,152.02,,2022-11-23
2022-11-22,,,160.05,152.5,,2022-11-22
2022-11-21,,,159.81,152.2,,2022-11-21
2022-11-20,,,159.44,151.12,123.2,2022-11-20
2022-11-19,,,159.26,150.63,,2022-11-19
2022-11-18,,,159.23,150.27,,2022-11-18
2022-11-17,,,159.09,149.67,,2022-11-17
2022-11-16,,,158.95,149.02,,2022-11-16
2022-11-15,,,158.82,148.57,,2022-11-15
2022-11-14,,,158.67,148.43,,2022-11-14
2022-11-13,,,158.63,149,120,2022-11-13
2022-11-12,,,158.44,149.24,,2022-11-12
2022-11-11,,,158.25,149.61,,2022-11-11
2022-11-10,,,158.15,150,,2022-11-10
2022-11-09,,,157.92,150.26,,2022-11-09
2022-11-08,,,157.68,149.59,,2022-11-08
2022-11-07,,,157.47,148.53,,2022-11-07
2022-11-06,,,157.71,147.79,118.1,2022-11-06
2022-11-05,,,157.89,147.07,,2022-11-05
2022-11-04,,,157.9,146.03,,2022-11-04
2022-11-03,,,158.01,145.58,,2022-11-03
2022-11-02,,,158.27,145.18,,2022-11-02
2022-11-01,1175,143.467643467643,158.63,145.5,,2022-11-01
2022-10-31,,,158.99,146.66,,2022-10-31
2022-10-30,,,158.99,147.7,118.5,2022-10-30
2022-10-29,,,158.89,148.63,,2022-10-29
2022-10-28,,,158.59,149.28,,2022-10-28
2022-10-27,,,158.59,149.88,,2022-10-27
2022-10-26,,,158.53,150.74,,2022-10-26
2022-10-25,,,158.33,151.27,,2022-10-25
2022-10-24,,,158.23,151.49,,2022-10-24
2022-10-23,,,158.05,151.19,119.8,2022-10-23
2022-10-22,,,157.94,151.16,,2022-10-22
2022-10-21,,,158.06,151.36,,2022-10-21
2022-10-20,,,157.85,151.2,,2022-10-20
2022-10-19,,,157.66,150.84,,2022-10-19
2022-10-18,,,157.59,151.1,,2022-10-18
2022-10-17,,,157.31,150.86,,2022-10-17
2022-10-16,,,157.17,151.24,121.7,2022-10-16
2022-10-15,,,157,151.23,,2022-10-15
2022-10-14,,,157.04,151.55,,2022-10-14
2022-10-13,,,157.07,152.04,,2022-10-13
2022-10-12,,,157.1,152.74,,2022-10-12
2022-10-11,,,157.09,153.17,,2022-10-11
2022-10-10,,,157.1,153.97,,2022-10-10
2022-10-09,,,156.91,154.97,120.8,2022-10-09
2022-10-08,,,156.55,156.2,,2022-10-08
2022-10-07,,,156.18,157.48,,2022-10-07
2022-10-06,,,156.03,158.33,,2022-10-06
2022-10-05,,,155.82,159.26,,2022-10-05
2022-10-04,,,155.53,159.83,,2022-10-04
2022-10-03,,,155.43,160.16,,2022-10-03
2022-10-02,,,155.41,156.45,115.5,2022-10-02
2022-10-01,1216,148.473748473748,155.52,152.39,,2022-10-01
2022-09-30,,,155.63,147.92,,2022-09-30
2022-09-29,,,155.48,143.56,,2022-09-29
2022-09-28,,,155.41,138.77,,2022-09-28
2022-09-27,,,155.31,133.43,,2022-09-27
2022-09-26,,,154.98,128.12,,2022-09-26
2022-09-25,,,155.26,128.88,115,2022-09-25
2022-09-24,,,155.63,130.6,,2022-09-24
2022-09-23,,,156,132.6,,2022-09-23
2022-09-22,,,156.48,134.92,,2022-09-22
2022-09-21,,,156.98,137.97,,2022-09-21
2022-09-20,,,157.64,142.18,,2022-09-20
2022-09-19,,,158.48,146.86,,2022-09-19
2022-09-18,,,158.76,148.9,116.6,2022-09-18
2022-09-17,,,158.98,150.54,,2022-09-17
2022-09-16,,,159.29,152.25,,2022-09-16
2022-09-15,,,159.53,153.96,,2022-09-15
2022-09-14,,,159.83,155.86,,2022-09-14
2022-09-13,,,159.99,157.65,,2022-09-13
2022-09-12,,,160.14,159.5,,2022-09-12
2022-09-11,,,160.37,159.14,114.8,2022-09-11
2022-09-10,,,160.57,158.91,,2022-09-10
2022-09-09,,,160.64,159.1,,2022-09-09
2022-09-08,,,160.66,160.1,,2022-09-08
2022-09-07,,,160.66,160.84,,2022-09-07
2022-09-06,,,160.95,161.26,,2022-09-06
2022-09-05,,,161.23,161.28,,2022-09-05
2022-09-04,,,161.67,165.57,115.4,2022-09-04
2022-09-03,,,162.11,169.54,,2022-09-03
2022-09-02,,,162.51,172.41,,2022-09-02
2022-09-01,1233,150.549450549451,162.83,173.43,,2022-09-01
2022-08-31,,,163.08,173.68,,2022-08-31
2022-08-30,,,163.08,173.8,,2022-08-30
2022-08-29,,,162.9,173.53,,2022-08-29
2022-08-28,,,162.61,171.12,119.2,2022-08-28
2022-08-27,,,162.34,168.51,,2022-08-27
2022-08-26,,,162.05,166.3,,2022-08-26
2022-08-25,,,161.91,164.54,,2022-08-25
2022-08-24,,,161.77,163.13,,2022-08-24
2022-08-23,,,161.49,161.32,,2022-08-23
2022-08-22,,,161.41,160.09,,2022-08-22
2022-08-21,,,161.13,158.56,120.7,2022-08-21
2022-08-20,,,160.9,157.22,,2022-08-20
2022-08-19,,,160.48,155.81,,2022-08-19
2022-08-18,,,160.29,155.06,,2022-08-18
2022-08-17,,,160.1,154.63,,2022-08-17
2022-08-16,,,160.05,154.77,,2022-08-16
2022-08-15,,,160.05,155.37,,2022-08-15
2022-08-14,,,160.02,156.26,120.1,2022-08-14
2022-08-13,,,159.91,157.18,,2022-08-13
2022-08-12,,,160.18,158.2,,2022-08-12
2022-08-11,,,160.23,159.21,,2022-08-11
2022-08-10,,,160.06,159.05,,2022-08-10
2022-08-09,,,159.93,159.44,,2022-08-09
2022-08-08,,,159.58,159.18,,2022-08-08
2022-08-07,,,159.37,159.19,121.9,2022-08-07
2022-08-06,,,159.39,159.25,,2022-08-06
2022-08-05,,,159.4,159.42,,2022-08-05
2022-08-04,,,159.42,159.46,,2022-08-04
2022-08-03,,,159.78,160.7,,2022-08-03
2022-08-02,,,160.15,161.3,,2022-08-02
2022-08-01,1259,153.724053724054,160.58,161.76,,2022-08-01
2022-07-31,,,160.93,161.56,122.7,2022-07-31
2022-07-30,,,161.14,161.28,,2022-07-30
2022-07-29,,,160.99,160.96,,2022-07-29
2022-07-28,,,161.01,160.44,,2022-07-28
2022-07-27,,,160.79,159.48,,2022-07-27
2022-07-26,,,160.47,158.58,,2022-07-26
2022-07-25,,,160.3,158.38,,2022-07-25
2022-07-24,,,160.23,158.95,125.3,2022-07-24
2022-07-23,,,160.12,159.48,,2022-07-23
2022-07-22,,,160.29,159.92,,2022-07-22
2022-07-21,,,160.34,160.56,,2022-07-21
2022-07-20,,,160.59,161.48,,2022-07-20
2022-07-19,,,160.81,162.36,,2022-07-19
2022-07-18,,,160.93,162.7,,2022-07-18
2022-07-17,,,160.96,162.18,124.3,2022-07-17
2022-07-16,,,160.92,161.94,,2022-07-16
2022-07-15,,,160.99,161.82,,2022-07-15
2022-07-14,,,160.71,161.42,,2022-07-14
2022-07-13,,,160.36,161.3,,2022-07-13
2022-07-12,,,160.21,161.5,,2022-07-12
2022-07-11,,,160.02,161.96,,2022-07-11
2022-07-10,,,159.66,162.98,126.1,2022-07-10
2022-07-09,,,159.23,163.59,,2022-07-09
2022-07-08,,,158.67,164.22,,2022-07-08
2022-07-07,,,158.29,164.93,,2022-07-07
2022-07-06,,,158.25,165.14,,2022-07-06
2022-07-05,,,158.04,164.78,,2022-07-05
2022-07-04,,,157.85,164.5,,2022-07-04
2022-07-03,,,157.79,163.83,127.6,2022-07-03
2022-07-02,,,157.8,162.84,,2022-07-02
2022-07-01,1280,156.288156288156,157.71,161.46,,2022-07-01
2022-06-30,,,157.95,160.59,,2022-06-30
2022-06-29,,,157.96,160.05,,2022-06-29
2022-06-28,,,157.97,159.74,,2022-06-28
2022-06-27,,,158.13,159.4,,2022-06-27
2022-06-26,,,158.39,159.48,121.1,2022-06-26
2022-06-25,,,158.78,160.14,,2022-06-25
2022-06-24,,,159.28,161.16,,2022-06-24
2022-06-23,,,159.58,161.72,,2022-06-23
2022-06-22,,,159.63,162.06,,2022-06-22
2022-06-21,,,159.72,162.9,,2022-06-21
2022-06-20,,,159.68,163.54,,2022-06-20
2022-06-19,,,159.49,163.89,122.9,2022-06-19
2022-06-18,,,159.17,163.39,,2022-06-18
2022-06-17,,,159.08,161.74,,2022-06-17
2022-06-16,,,159.06,158.4,,2022-06-16
2022-06-15,,,159.16,153.37,,2022-06-15
2022-06-14,,,159.21,148.1,,2022-06-14
2022-06-13,,,159.21,143.12,,2022-06-13
2022-06-12,,,159.36,138.56,129,2022-06-12
2022-06-11,,,159.68,135.29,,2022-06-11
2022-06-10,,,159.77,133.94,,2022-06-10
2022-06-09,,,160.1,138.17,,2022-06-09
2022-06-08,,,160.61,147.65,,2022-06-08
2022-06-07,,,161.1,158.16,,2022-06-07
2022-06-06,,,161.9,167.63,,2022-06-06
2022-06-05,,,162.59,176.49,133.2,2022-06-05
2022-06-04,,,163.05,183.74,,2022-06-04
2022-06-03,,,163.53,189.56,,2022-06-03
2022-06-02,,,163.71,190.89,,2022-06-02
2022-06-01,1299,158.608058608059,163.77,188.17,,2022-06-01
2022-05-31,,,163.94,182.95,,2022-05-31
2022-05-30,,,163.82,178.77,,2022-05-30
2022-05-29,,,163.96,174.92,137.5,2022-05-29
2022-05-28,,,164.24,172.42,,2022-05-28
2022-05-27,,,164.29,170.41,,2022-05-27
2022-05-26,,,164.51,168.9,,2022-05-26
2022-05-25,,,164.62,168.13,,2022-05-25
2022-05-24,,,164.68,168.4,,2022-05-24
2022-05-23,,,164.77,168.43,,2022-05-23
2022-05-22,,,164.58,169.12,141.7,2022-05-22
2022-05-21,,,164.36,170.01,,2022-05-21
2022-05-20,,,164.45,171.33,,2022-05-20
2022-05-19,,,164.16,173.44,,2022-05-19
2022-05-18,,,164.2,176.14,,2022-05-18
2022-05-17,,,164.26,179.18,,2022-05-17
2022-05-16,,,164.26,182.9,,2022-05-16
2022-05-15,,,164.09,180.91,133,2022-05-15
2022-05-14,,,163.95,178.44,,2022-05-14
2022-05-13,,,163.58,175.56,,2022-05-13
2022-05-12,,,163.41,171.88,,2022-05-12
2022-05-11,,,162.95,167,,2022-05-11
2022-05-10,,,162.38,161.51,,2022-05-10
2022-05-09,,,161.64,154.6,,2022-05-09
2022-05-08,,,161.48,155.46,136.9,2022-05-08
2022-05-07,,,161.39,156.84,,2022-05-07
2022-05-06,,,161.74,158.34,,2022-05-06
2022-05-05,,,161.96,159.48,,2022-05-05
2022-05-04,,,162.29,161.31,,2022-05-04
2022-05-03,,,162.16,163.58,,2022-05-03
2022-05-02,,,162.73,166.96,,2022-05-02
2022-05-01,1304,159.218559218559,162.87,165.29,135.8,2022-05-01
2022-04-30,,,163.05,163.82,,2022-04-30
2022-04-29,,,163.08,162.93,,2022-04-29
2022-04-28,,,163.05,159.08,,2022-04-28
2022-04-27,,,163.07,155.78,,2022-04-27
2022-04-26,,,163.53,152.21,,2022-04-26
2022-04-25,,,163.46,147.83,,2022-04-25
2022-04-24,,,163.92,149.27,133.7,2022-04-24
2022-04-23,,,164.21,149.9,,2022-04-23
2022-04-22,,,164.36,149.5,,2022-04-22
2022-04-21,,,164.67,154.32,,2022-04-21
2022-04-20,,,164.77,158.28,,2022-04-20
2022-04-19,,,164.84,162.05,,2022-04-19
2022-04-18,,,164.92,166.06,,2022-04-18
2022-04-17,,,164.43,166.49,143.7,2022-04-17
2022-04-16,,,164.17,167.48,,2022-04-16
2022-04-15,,,163.99,169.17,,2022-04-15
2022-04-14,,,163.98,170.04,,2022-04-14
2022-04-13,,,164.05,171.19,,2022-04-13
2022-04-12,,,164.35,173.29,,2022-04-12
2022-04-11,,,164.61,175.53,,2022-04-11
2022-04-10,,,164.97,177.92,138.8,2022-04-10
2022-04-09,,,165.14,179.79,,2022-04-09
2022-04-08,,,165.22,181.14,,2022-04-08
2022-04-07,,,165.04,180.79,,2022-04-07
2022-04-06,,,165.59,180.32,,2022-04-06
2022-04-05,,,166.02,179.29,,2022-04-05
2022-04-04,,,166.44,177.76,,2022-04-04
2022-04-03,,,166.89,176.02,136.7,2022-04-03
2022-04-02,,,167.38,174.16,,2022-04-02
2022-04-01,1296,158.241758241758,167.81,172.53,,2022-04-01
2022-03-31,,,168.36,171.54,,2022-03-31
2022-03-30,,,168.16,170.34,,2022-03-30
2022-03-29,,,167.78,169.02,,2022-03-29
2022-03-28,,,167.43,168.26,,2022-03-28
2022-03-27,,,167.19,168.42,134.8,2022-03-27
2022-03-26,,,166.86,168.92,,2022-03-26
2022-03-25,,,166.56,169.4,,2022-03-25
2022-03-24,,,166.28,169.91,,2022-03-24
2022-03-23,,,166.11,170.89,,2022-03-23
2022-03-22,,,166.08,172.04,,2022-03-22
2022-03-21,,,166.08,172.96,,2022-03-21
2022-03-20,,,165.91,173.2,136.2,2022-03-20
2022-03-19,,,165.98,173.58,,2022-03-19
2022-03-18,,,166.02,173.92,,2022-03-18
2022-03-17,,,166.09,174.2,,2022-03-17
2022-03-16,,,166.08,174.15,,2022-03-16
2022-03-15,,,166.16,174.55,,2022-03-15
2022-03-14,,,166.21,175.19,,2022-03-14
2022-03-13,,,166.17,175.57,145.6,2022-03-13
2022-03-12,,,166.04,176.18,,2022-03-12
2022-03-11,,,165.85,177.13,,2022-03-11
2022-03-10,,,165.48,177.64,,2022-03-10
2022-03-09,,,165.05,177.73,,2022-03-09
2022-03-08,,,164.42,177.09,,2022-03-08
2022-03-07,,,163.95,176.24,,2022-03-07
2022-03-06,,,163.86,174.84,145.2,2022-03-06
2022-03-05,,,163.74,172.92,,2022-03-05
2022-03-04,,,163.87,170.75,,2022-03-04
2022-03-03,,,164.03,169.05,,2022-03-03
2022-03-02,,,164.34,168.11,,2022-03-02
2022-03-01,1286,157.020757020757,164.7,167.84,,2022-03-01
2022-02-28,,,165.01,168.04,,2022-02-28
2022-02-27,,,165.15,169.08,144.8,2022-02-27
2022-02-26,,,165.25,170.41,,2022-02-26
2022-02-25,,,164.97,171.71,,2022-02-25
2022-02-24,,,164.95,173.69,,2022-02-24
2022-02-23,,,165,175.34,,2022-02-23
2022-02-22,,,165.09,176.21,,2022-02-22
2022-02-21,,,165.08,176.67,,2022-02-21
2022-02-20,,,164.91,177.65,146.5,2022-02-20
2022-02-19,,,164.87,177.96,,2022-02-19
2022-02-18,,,165.08,178.1,,2022-02-18
2022-02-17,,,165.08,177.35,,2022-02-17
2022-02-16,,,164.93,176.67,,2022-02-16
2022-02-15,,,164.81,176.76,,2022-02-15
2022-02-14,,,164.56,176.88,,2022-02-14
2022-02-13,,,164.32,176.04,146.1,2022-02-13
2022-02-12,,,163.96,175.68,,2022-02-12
2022-02-11,,,163.55,175.66,,2022-02-11
2022-02-10,,,163.01,175.78,,2022-02-10
2022-02-09,,,162.44,175.79,,2022-02-09
2022-02-08,,,161.73,175.11,,2022-02-08
2022-02-07,,,161.04,174.1,,2022-02-07
2022-02-06,,,160.73,173.29,145,2022-02-06
2022-02-05,,,160.48,172.49,,2022-02-05
2022-02-04,,,160.05,171.41,,2022-02-04
2022-02-03,,,159.49,169.76,,2022-02-03
2022-02-02,,,158.94,167.88,,2022-02-02
2022-02-01,1273,155.433455433455,158.53,166.2,,2022-02-01
2022-01-31,,,158.24,164.87,,2022-01-31
2022-01-30,,,157.61,163.66,140.7,2022-01-30
2022-01-29,,,157,162.46,,2022-01-29
2022-01-28,,,156.41,161.34,,2022-01-28
2022-01-27,,,156.14,160.78,,2022-01-27
2022-01-26,,,155.91,160.12,,2022-01-26
2022-01-25,,,155.67,159.63,,2022-01-25
2022-01-24,,,155.46,159.1,,2022-01-24
2022-01-23,,,155.13,158.4,138.3,2022-01-23
2022-01-22,,,154.72,157.73,,2022-01-22
2022-01-21,,,154.48,156.96,,2022-01-21
2022-01-20,,,153.87,156.03,,2022-01-20
2022-01-19,,,153.29,155.71,,2022-01-19
2022-01-18,,,152.62,155.86,,2022-01-18
2022-01-17,,,151.81,156.94,,2022-01-17
2022-01-16,,,151.05,156.05,122.3,2022-01-16
2022-01-15,,,150.41,156.08,,2022-01-15
2022-01-14,,,149.76,157.37,,2022-01-14
2022-01-13,,,149.38,157.35,,2022-01-13
2022-01-12,,,148.72,156.2,,2022-01-12
2022-01-11,,,148.09,154.84,,2022-01-11
2022-01-10,,,147.52,149.17,,2022-01-10
2022-01-09,,,147.5,146.23,117,2022-01-09
2022-01-08,,,147.63,143.79,,2022-01-08
2022-01-07,,,148.11,141.82,,2022-01-07
2022-01-06,,,149.74,143.77,,2022-01-06
2022-01-05,,,152.04,148.48,,2022-01-05
2022-01-04,,,154.73,153.19,,2022-01-04
2022-01-03,,,157.79,162.3,,2022-01-03
2022-01-02,,,160.46,171.44,120.9,2022-01-02
2022-01-01,1257,153.479853479853,162.51,175.99,,2022-01-01
2021-12-31,,,163.99,176.71,,2021-12-31
2021-12-30,,,164.33,175.11,,2021-12-30
2021-12-29,,,164.29,170.7,,2021-12-29
2021-12-28,,,163.89,165.8,,2021-12-28
2021-12-27,,,163.23,160.02,,2021-12-27
2021-12-26,,,162.77,154.47,126.1,2021-12-26
2021-12-25,,,162.67,152.43,,2021-12-25
2021-12-24,,,162.72,152.64,,2021-12-24
2021-12-23,,,162.94,152.9,,2021-12-23
2021-12-22,,,163.22,154.21,,2021-12-22
2021-12-21,,,163.61,155.79,,2021-12-21
2021-12-20,,,164,157.18,,2021-12-20
2021-12-19,,,164.23,157.37,131.3,2021-12-19
2021-12-18,,,164.49,157.02,,2021-12-18
2021-12-17,,,164.39,156.15,,2021-12-17
2021-12-16,,,164.43,155.33,,2021-12-16
2021-12-15,,,164.52,154.64,,2021-12-15
2021-12-14,,,164.54,154.2,,2021-12-14
2021-12-13,,,164.52,154.23,,2021-12-13
2021-12-12,,,164.31,154.54,137,2021-12-12
2021-12-11,,,164.18,155,,2021-12-11
2021-12-10,,,164.42,155.96,,2021-12-10
2021-12-09,,,164.41,156.92,,2021-12-09
2021-12-08,,,164.17,157,,2021-12-08
2021-12-07,,,163.91,156.87,,2021-12-07
2021-12-06,,,164.01,156.16,,2021-12-06
2021-12-05,,,164.33,155.32,141.6,2021-12-05
2021-12-04,,,164.53,154.77,,2021-12-04
2021-12-03,,,164.59,154.26,,2021-12-03
2021-12-02,,,164.69,153.68,,2021-12-02
2021-12-01,1241,151.526251526252,164.94,154.43,,2021-12-01
2021-11-30,,,165.15,155.26,,2021-11-30
2021-11-29,,,164.9,156.12,,2021-11-29
2021-11-28,,,164.43,157.11,146.1,2021-11-28
2021-11-27,,,164.22,158.01,,2021-11-27
2021-11-26,,,163.86,158.55,,2021-11-26
2021-11-25,,,163.62,159.31,,2021-11-25
2021-11-24,,,163.14,159.51,,2021-11-24
2021-11-23,,,162.68,159.28,,2021-11-23
2021-11-22,,,162.25,159.49,,2021-11-22
2021-11-21,,,161.86,159.36,143.8,2021-11-21
2021-11-20,,,161.28,159.06,,2021-11-20
2021-11-19,,,160.9,158.96,,2021-11-19
2021-11-18,,,160.45,158.5,,2021-11-18
2021-11-17,,,160.2,157.82,,2021-11-17
2021-11-16,,,159.94,157.15,,2021-11-16
2021-11-15,,,159.69,156.25,,2021-11-15
2021-11-14,,,159.33,156.09,144.4,2021-11-14
2021-11-13,,,159.14,156.18,,2021-11-13
2021-11-12,,,159.07,156.49,,2021-11-12
2021-11-11,,,158.91,156.37,,2021-11-11
2021-11-10,,,158.71,156.52,,2021-11-10
2021-11-09,,,158.39,156.66,,2021-11-09
2021-11-08,,,158.03,156.53,,2021-11-08
2021-11-07,,,157.94,155.58,147.2,2021-11-07
2021-11-06,,,157.87,154.59,,2021-11-06
2021-11-05,,,157.93,153.52,,2021-11-05
2021-11-04,,,157.91,153.72,,2021-11-04
2021-11-03,,,157.84,152.96,,2021-11-03
2021-11-02,,,157.96,152.96,,2021-11-02
2021-11-01,1218,148.717948717949,158.07,153.08,,2021-11-01
2021-10-31,,,158.02,153.73,141.6,2021-10-31
2021-10-30,,,157.65,154.07,,2021-10-30
2021-10-29,,,157.22,154.34,,2021-10-29
2021-10-28,,,156.74,153.62,,2021-10-28
2021-10-27,,,156.42,154.08,,2021-10-27
2021-10-26,,,156.09,154.17,,2021-10-26
2021-10-25,,,155.84,154.45,,2021-10-25
2021-10-24,,,155.59,154.38,133.8,2021-10-24
2021-10-23,,,155.36,154.22,,2021-10-23
2021-10-22,,,154.88,154.15,,2021-10-22
2021-10-21,,,154.58,154.32,,2021-10-21
2021-10-20,,,154.2,153.99,,2021-10-20
2021-10-19,,,153.95,153.73,,2021-10-19
2021-10-18,,,153.61,153.27,,2021-10-18
2021-10-17,,,153.44,153.33,142.6,2021-10-17
2021-10-16,,,153.36,153.66,,2021-10-16
2021-10-15,,,153.42,154.04,,2021-10-15
2021-10-14,,,153.32,154.3,,2021-10-14
2021-10-13,,,153.2,154.74,,2021-10-13
2021-10-12,,,152.96,155.02,,2021-10-12
2021-10-11,,,152.69,155.35,,2021-10-11
2021-10-10,,,152.26,155.53,139.5,2021-10-10
2021-10-09,,,151.71,155.85,,2021-10-09
2021-10-08,,,151.24,156.04,,2021-10-08
2021-10-07,,,150.68,155.83,,2021-10-07
2021-10-06,,,150.35,155.33,,2021-10-06
2021-10-05,,,150.04,155.13,,2021-10-05
2021-10-04,,,149.71,154.65,,2021-10-04
2021-10-03,,,149.41,153.79,139.2,2021-10-03
2021-10-02,,,149.16,152.94,,2021-10-02
2021-10-01,1194,145.787545787546,148.87,152.12,,2021-10-01
2021-09-30,,,148.8,151.94,,2021-09-30
2021-09-29,,,148.45,151.27,,2021-09-29
2021-09-28,,,148.19,150.5,,2021-09-28
2021-09-27,,,148.06,150.55,,2021-09-27
2021-09-26,,,147.92,150.65,135.2,2021-09-26
2021-09-25,,,147.79,150.42,,2021-09-25
2021-09-24,,,147.63,150.34,,2021-09-24
2021-09-23,,,147.51,150.7,,2021-09-23
2021-09-22,,,147.3,151.62,,2021-09-22
2021-09-21,,,146.96,152.04,,2021-09-21
2021-09-20,,,146.46,151.67,,2021-09-20
2021-09-19,,,145.97,151.45,132.7,2021-09-19
2021-09-18,,,145.48,151.73,,2021-09-18
2021-09-17,,,145.08,152.13,,2021-09-17
2021-09-16,,,144.56,151.73,,2021-09-16
2021-09-15,,,144.09,150.86,,2021-09-15
2021-09-14,,,143.6,150.58,,2021-09-14
2021-09-13,,,143.18,150.32,,2021-09-13
2021-09-12,,,142.74,148.05,128.4,2021-09-12
2021-09-11,,,142.27,145.92,,2021-09-11
2021-09-10,,,141.59,144.01,,2021-09-10
2021-09-09,,,141,142.45,,2021-09-09
2021-09-08,,,140.51,141.87,,2021-09-08
2021-09-07,,,140.1,140.9,,2021-09-07
2021-09-06,,,140.07,141.05,,2021-09-06
2021-09-05,,,140.64,145.61,127.9,2021-09-05
2021-09-04,,,141.02,149.51,,2021-09-04
2021-09-03,,,141.61,152.59,,2021-09-03
2021-09-02,,,142.06,155.42,,2021-09-02
2021-09-01,1122,136.996336996337,142.48,157.14,,2021-09-01
2021-08-31,,,142.88,158.68,,2021-08-31
2021-08-30,,,142.89,158.96,,2021-08-30
2021-08-29,,,142.29,156.8,125,2021-08-29
2021-08-28,,,141.97,154.73,,2021-08-28
2021-08-27,,,141.6,152.98,,2021-08-27
2021-08-26,,,141.22,150.97,,2021-08-26
2021-08-25,,,140.8,149.57,,2021-08-25
2021-08-24,,,140.31,148.15,,2021-08-24
2021-08-23,,,139.74,146.92,,2021-08-23
2021-08-22,,,139.41,145.97,128.3,2021-08-22
2021-08-21,,,138.93,145.03,,2021-08-21
2021-08-20,,,138.44,144.13,,2021-08-20
2021-08-19,,,138.02,143.52,,2021-08-19
2021-08-18,,,137.56,142.87,,2021-08-18
2021-08-17,,,137.16,142.52,,2021-08-17
2021-08-16,,,136.8,142.55,,2021-08-16
2021-08-15,,,136.32,142.49,128.1,2021-08-15
2021-08-14,,,135.82,142.46,,2021-08-14
2021-08-13,,,135.28,142.43,,2021-08-13
2021-08-12,,,134.85,142.56,,2021-08-12
2021-08-11,,,134.47,142.74,,2021-08-11
2021-08-10,,,134.03,142.59,,2021-08-10
2021-08-09,,,133.55,142.58,,2021-08-09
2021-08-08,,,132.93,142.34,128.8,2021-08-08
2021-08-07,,,132.39,142.31,,2021-08-07
2021-08-06,,,132.13,142.4,,2021-08-06
2021-08-05,,,131.96,142.5,,2021-08-05
2021-08-04,,,131.85,142.82,,2021-08-04
2021-08-03,,,131.79,143,,2021-08-03
2021-08-02,,,131.81,143.03,,2021-08-02
2021-08-01,1052,128.449328449328,131.9,143.34,134.9,2021-08-01
2021-07-31,,,132.04,143.33,,2021-07-31
2021-07-30,,,131.86,143.22,,2021-07-30
2021-07-29,,,131.36,143.05,,2021-07-29
2021-07-28,,,130.87,142.66,,2021-07-28
2021-07-27,,,130.39,142.73,,2021-07-27
2021-07-26,,,129.82,142.43,,2021-07-26
2021-07-25,,,129.31,141.68,131.2,2021-07-25
2021-07-24,,,128.66,141.11,,2021-07-24
2021-07-23,,,127.9,140.56,,2021-07-23
2021-07-22,,,127.36,139.9,,2021-07-22
2021-07-21,,,126.8,139.18,,2021-07-21
2021-07-20,,,126.28,138.59,,2021-07-20
2021-07-19,,,125.77,137.85,,2021-07-19
2021-07-18,,,125.23,137.41,130.2,2021-07-18
2021-07-17,,,124.82,137.26,,2021-07-17
2021-07-16,,,124.55,137.02,,2021-07-16
2021-07-15,,,124.34,136.99,,2021-07-15
2021-07-14,,,124.05,136.92,,2021-07-14
2021-07-13,,,123.81,136.99,,2021-07-13
2021-07-12,,,123.59,137.09,,2021-07-12
2021-07-11,,,123.24,137.18,129.1,2021-07-11
2021-07-10,,,122.84,136.99,,2021-07-10
2021-07-09,,,122.44,137.1,,2021-07-09
2021-07-08,,,121.77,136.93,,2021-07-08
2021-07-07,,,121.03,136.62,,2021-07-07
2021-07-06,,,120.42,136.08,,2021-07-06
2021-07-05,,,120.07,135.9,,2021-07-05
2021-07-04,,,119.97,135.83,134.8,2021-07-04
2021-07-03,,,119.61,136.01,,2021-07-03
2021-07-02,,,119.3,136.03,,2021-07-02
2021-07-01,971,118.559218559219,119.07,135.78,,2021-07-01
2021-06-30,,,119.11,135.82,,2021-06-30
2021-06-29,,,119.15,135.86,,2021-06-29
2021-06-28,,,118.79,135.29,,2021-06-28
2021-06-27,,,118.56,135.06,129.4,2021-06-27
2021-06-26,,,118.55,134.55,,2021-06-26
2021-06-25,,,118.57,134.05,,2021-06-25
2021-06-24,,,118.6,134,,2021-06-24
2021-06-23,,,118.45,133.78,,2021-06-23
2021-06-22,,,118.19,133.54,,2021-06-22
2021-06-21,,,118.16,134.11,,2021-06-21
2021-06-20,,,117.82,134.09,128.9,2021-06-20
2021-06-19,,,117.36,133.95,,2021-06-19
2021-06-18,,,116.72,133.49,,2021-06-18
2021-06-17,,,116.33,132.98,,2021-06-17
2021-06-16,,,116.13,132.71,,2021-06-16
2021-06-15,,,115.91,132.48,,2021-06-15
2021-06-14,,,115.57,131.9,,2021-06-14
2021-06-13,,,115.34,129.66,126.6,2021-06-13
2021-06-12,,,115.3,127.84,,2021-06-12
2021-06-11,,,115.45,126.84,,2021-06-11
2021-06-10,,,115.28,126.64,,2021-06-10
2021-06-09,,,114.87,127.01,,2021-06-09
2021-06-08,,,114.26,127.54,,2021-06-08
2021-06-07,,,113.68,128.82,,2021-06-07
2021-06-06,,,113.53,133.91,128.9,2021-06-06
2021-06-05,,,113.27,138.49,,2021-06-05
2021-06-04,,,112.85,141.87,,2021-06-04
2021-06-03,,,112.57,143.89,,2021-06-03
2021-06-02,,,112.38,144.57,,2021-06-02
2021-06-01,867,105.860805860806,112.28,144.18,,2021-06-01
2021-05-31,,,112.25,143.09,,2021-05-31
2021-05-30,,,111.68,139.79,126.5,2021-05-30
2021-05-29,,,111.19,136.71,,2021-05-29
2021-05-28,,,110.75,134.21,,2021-05-28
2021-05-27,,,110.47,132.42,,2021-05-27
2021-05-26,,,110.25,131.42,,2021-05-26
2021-05-25,,,109.92,130.92,,2021-05-25
2021-05-24,,,109.48,130.49,,2021-05-24
2021-05-23,,,109.16,130.3,118.4,2021-05-23
2021-05-22,,,108.81,130.31,,2021-05-22
2021-05-21,,,108.58,130.78,,2021-05-21
2021-05-20,,,108.19,131.54,,2021-05-20
2021-05-19,,,107.7,132.49,,2021-05-19
2021-05-18,,,107.46,134.47,,2021-05-18
2021-05-17,,,107.22,136.65,,2021-05-17
2021-05-16,,,106.92,136.48,114.1,2021-05-16
2021-05-15,,,106.65,135.77,,2021-05-15
2021-05-14,,,106.26,134.47,,2021-05-14
2021-05-13,,,105.8,132.59,,2021-05-13
2021-05-12,,,105.21,129.94,,2021-05-12
2021-05-11,,,104.45,126.09,,2021-05-11
2021-05-10,,,103.73,121.6,,2021-05-10
2021-05-09,,,103.22,121.36,106.6,2021-05-09
2021-05-08,,,102.58,121.8,,2021-05-08
2021-05-07,,,102.02,122.55,,2021-05-07
2021-05-06,,,101.6,123.26,,2021-05-06
2021-05-05,,,101.41,124.35,,2021-05-05
2021-05-04,,,101.24,125.83,,2021-05-04
2021-05-03,,,101,128.04,,2021-05-03
2021-05-02,,,100.51,128.8,104.9,2021-05-02
2021-05-01,765,93.4065934065934,100.04,129.65,,2021-05-01
2021-04-30,,,99.57,130.88,,2021-04-30
2021-04-29,,,98.9,132.37,,2021-04-29
2021-04-28,,,98.07,133.46,,2021-04-28
2021-04-27,,,97.28,134.43,,2021-04-27
2021-04-26,,,96.49,134.51,,2021-04-26
2021-04-25,,,95.59,133.31,103.2,2021-04-25
2021-04-24,,,94.67,131.32,,2021-04-24
2021-04-23,,,93.68,128.37,,2021-04-23
2021-04-22,,,92.68,124.79,,2021-04-22
2021-04-21,,,91.76,121.73,,2021-04-21
2021-04-20,,,90.82,118.63,,2021-04-20
2021-04-19,,,89.97,115.69,,2021-04-19
2021-04-18,,,89.23,111.41,99.4,2021-04-18
2021-04-17,,,88.51,107.32,,2021-04-17
2021-04-16,,,87.78,103.46,,2021-04-16
2021-04-15,,,87.2,98.44,,2021-04-15
2021-04-14,,,86.62,93.73,,2021-04-14
2021-04-13,,,86,89.18,,2021-04-13
2021-04-12,,,85.54,84.98,,2021-04-12
2021-04-11,,,85.47,84.89,99.5,2021-04-11
2021-04-10,,,85.41,85.54,,2021-04-10
2021-04-09,,,85.34,86.49,,2021-04-09
2021-04-08,,,85.3,90.45,,2021-04-08
2021-04-07,,,85.21,93.81,,2021-04-07
2021-04-06,,,85.41,97.37,,2021-04-06
2021-04-05,,,85.49,100.72,,2021-04-05
2021-04-04,,,85.2,101.89,96.6,2021-04-04
2021-04-03,,,84.9,102.29,,2021-04-03
2021-04-02,,,84.69,102.56,,2021-04-02
2021-04-01,663,80.9523809523809,84.23,101.05,,2021-04-01
2021-03-31,,,83.53,99.47,,2021-03-31
2021-03-30,,,82.64,97.94,,2021-03-30
2021-03-29,,,81.7,96.33,,2021-03-29
2021-03-28,,,80.76,94.89,95.8,2021-03-28
2021-03-27,,,80.09,94.76,,2021-03-27
2021-03-26,,,79.46,95.02,,2021-03-26
2021-03-25,,,78.71,94.69,,2021-03-25
2021-03-24,,,78.22,94.48,,2021-03-24
2021-03-23,,,77.67,93.83,,2021-03-23
2021-03-22,,,77.2,93.68,,2021-03-22
2021-03-21,,,76.74,93.63,94.1,2021-03-21
2021-03-20,,,76.14,92.93,,2021-03-20
2021-03-19,,,75.46,91.72,,2021-03-19
2021-03-18,,,75,91.31,,2021-03-18
2021-03-17,,,74.55,90.74,,2021-03-17
2021-03-16,,,74.18,90.52,,2021-03-16
2021-03-15,,,73.76,90.04,,2021-03-15
2021-03-14,,,73.29,89.58,93.3,2021-03-14
2021-03-13,,,72.73,88.85,,2021-03-13
2021-03-12,,,72.09,88.33,,2021-03-12
2021-03-11,,,71.46,87.91,,2021-03-11
2021-03-10,,,70.85,87.64,,2021-03-10
2021-03-09,,,70.2,87.38,,2021-03-09
2021-03-08,,,69.41,86.71,,2021-03-08
2021-03-07,,,68.73,85.59,88.4,2021-03-07
2021-03-06,,,68.19,84.49,,2021-03-06
2021-03-05,,,67.71,83.19,,2021-03-05
2021-03-04,,,67.28,81.68,,2021-03-04
2021-03-03,,,66.97,80.19,,2021-03-03
2021-03-02,,,66.64,78.36,,2021-03-02
2021-03-01,628,76.6788766788767,66.51,77.04,,2021-03-01
2021-02-28,,,66.31,75.8,84.7,2021-02-28
2021-02-27,,,66,74.48,,2021-02-27
2021-02-26,,,65.68,73.38,,2021-02-26
2021-02-25,,,65.43,72.74,,2021-02-25
2021-02-24,,,65.15,72.23,,2021-02-24
2021-02-23,,,65.07,72.11,,2021-02-23
2021-02-22,,,65.06,71.96,,2021-02-22
2021-02-21,,,65.09,72.36,84.6,2021-02-21
2021-02-20,,,65.11,72.79,,2021-02-20
2021-02-19,,,65.13,72.84,,2021-02-19
2021-02-18,,,65.03,72.55,,2021-02-18
2021-02-17,,,64.95,72.29,,2021-02-17
2021-02-16,,,64.81,71.79,,2021-02-16
2021-02-15,,,64.65,71.41,,2021-02-15
2021-02-14,,,64.45,70.82,84.5,2021-02-14
2021-02-13,,,64.21,70.14,,2021-02-13
2021-02-12,,,63.95,69.69,,2021-02-12
2021-02-11,,,63.81,69.62,,2021-02-11
2021-02-10,,,63.6,69.36,,2021-02-10
2021-02-09,,,63.34,69.21,,2021-02-09
2021-02-08,,,63.1,69.09,,2021-02-08
2021-02-07,,,62.87,68.9,81.4,2021-02-07
2021-02-06,,,62.72,68.67,,2021-02-06
2021-02-05,,,62.66,68.44,,2021-02-05
2021-02-04,,,62.49,68.01,,2021-02-04
2021-02-03,,,62.39,67.61,,2021-02-03
2021-02-02,,,62.28,67.19,,2021-02-02
2021-02-01,621,75.8241758241758,62.15,66.51,,2021-02-01
2021-01-31,,,62.08,65.94,78.9,2021-01-31
2021-01-30,,,61.94,65.45,,2021-01-30
2021-01-29,,,61.65,64.86,,2021-01-29
2021-01-28,,,61.44,64.18,,2021-01-28
2021-01-27,,,61.26,63.74,,2021-01-27
2021-01-26,,,61.06,63.23,,2021-01-26
2021-01-25,,,60.85,62.86,,2021-01-25
2021-01-24,,,60.64,62.53,73.5,2021-01-24
2021-01-23,,,60.41,62.01,,2021-01-23
2021-01-22,,,60.37,61.65,,2021-01-22
2021-01-21,,,60.23,61.38,,2021-01-21
2021-01-20,,,60.11,60.93,,2021-01-20
2021-01-19,,,59.96,60.75,,2021-01-19
2021-01-18,,,59.77,60.53,,2021-01-18
2021-01-17,,,59.6,60.85,64.4,2021-01-17
2021-01-16,,,59.48,61.6,,2021-01-16
2021-01-15,,,59.35,62.74,,2021-01-15
2021-01-14,,,59.3,62.95,,2021-01-14
2021-01-13,,,59.27,62.97,,2021-01-13
2021-01-12,,,59.26,62.6,,2021-01-12
2021-01-11,,,59.21,62.23,,2021-01-11
2021-01-10,,,59.17,59.92,65.8,2021-01-10
2021-01-09,,,59.32,57.53,,2021-01-09
2021-01-08,,,59.58,55.49,,2021-01-08
2021-01-07,,,60.06,54.72,,2021-01-07
2021-01-06,,,60.9,55.2,,2021-01-06
2021-01-05,,,61.95,57.36,,2021-01-05
2021-01-04,,,63.18,60.12,,2021-01-04
2021-01-03,,,64.57,65.25,67.6,2021-01-03
2021-01-02,,,65.59,68.92,,2021-01-02
2021-01-01,619,75.5799755799756,66.4,70.57,,2021-01-01
2020-12-31,,,66.97,72.99,,2020-12-31
2020-12-30,,,67.18,74.77,,2020-12-30
2020-12-29,,,67.21,74.94,,2020-12-29
2020-12-28,,,67.13,74.46,,2020-12-28
2020-12-27,,,66.91,73.14,76.6,2020-12-27
2020-12-26,,,66.81,73.05,,2020-12-26
2020-12-25,,,66.75,74.31,,2020-12-25
2020-12-24,,,66.68,74.6,,2020-12-24
2020-12-23,,,66.63,74.58,,2020-12-23
2020-12-22,,,66.59,74.78,,2020-12-22
2020-12-21,,,66.56,74.98,,2020-12-21
2020-12-20,,,66.48,74.92,74.8,2020-12-20
2020-12-19,,,66.38,74.72,,2020-12-19
2020-12-18,,,66.2,74.08,,2020-12-18
2020-12-17,,,66.06,73.49,,2020-12-17
2020-12-16,,,65.87,72.87,,2020-12-16
2020-12-15,,,65.62,72.2,,2020-12-15
2020-12-14,,,65.33,71.86,,2020-12-14
2020-12-13,,,65.08,71.67,71.8,2020-12-13
2020-12-12,,,64.87,71.54,,2020-12-12
2020-12-11,,,64.76,71.71,,2020-12-11
2020-12-10,,,64.55,71.85,,2020-12-10
2020-12-09,,,64.3,71.95,,2020-12-09
2020-12-08,,,64.01,71.94,,2020-12-08
2020-12-07,,,63.71,71.56,,2020-12-07
2020-12-06,,,63.46,70.88,77.2,2020-12-06
2020-12-05,,,63.2,70.47,,2020-12-05
2020-12-04,,,62.97,70.14,,2020-12-04
2020-12-03,,,62.84,70.5,,2020-12-03
2020-12-02,,,62.58,69.89,,2020-12-02
2020-12-01,600,73.2600732600733,62.32,69.26,,2020-12-01
2020-11-30,,,62.08,68.85,,2020-11-30
2020-11-29,,,61.71,68.5,79.1,2020-11-29
2020-11-28,,,61.35,68.15,,2020-11-28
2020-11-27,,,60.96,67.73,,2020-11-27
2020-11-26,,,60.47,66.55,,2020-11-26
2020-11-25,,,60.14,66.41,,2020-11-25
2020-11-24,,,59.84,65.92,,2020-11-24
2020-11-23,,,59.57,65.48,,2020-11-23
2020-11-22,,,59.24,64.87,74.4,2020-11-22
2020-11-21,,,58.91,64.2,,2020-11-21
2020-11-20,,,58.46,63.19,,2020-11-20
2020-11-19,,,58.09,61.97,,2020-11-19
2020-11-18,,,57.76,60.64,,2020-11-18
2020-11-17,,,57.47,59.51,,2020-11-17
2020-11-16,,,57.25,58.16,,2020-11-16
2020-11-15,,,57.11,56.99,73.5,2020-11-15
2020-11-14,,,57.04,56,,2020-11-14
2020-11-13,,,57.16,55.41,,2020-11-13
2020-11-12,,,57.19,54.71,,2020-11-12
2020-11-11,,,57.25,54.24,,2020-11-11
2020-11-10,,,57.3,54.07,,2020-11-10
2020-11-09,,,57.33,54.38,,2020-11-09
2020-11-08,,,57.48,55.09,71.9,2020-11-08
2020-11-07,,,57.69,55.88,,2020-11-07
2020-11-06,,,58.01,56.87,,2020-11-06
2020-11-05,,,58.37,58.13,,2020-11-05
2020-11-04,,,58.71,59.39,,2020-11-04
2020-11-03,,,59.03,60.58,,2020-11-03
2020-11-02,,,59.33,61.53,,2020-11-02
2020-11-01,557,68.009768009768,59.52,62.27,75.1,2020-11-01
2020-10-31,,,59.54,62.79,,2020-10-31
2020-10-30,,,59.4,63.05,,2020-10-30
2020-10-29,,,59.23,63.23,,2020-10-29
2020-10-28,,,59.09,63.23,,2020-10-28
2020-10-27,,,59.05,63.27,,2020-10-27
2020-10-26,,,58.98,63.31,,2020-10-26
2020-10-25,,,58.85,62.98,75,2020-10-25
2020-10-24,,,58.73,62.57,,2020-10-24
2020-10-23,,,58.61,62.24,,2020-10-23
2020-10-22,,,58.46,61.83,,2020-10-22
2020-10-21,,,58.32,61.61,,2020-10-21
2020-10-20,,,58.12,61.41,,2020-10-20
2020-10-19,,,57.93,61.14,,2020-10-19
2020-10-18,,,57.79,61.24,70.6,2020-10-18
2020-10-17,,,57.7,61.38,,2020-10-17
2020-10-16,,,57.62,61.48,,2020-10-16
2020-10-15,,,57.61,61.84,,2020-10-15
2020-10-14,,,57.49,62.24,,2020-10-14
2020-10-13,,,57.41,62.6,,2020-10-13
2020-10-12,,,57.34,63.25,,2020-10-12
2020-10-11,,,57.26,63.76,67.6,2020-10-11
2020-10-10,,,57.12,64.39,,2020-10-10
2020-10-09,,,57.03,65.07,,2020-10-09
2020-10-08,,,56.81,65.46,,2020-10-08
2020-10-07,,,56.63,65.76,,2020-10-07
2020-10-06,,,56.53,65.76,,2020-10-06
2020-10-05,,,56.39,65.2,,2020-10-05
2020-10-04,,,56.25,64.72,65.9,2020-10-04
2020-10-03,,,56.05,63.99,,2020-10-03
2020-10-02,,,55.81,63.19,,2020-10-02
2020-10-01,531,64.8351648351648,55.64,62.32,,2020-10-01
2020-09-30,,,55.49,61.37,,2020-09-30
2020-09-29,,,55.29,60.78,,2020-09-29
2020-09-28,,,55.12,60.43,,2020-09-28
2020-09-27,,,55.02,60.18,64,2020-09-27
2020-09-26,,,55,60.07,,2020-09-26
2020-09-25,,,55.01,59.98,,2020-09-25
2020-09-24,,,55.05,60.09,,2020-09-24
2020-09-23,,,55.06,60.33,,2020-09-23
2020-09-22,,,54.98,60.48,,2020-09-22
2020-09-21,,,54.84,60.55,,2020-09-21
2020-09-20,,,54.65,60.48,59.4,2020-09-20
2020-09-19,,,54.42,60.49,,2020-09-19
2020-09-18,,,54.17,60.51,,2020-09-18
2020-09-17,,,53.99,60.57,,2020-09-17
2020-09-16,,,53.76,60.55,,2020-09-16
2020-09-15,,,53.53,60.59,,2020-09-15
2020-09-14,,,53.26,60.64,,2020-09-14
2020-09-13,,,53,59.83,57.5,2020-09-13
2020-09-12,,,52.78,59.03,,2020-09-12
2020-09-11,,,52.56,58.47,,2020-09-11
2020-09-10,,,52.28,57.97,,2020-09-10
2020-09-09,,,51.97,57.57,,2020-09-09
2020-09-08,,,51.66,57.02,,2020-09-08
2020-09-07,,,51.46,56.91,,2020-09-07
2020-09-06,,,51.52,58.99,54,2020-09-06
2020-09-05,,,51.54,61.02,,2020-09-05
2020-09-04,,,51.51,62.55,,2020-09-04
2020-09-03,,,51.46,64,,2020-09-03
2020-09-02,,,51.47,65.07,,2020-09-02
2020-09-01,488,59.5848595848596,51.51,66.08,,2020-09-01
2020-08-31,,,51.5,66.5,,2020-08-31
2020-08-30,,,51.23,65.49,59.3,2020-08-30
2020-08-29,,,50.95,64.34,,2020-08-29
2020-08-28,,,50.71,63.42,,2020-08-28
2020-08-27,,,50.48,62.39,,2020-08-27
2020-08-26,,,50.24,61.58,,2020-08-26
2020-08-25,,,49.98,60.72,,2020-08-25
2020-08-24,,,49.73,59.99,,2020-08-24
2020-08-23,,,49.5,59.25,58.7,2020-08-23
2020-08-22,,,49.26,58.61,,2020-08-22
2020-08-21,,,48.94,57.87,,2020-08-21
2020-08-20,,,48.64,57.11,,2020-08-20
2020-08-19,,,48.32,56.44,,2020-08-19
2020-08-18,,,48,55.97,,2020-08-18
2020-08-17,,,47.73,55.74,,2020-08-17
2020-08-16,,,47.46,55.51,58.5,2020-08-16
2020-08-15,,,47.18,55.35,,2020-08-15
2020-08-14,,,46.99,55.32,,2020-08-14
2020-08-13,,,46.71,55.27,,2020-08-13
2020-08-12,,,46.45,55,,2020-08-12
2020-08-11,,,46.14,54.53,,2020-08-11
2020-08-10,,,45.77,53.83,,2020-08-10
2020-08-09,,,45.41,53.18,58.2,2020-08-09
2020-08-08,,,45.02,52.54,,2020-08-08
2020-08-07,,,44.66,51.97,,2020-08-07
2020-08-06,,,44.43,51.39,,2020-08-06
2020-08-05,,,44.21,51.02,,2020-08-05
2020-08-04,,,44.08,50.86,,2020-08-04
2020-08-03,,,43.94,50.77,,2020-08-03
2020-08-02,,,43.84,50.8,49.2,2020-08-02
2020-08-01,429,52.3809523809524,43.77,50.76,,2020-08-01
2020-07-31,,,43.64,50.6,,2020-07-31
2020-07-30,,,43.41,50.57,,2020-07-30
2020-07-29,,,43.16,50.39,,2020-07-29
2020-07-28,,,42.88,50.13,,2020-07-28
2020-07-27,,,42.66,49.71,,2020-07-27
2020-07-26,,,42.39,49.29,47.4,2020-07-26
2020-07-25,,,42.1,48.83,,2020-07-25
2020-07-24,,,41.76,48.39,,2020-07-24
2020-07-23,,,41.47,47.94,,2020-07-23
2020-07-22,,,41.19,47.61,,2020-07-22
2020-07-21,,,40.98,47.45,,2020-07-21
2020-07-20,,,40.75,47.33,,2020-07-20
2020-07-19,,,40.51,47.22,47.9,2020-07-19
2020-07-18,,,40.29,47.09,,2020-07-18
2020-07-17,,,40.1,46.88,,2020-07-17
2020-07-16,,,39.92,46.62,,2020-07-16
2020-07-15,,,39.73,46.29,,2020-07-15
2020-07-14,,,39.48,45.78,,2020-07-14
2020-07-13,,,39.25,45.46,,2020-07-13
2020-07-12,,,39.01,45.06,43.9,2020-07-12
2020-07-11,,,38.79,44.75,,2020-07-11
2020-07-10,,,38.62,44.61,,2020-07-10
2020-07-09,,,38.39,44.45,,2020-07-09
2020-07-08,,,38.12,44.19,,2020-07-08
2020-07-07,,,37.89,43.92,,2020-07-07
2020-07-06,,,37.79,43.68,,2020-07-06
2020-07-05,,,37.75,43.46,42.8,2020-07-05
2020-07-04,,,37.69,43.1,,2020-07-04
2020-07-03,,,37.62,42.58,,2020-07-03
2020-07-02,,,37.56,41.94,,2020-07-02
2020-07-01,371,45.2991452991453,37.61,41.5,,2020-07-01
2020-06-30,,,37.67,41.14,,2020-06-30
2020-06-29,,,37.64,40.62,,2020-06-29
2020-06-28,,,37.6,40.01,46.5,2020-06-28
2020-06-27,,,37.56,39.46,,2020-06-27
2020-06-26,,,37.54,39,,2020-06-26
2020-06-25,,,37.52,38.67,,2020-06-25
2020-06-24,,,37.44,38.13,,2020-06-24
2020-06-23,,,37.36,37.57,,2020-06-23
2020-06-22,,,37.26,37.02,,2020-06-22
2020-06-21,,,37.19,36.66,44.5,2020-06-21
2020-06-20,,,37.07,36.36,,2020-06-20
2020-06-19,,,36.89,36.03,,2020-06-19
2020-06-18,,,36.75,35.75,,2020-06-18
2020-06-17,,,36.63,35.63,,2020-06-17
2020-06-16,,,36.52,35.59,,2020-06-16
2020-06-15,,,36.42,35.75,,2020-06-15
2020-06-14,,,36.29,35.78,45,2020-06-14
2020-06-13,,,36.15,35.96,,2020-06-13
2020-06-12,,,36.09,36.33,,2020-06-12
2020-06-11,,,35.97,36.71,,2020-06-11
2020-06-10,,,35.72,37.09,,2020-06-10
2020-06-09,,,35.43,37.29,,2020-06-09
2020-06-08,,,35.11,37.34,,2020-06-08
2020-06-07,,,34.8,36.52,40.5,2020-06-07
2020-06-06,,,34.59,35.52,,2020-06-06
2020-06-05,,,34.38,33.27,,2020-06-05
2020-06-04,,,34.19,31.65,,2020-06-04
2020-06-03,,,34.09,30.11,,2020-06-03
2020-06-02,,,34.05,28.54,,2020-06-02
2020-06-01,328,40.04884004884,34.05,26.92,,2020-06-01
2020-05-31,,,34.16,26.61,39.9,2020-05-31
2020-05-30,,,34.21,26.46,,2020-05-30
2020-05-29,,,34.25,27.41,,2020-05-29
2020-05-28,,,34.36,27.62,,2020-05-28
2020-05-27,,,34.86,28.12,,2020-05-27
2020-05-26,,,35.26,28.88,,2020-05-26
2020-05-25,,,35.59,29.52,,2020-05-25
2020-05-24,,,35.76,29.75,39.3,2020-05-24
2020-05-23,,,35.98,29.79,,2020-05-23
2020-05-22,,,36.15,29.82,,2020-05-22
2020-05-21,,,36.39,29.49,,2020-05-21
2020-05-20,,,36.28,28.98,,2020-05-20
2020-05-19,,,36.29,28.47,,2020-05-19
2020-05-18,,,36.44,28.21,,2020-05-18
2020-05-17,,,36.62,28.07,37.9,2020-05-17
2020-05-16,,,36.79,28.07,,2020-05-16
2020-05-15,,,36.98,28.02,,2020-05-15
2020-05-14,,,37.19,29.09,,2020-05-14
2020-05-13,,,37.38,29.93,,2020-05-13
2020-05-12,,,37.56,30.54,,2020-05-12
2020-05-11,,,37.72,30.97,,2020-05-11
2020-05-10,,,37.91,31.37,41.3,2020-05-10
2020-05-09,,,38.01,31.59,,2020-05-09
2020-05-08,,,38.15,31.86,,2020-05-08
2020-05-07,,,38.18,31.38,,2020-05-07
2020-05-06,,,38.36,30.85,,2020-05-06
2020-05-05,,,38.54,30.37,,2020-05-05
2020-05-04,,,38.7,29.92,,2020-05-04
2020-05-03,,,38.83,29.42,41.1,2020-05-03
2020-05-02,,,39.02,29.16,,2020-05-02
2020-05-01,472,57.6312576312576,39.18,29,,2020-05-01
2020-04-30,,,39.37,29.05,,2020-04-30
2020-04-29,,,39.44,29.26,,2020-04-29
2020-04-28,,,39.31,29.32,,2020-04-28
2020-04-27,,,39.23,29.37,,2020-04-27
2020-04-26,,,39.23,28.84,44.5,2020-04-26
2020-04-25,,,39.24,27.99,,2020-04-25
2020-04-24,,,39.3,27.04,,2020-04-24
2020-04-23,,,39.38,25.34,,2020-04-23
2020-04-22,,,39.52,23.57,,2020-04-22
2020-04-21,,,39.9,22.05,,2020-04-21
2020-04-20,,,40.24,20.55,,2020-04-20
2020-04-19,,,40.7,20.06,52.2,2020-04-19
2020-04-18,,,41.21,19.86,,2020-04-18
2020-04-17,,,41.7,19.63,,2020-04-17
2020-04-16,,,42.3,20.44,,2020-04-16
2020-04-15,,,42.92,21.32,,2020-04-15
2020-04-14,,,43.61,22.37,,2020-04-14
2020-04-13,,,44.35,23.7,,2020-04-13
2020-04-12,,,45.05,24.71,61.7,2020-04-12
2020-04-11,,,45.83,25.71,,2020-04-11
2020-04-10,,,46.62,26.78,,2020-04-10
2020-04-09,,,47.43,27.45,,2020-04-09
2020-04-08,,,48.33,28.12,,2020-04-08
2020-04-07,,,49.28,28.72,,2020-04-07
2020-04-06,,,50.52,29.2,,2020-04-06
2020-04-05,,,51.81,29.7,67.8,2020-04-05
2020-04-04,,,53.13,30.06,,2020-04-04
2020-04-03,,,54.46,30.25,,2020-04-03
2020-04-02,,,55.86,30.49,,2020-04-02
2020-04-01,638,77.8998778998779,57.61,31.08,,2020-04-01
2020-03-31,,,59.6,32.08,,2020-03-31
2020-03-30,,,61.55,33.39,,2020-03-30
2020-03-29,,,63.79,35.29,80.2,2020-03-29
2020-03-28,,,66.15,37.5,,2020-03-28
2020-03-27,,,68.61,40.35,,2020-03-27
2020-03-26,,,71.55,44.05,,2020-03-26
2020-03-25,,,74.47,48.09,,2020-03-25
2020-03-24,,,77.52,52.66,,2020-03-24
2020-03-23,,,80.71,58.11,,2020-03-23
2020-03-22,,,83.87,64.14,91.8,2020-03-22
2020-03-21,,,86.96,70.04,,2020-03-21
2020-03-20,,,89.9,75.32,,2020-03-20
2020-03-19,,,92.35,80.27,,2020-03-19
2020-03-18,,,94.4,84.83,,2020-03-18
2020-03-17,,,95.94,88.64,,2020-03-17
2020-03-16,,,96.97,91.39,,2020-03-16
2020-03-15,,,97.41,92.99,94.5,2020-03-15
2020-03-14,,,97.81,94.41,,2020-03-14
2020-03-13,,,98.15,95.99,,2020-03-13
2020-03-12,,,98.37,97.52,,2020-03-12
2020-03-11,,,98.49,98.83,,2020-03-11
2020-03-10,,,98.53,99.89,,2020-03-10
2020-03-09,,,98.46,100.69,,2020-03-09
2020-03-08,,,98.34,101.03,104.7,2020-03-08
2020-03-07,,,98.25,101.18,,2020-03-07
2020-03-06,,,98.24,101.16,,2020-03-06
2020-03-05,,,98.33,100.89,,2020-03-05
2020-03-04,,,98.42,100.29,,2020-03-04
2020-03-03,,,98.48,99.48,,2020-03-03
2020-03-02,,,98.57,98.71,,2020-03-02
2020-03-01,796,97.1916971916972,98.78,98.27,98.6,2020-03-01
2020-02-29,,,98.97,97.76,,2020-02-29
2020-02-28,,,99.03,97.31,,2020-02-28
2020-02-27,,,99.09,97.17,,2020-02-27
2020-02-26,,,99.18,97.55,,2020-02-26
2020-02-25,,,99.26,98.24,,2020-02-25
2020-02-24,,,99.4,99.11,,2020-02-24
2020-02-23,,,99.5,99.94,94.7,2020-02-23
2020-02-22,,,99.6,100.66,,2020-02-22
2020-02-21,,,99.77,101.24,,2020-02-21
2020-02-20,,,99.83,101.52,,2020-02-20
2020-02-19,,,99.89,101.58,,2020-02-19
2020-02-18,,,99.92,101.3,,2020-02-18
2020-02-17,,,99.88,100.9,,2020-02-17
2020-02-16,,,99.93,100.61,104.5,2020-02-16
2020-02-15,,,99.93,100.42,,2020-02-15
2020-02-14,,,99.99,100.42,,2020-02-14
2020-02-13,,,99.97,100.45,,2020-02-13
2020-02-12,,,99.9,100.42,,2020-02-12
2020-02-11,,,99.94,100.71,,2020-02-11
2020-02-10,,,99.99,100.9,,2020-02-10
2020-02-09,,,99.96,101.06,102.1,2020-02-09
2020-02-08,,,99.83,101.19,,2020-02-08
2020-02-07,,,99.64,101.19,,2020-02-07
2020-02-06,,,99.63,100.94,,2020-02-06
2020-02-05,,,99.68,100.83,,2020-02-05
2020-02-04,,,99.65,100.53,,2020-02-04
2020-02-03,,,99.7,100.46,,2020-02-03
2020-02-02,,,99.79,100.2,101.4,2020-02-02
2020-02-01,819,100,100,100,,2020-02-01
2020-01-26,,,,,99.9,2020-01-26
2020-01-19,,,,,94.3,2020-01-19
2020-01-12,,,,,91.3,2020-01-12
2020-01-05,,,,,88.2,2020-01-05
2020-01-01,816,99.6336996336996,,,,2020-01-01
2019-12-29,,,,,83.7,2019-12-29
2019-12-22,,,,,90.7,2019-12-22
2019-12-15,,,,,97.6,2019-12-15
2019-12-08,,,,,104.5,2019-12-08
2019-12-01,810,98.9010989010989,,,102.3,2019-12-01
2019-11-24,,,,,104.4,2019-11-24
2019-11-17,,,,,106.6,2019-11-17
2019-11-10,,,,,108.8,2019-11-10
2019-11-03,,,,,111,2019-11-03
2019-11-01,807,98.5347985347985,,,,2019-11-01
2019-10-27,,,,,111.7,2019-10-27
2019-10-20,,,,,106,2019-10-20
2019-10-13,,,,,108.9,2019-10-13
2019-10-06,,,,,108.2,2019-10-06
2019-10-01,810,98.9010989010989,,,,2019-10-01
2019-09-29,,,,,107.5,2019-09-29
2019-09-22,,,,,103.4,2019-09-22
2019-09-15,,,,,103.7,2019-09-15
2019-09-08,,,,,101.6,2019-09-08
2019-09-01,817,99.7557997557998,,,99.5,2019-09-01
2019-08-25,,,,,104.2,2019-08-25
2019-08-18,,,,,104.3,2019-08-18
2019-08-11,,,,,104.1,2019-08-11
2019-08-04,,,,,101.5,2019-08-04
2019-08-01,816,99.6336996336996,,,,2019-08-01
2019-07-28,,,,,103.7,2019-07-28
2019-07-21,,,,,121.6,2019-07-21
2019-07-14,,,,,122.8,2019-07-14
2019-07-07,,,,,113,2019-07-07
2019-07-01,823,100.4884004884,,,,2019-07-01
2019-06-30,,,,,104.9,2019-06-30
2019-06-23,,,,,114.6,2019-06-23
2019-06-16,,,,,111.1,2019-06-16
2019-06-09,,,,,110,2019-06-09
2019-06-02,,,,,105.4,2019-06-02
2019-06-01,821,100.2442002442,,,,2019-06-01
2019-05-26,,,,,112.6,2019-05-26
2019-05-19,,,,,112.1,2019-05-19
2019-05-12,,,,,102.6,2019-05-12
2019-05-05,,,,,103.6,2019-05-05
2019-05-01,835,101.953601953602,,,,2019-05-01
2019-04-28,,,,,104.2,2019-04-28
2019-04-21,,,,,108.8,2019-04-21
2019-04-14,,,,,111.5,2019-04-14
2019-04-07,,,,,110.6,2019-04-07
2019-04-01,840,102.564102564103,,,,2019-04-01
2019-03-31,,,,,114.8,2019-03-31
2019-03-24,,,,,121.3,2019-03-24
2019-03-17,,,,,110.7,2019-03-17
2019-03-10,,,,,111.9,2019-03-10
2019-03-03,,,,,114.3,2019-03-03
2019-03-01,845,103.174603174603,,,,2019-03-01
2019-02-24,,,,,117.9,2019-02-24
2019-02-17,,,,,121.4,2019-02-17
2019-02-10,,,,,114.8,2019-02-10
2019-02-03,,,,,116.9,2019-02-03
2019-02-01,847,103.418803418803,,,,2019-02-01
2019-01-27,,,,,106.5,2019-01-27
2019-01-20,,,,,105.3,2019-01-20
2019-01-13,,,,,102.6,2019-01-13
2019-01-06,,,,,93.1,2019-01-06
2019-01-01,859,104.884004884005,,,,2019-01-01
2018-12-30,,,,,99.3,2018-12-30
2018-12-23,,,,,105.5,2018-12-23
2018-12-16,,,,,113.1,2018-12-16
2018-12-09,,,,,120.7,2018-12-09
2018-12-02,,,,,121.6,2018-12-02
2018-12-01,856,104.517704517705,,,,2018-12-01
2018-11-25,,,,,123.9,2018-11-25
2018-11-18,,,,,120.1,2018-11-18
2018-11-11,,,,,120.8,2018-11-11
2018-11-04,,,,,118.3,2018-11-04
2018-11-01,861,105.128205128205,,,,2018-11-01
2018-10-28,,,,,121.7,2018-10-28
2018-10-21,,,,,120.1,2018-10-21
2018-10-14,,,,,124.1,2018-10-14
2018-10-07,,,,,124.4,2018-10-07
2018-10-01,862,105.250305250305,,,,2018-10-01
2018-09-30,,,,,122.9,2018-09-30
2018-09-23,,,,,121.4,2018-09-23
2018-09-16,,,,,120,2018-09-16
2018-09-09,,,,,118.6,2018-09-09
2018-09-02,,,,,116.6,2018-09-02
2018-09-01,844,103.052503052503,,,,2018-09-01
2018-08-26,,,,,121.1,2018-08-26
2018-08-19,,,,,121.7,2018-08-19
2018-08-12,,,,,120.5,2018-08-12
2018-08-05,,,,,120.7,2018-08-05
2018-08-01,843,102.930402930403,,,,2018-08-01
2018-07-29,,,,,121.8,2018-07-29
2018-07-22,,,,,118.3,2018-07-22
2018-07-15,,,,,123.9,2018-07-15
2018-07-08,,,,,121.7,2018-07-08
2018-07-01,839,102.442002442002,,,126.4,2018-07-01
2018-06-24,,,,,124.9,2018-06-24
2018-06-17,,,,,124.7,2018-06-17
2018-06-10,,,,,126.7,2018-06-10
2018-06-03,,,,,123,2018-06-03
2018-06-01,829,101.221001221001,,,,2018-06-01
2018-05-27,,,,,128.9,2018-05-27
2018-05-20,,,,,127.7,2018-05-20
2018-05-13,,,,,121,2018-05-13
2018-05-06,,,,,124.9,2018-05-06
2018-05-01,819,100,,,,2018-05-01
2018-04-29,,,,,122.7,2018-04-29
2018-04-22,,,,,118.6,2018-04-22
2018-04-15,,,,,116.2,2018-04-15
2018-04-08,,,,,117.3,2018-04-08
2018-04-01,812,99.1452991452991,,,118.3,2018-04-01
2018-03-25,,,,,121,2018-03-25
2018-03-18,,,,,123.7,2018-03-18
2018-03-11,,,,,109.7,2018-03-11
2018-03-04,,,,,121.5,2018-03-04
2018-03-01,814,99.3894993894994,,,,2018-03-01
2018-02-25,,,,,121.3,2018-02-25
2018-02-18,,,,,122.9,2018-02-18
2018-02-11,,,,,120.6,2018-02-11
2018-02-01,815,99.5115995115995,,,,2018-02-01
2018-01-01,822,100.3663003663,,,,2018-01-01
