date,ONS (private sector average),HMRC (median monthly pay),Indeed (average posted pay)
2026-08-01,NA,3.506038176860148,NA
2026-07-01,2.9,4.378698224852071,4.0094031
2026-06-01,2.9,4.520222045995242,3.977947
2026-05-01,2.9,4.540023894862605,4.0002412000000005
2026-04-01,3,4.714342788653616,4.0101458
2026-03-01,3.1,4.698795180722891,4.0654894
2026-02-01,3.2,4.759983864461477,4.0985097
2026-01-01,3.3,4.495747266099635,4.2555066
2025-12-01,3.4,4.1869918699187,4.4827124000000005
2025-11-01,3.6,2.9850746268656714,4.805909600000001
2025-10-01,3.9,3.4874290348742907,4.9714908
2025-09-01,4.2,5.597014925373134,5.1082938
2025-08-01,4.4,6.470344255495646,5.1875027
2025-07-01,4.6,5.801335559265442,5.3550199
2025-06-01,4.8,5.611390284757118,5.3875435
2025-05-01,4.9,5.637358014303744,5.4522022
2025-04-01,5.2,5.790363482671175,5.4862017
2025-03-01,5.6,5.86734693877551,5.6838397999999994
2025-02-01,5.9,5.7593856655290105,5.8145521
2025-01-01,5.9,5.829404200600086,5.9882705000000005
2024-12-01,6.2,5.62473164448261,6.1328708
2024-11-01,5.9,6.2580368624089155,6.4272135
2024-10-01,5.6,7.544701264718709,6.607160800000001
2024-09-01,5.2,6.021978021978022,6.6187131
2024-08-01,5.1,5.745614035087719,6.662412
2024-07-01,5.2,5.226174791392182,6.663870600000001
2024-06-01,5.4,3.91644908616188,6.906105899999999
2024-05-01,5.6,5.597512216792536,6.7920755
2024-04-01,5.7,6.051098162259077,6.6975128999999995
2024-03-01,5.8,6.4253393665158365,6.4733438
2024-02-01,5.9,6.159420289855073,6.4600725
2024-01-01,6.1,6.045454545454546,6.4600725
2023-12-01,6.2,6.395614435815442,6.4945371000000005
2023-11-01,6.6,6.093678944974989,6.648988
2023-10-01,7.2,6.108283202221194,6.8953107
2023-09-01,7.8,5.912476722532588,7.2755844
2023-08-01,8.1,7.344632768361582,7.505695599999999
2023-07-01,8.1,7.914691943127962,7.6468646
2023-06-01,8.1,9.324452901998097,7.543984099999999
2023-05-01,7.9,7.806513409961687,7.1982613
2023-04-01,7.7,7.673745173745174,6.743906400000001
2023-03-01,7.2,6.660231660231661,6.3410787
2023-02-01,7.1,7.445255474452554,6.2421937
2023-01-01,7.1,7.212475633528265,6.2222136
2022-12-01,7.3,7.567567567567568,6.2987627
2022-11-01,7.3,8.699950568462679,6.2670068
2022-10-01,7,7.033184744923229,6.3988176999999995
2022-09-01,6.7,6.865671641791045,6.304378400000001
2022-08-01,6.4,6.253126563281642,6.356405699999999
2022-07-01,6.1,6.350806451612903,6.3910369
2022-06-01,5.6,6.4303797468354436,6.4972461
2022-05-01,5.4,6.097560975609756,6.0175948
2022-04-01,5.2,5.768249106687085,5.1436698000000005
2022-03-01,5.3,6.310928681375064,4.2469043
2022-02-01,4.9,5.709876543209877,3.7490902999999998
2022-01-01,4.5,6.10134436401241,3.5625439
2021-12-01,4.1,5.549792531120332,3.3683947
2021-11-01,4.3,5.090909090909091,3.2780907
2021-10-01,4.8,5.430809399477806,3.1350015
2021-09-01,5.6,5.456453305351522,2.97219
2021-08-01,6.8,5.488126649076517,2.6118259
2021-07-01,7.8,6.724045185583647,2.0997146
2021-06-01,8.4,7.982504100601422,1.4008339
2021-05-01,7.2,9.272626318711827,1.7082123
2021-04-01,5.7,9.197324414715718,2.4464463999999992
2021-03-01,4.3,5.579631635969664,3.4940545000000003
2021-02-01,4.1,4.3478260869565215,3.6158126999999998
2021-01-01,4.1,4.597079502433748,3.4971037000000003
2020-12-01,3.9,4.4986449864498645,3.4438631999999996
2020-11-01,3.3,4.904632152588556,3.4384778
2020-10-01,2.4,4.644808743169399,3.4372012
2020-09-01,1.4,4.324028461959497,3.3261758
2020-08-01,0.1,3.7787513691128147,3.3263393000000003
2020-07-01,-0.9,2.086765513454146,3.5648201
2020-06-01,-1.2,0.7713498622589532,3.9392717
2020-05-01,-0.1,-0.49723756906077343,3.6211381
2020-04-01,1.3,-0.7743362831858407,2.7429288
2020-03-01,2.5,2.384914032168608,1.6808528999999999
2020-02-01,2.9,4.0201005025125625,2.1024127
2020-01-01,3,3.411633109619687,2.8132581
2019-12-01,3.2,3.709949409780776,3.570116
2019-11-01,3.3,3.2639279684862124,3.6653884999999997
2019-10-01,3.5,3.2731376975169297,3.7853126
2019-09-01,3.7,3.395585738539898,3.8919086999999997
2019-08-01,3.9,2.815315315315315,3.9030334
2019-07-01,3.9,3.465909090909091,4.0489315999999995
2019-06-01,3.9,3.477765108323831,4.2583278
2019-05-01,3.7,3.606182026330853,4.6294008
2019-04-01,3.6,4.387990762124711,5.0344782
2019-03-01,3.7,4.340277777777778,5.2516537
2019-02-01,3.6,3.6458333333333335,NA
2019-01-01,3.6,3.5921205098493627,NA
2018-12-01,3.5,3.37013364323068,NA
2018-11-01,3.4,3.5547785547785544,NA
2018-10-01,3.4,3.5651665692577437,NA
2018-09-01,3.3,3.6363636363636362,NA
2018-08-01,3.2,4.470588235294118,NA
2018-07-01,3,3.651354534746761,NA
2018-06-01,2.8,3.664302600472813,NA
2018-05-01,2.9,3.311649911295092,NA
2018-04-01,3,2.485207100591716,NA
2018-03-01,3,2.6128266033254155,NA
2018-02-01,2.9,2.9797377830750893,NA
2018-01-01,2.7,3.2296650717703352,NA
2017-12-01,2.6,2.9922202274087373,NA
2017-11-01,2.4,2.877697841726619,NA
2017-10-01,2.4,2.5164769322947875,NA
2017-09-01,2.4,2.4639423076923075,NA
2017-08-01,2.3,2.347983142685129,NA
2017-07-01,2.3,2.289156626506024,NA
2017-06-01,2.2,2.1739130434782608,NA
2017-05-01,2.2,2.175226586102719,NA
2017-04-01,2,2.3622047244094486,NA
2017-03-01,2.1,2.3086269744835968,NA
2017-02-01,2.2,2.130249543517955,NA
2017-01-01,2.6,1.951219512195122,NA
2016-12-01,2.8,2.578268876611418,NA
2016-11-01,3,2.0183486238532113,NA
2016-10-01,2.8,2.707692307692308,NA
2016-09-01,2.6,2.7160493827160495,NA
2016-08-01,2.4,2.5308641975308643,NA
2016-07-01,2.4,2.6592455163883733,NA
2016-06-01,2.5,2.3485784919653896,NA
2016-05-01,2.4,2.4133663366336635,NA
2016-04-01,2.5,2.292441140024783,NA
2016-03-01,2.5,1.4796547472256474,NA
2016-02-01,2.5,1.4197530864197532,NA
2016-01-01,2.4,1.3597033374536465,NA
2015-12-01,2.2,0.7421150278293136,NA
2015-11-01,2,1.48975791433892,NA
2015-10-01,2.2,1.499063085571518,NA
2015-09-01,2.8,0.997506234413965,NA
2015-08-01,3.2,1.1867582760774515,NA
2015-07-01,3.2,1.1889862327909888,NA
2015-06-01,3.2,NA,NA
2015-05-01,3.3,NA,NA
2015-04-01,3.1,NA,NA
2015-03-01,2.7,NA,NA
2015-02-01,2.1,NA,NA
2015-01-01,1.9,NA,NA
2014-12-01,2,NA,NA
2014-11-01,2.1,NA,NA
2014-10-01,1.9,NA,NA
2014-09-01,1.4,NA,NA
2014-08-01,1,NA,NA
2014-07-01,0.9,NA,NA
2014-06-01,0.8,NA,NA
2014-05-01,0.8,NA,NA
2014-04-01,0.9,NA,NA
2014-03-01,1.4,NA,NA
2014-02-01,1.6,NA,NA
2014-01-01,1.4,NA,NA
2013-12-01,1.2,NA,NA
2013-11-01,1,NA,NA
2013-10-01,1,NA,NA
2013-09-01,1,NA,NA
2013-08-01,1,NA,NA
2013-07-01,1.1,NA,NA
2013-06-01,1.1,NA,NA
2013-05-01,1,NA,NA
2013-04-01,0.9,NA,NA
2013-03-01,0.8,NA,NA
2013-02-01,1,NA,NA
2013-01-01,1.2,NA,NA
2012-12-01,1.3,NA,NA
2012-11-01,1.5,NA,NA
2012-10-01,1.7,NA,NA
2012-09-01,1.8,NA,NA
2012-08-01,2,NA,NA
2012-07-01,2,NA,NA
2012-06-01,2,NA,NA
2012-05-01,2,NA,NA
2012-04-01,2,NA,NA
2012-03-01,1.8,NA,NA
2012-02-01,1.8,NA,NA
2012-01-01,1.8,NA,NA
2011-12-01,2.1,NA,NA
2011-11-01,1.9,NA,NA
2011-10-01,1.7,NA,NA
2011-09-01,1.6,NA,NA
2011-08-01,1.7,NA,NA
2011-07-01,2,NA,NA
2011-06-01,2,NA,NA
2011-05-01,1.8,NA,NA
2011-04-01,1.6,NA,NA
2011-03-01,1.7,NA,NA
2011-02-01,1.8,NA,NA
2011-01-01,1.9,NA,NA
2010-12-01,1.9,NA,NA
2010-11-01,2,NA,NA
2010-10-01,2,NA,NA
2010-09-01,2,NA,NA
2010-08-01,1.6,NA,NA
2010-07-01,1,NA,NA
2010-06-01,0.6,NA,NA
2010-05-01,0.8,NA,NA
2010-04-01,0.9,NA,NA
2010-03-01,1,NA,NA
2010-02-01,0.7,NA,NA
2010-01-01,0.5,NA,NA
2009-12-01,0.2,NA,NA
2009-11-01,0.2,NA,NA
2009-10-01,0.3,NA,NA
2009-09-01,0.5,NA,NA
2009-08-01,0.8,NA,NA
2009-07-01,1.3,NA,NA
2009-06-01,1.6,NA,NA
2009-05-01,1.9,NA,NA
2009-04-01,2,NA,NA
2009-03-01,2.5,NA,NA
2009-02-01,2.8,NA,NA
2009-01-01,3,NA,NA
2008-12-01,3.2,NA,NA
2008-11-01,3.2,NA,NA
2008-10-01,3.3,NA,NA
2008-09-01,3.1,NA,NA
2008-08-01,3.3,NA,NA
2008-07-01,3.5,NA,NA
2008-06-01,4.1,NA,NA
2008-05-01,4.2,NA,NA
2008-04-01,4.5,NA,NA
2008-03-01,4.4,NA,NA
2008-02-01,4.3,NA,NA
2008-01-01,4.4,NA,NA
2007-12-01,4.2,NA,NA
2007-11-01,4.5,NA,NA
2007-10-01,4.7,NA,NA
2007-09-01,5,NA,NA
2007-08-01,4.9,NA,NA
2007-07-01,4.7,NA,NA
2007-06-01,4.4,NA,NA
2007-05-01,4.3,NA,NA
2007-04-01,4.2,NA,NA
2007-03-01,4.1,NA,NA
2007-02-01,4.1,NA,NA
2007-01-01,4.2,NA,NA
2006-12-01,4.4,NA,NA
2006-11-01,4.2,NA,NA
2006-10-01,3.9,NA,NA
2006-09-01,3.7,NA,NA
2006-08-01,3.9,NA,NA
2006-07-01,4.2,NA,NA
2006-06-01,4.3,NA,NA
2006-05-01,4.1,NA,NA
2006-04-01,4,NA,NA
2006-03-01,4,NA,NA
2006-02-01,3.8,NA,NA
2006-01-01,3.8,NA,NA
2005-12-01,3.8,NA,NA
2005-11-01,4.1,NA,NA
2005-10-01,4.2,NA,NA
2005-09-01,4.2,NA,NA
2005-08-01,4.1,NA,NA
2005-07-01,3.9,NA,NA
2005-06-01,3.9,NA,NA
2005-05-01,4,NA,NA
2005-04-01,4.1,NA,NA
2005-03-01,4.1,NA,NA
2005-02-01,4.1,NA,NA
2005-01-01,3.8,NA,NA
2004-12-01,3.8,NA,NA
2004-11-01,3.6,NA,NA
2004-10-01,3.7,NA,NA
2004-09-01,3.7,NA,NA
2004-08-01,3.7,NA,NA
2004-07-01,3.4,NA,NA
2004-06-01,3.3,NA,NA
2004-05-01,3.2,NA,NA
2004-04-01,3,NA,NA
2004-03-01,3,NA,NA
2004-02-01,3.3,NA,NA
2004-01-01,3.5,NA,NA
2003-12-01,3.6,NA,NA
2003-11-01,3.2,NA,NA
2003-10-01,3,NA,NA
2003-09-01,2.7,NA,NA
2003-08-01,2.5,NA,NA
2003-07-01,2.6,NA,NA
2003-06-01,2.6,NA,NA
2003-05-01,2.7,NA,NA
2003-04-01,2.5,NA,NA
2003-03-01,2.7,NA,NA
2003-02-01,2.7,NA,NA
2003-01-01,2.8,NA,NA
2002-12-01,2.7,NA,NA
2002-11-01,3,NA,NA
2002-10-01,3.2,NA,NA
2002-09-01,3.5,NA,NA
2002-08-01,4,NA,NA
2002-07-01,4.3,NA,NA
2002-06-01,4.4,NA,NA
2002-05-01,4.5,NA,NA
2002-04-01,4.8,NA,NA
2002-03-01,4.9,NA,NA
2002-02-01,4.7,NA,NA
2002-01-01,4.4,NA,NA
2001-12-01,4.5,NA,NA
2001-11-01,4.5,NA,NA
2001-10-01,4.7,NA,NA
2001-09-01,5,NA,NA
2001-08-01,5.1,NA,NA
2001-07-01,4.8,NA,NA
2001-06-01,4.8,NA,NA
2001-05-01,4.8,NA,NA
2001-04-01,4.5,NA,NA
2001-03-01,4.1,NA,NA
2001-02-01,NA,NA,NA
2001-01-01,NA,NA,NA
2000-12-01,NA,NA,NA
2000-11-01,NA,NA,NA
2000-10-01,NA,NA,NA
2000-09-01,NA,NA,NA
2000-08-01,NA,NA,NA
2000-07-01,NA,NA,NA
2000-06-01,NA,NA,NA
2000-05-01,NA,NA,NA
2000-04-01,NA,NA,NA
2000-03-01,NA,NA,NA
2000-02-01,NA,NA,NA
2000-01-01,NA,NA,NA
