date,Personal consumption expenditures,Goods,Services (excl. housing),Housing
2026-08-01,3.419031824505426,1.1061176886014061,1.7880422802471758,0.46831264810329354
2026-07-01,3.3615431894473002,1.0318168403211079,1.7992820202476205,0.494389747981531
2026-06-01,3.453010336936787,1.068804430329646,1.8411515644260847,0.49460957759822577
2026-05-01,3.8233339662046806,1.3889018379681084,1.880557898611617,0.5060162872363078
2026-04-01,3.5739479879203886,1.2773694705711522,1.770785919428011,0.5016216974147519
2026-03-01,3.3654037133845427,1.0623003584294193,1.7743188915504358,0.46992495623268404
2026-02-01,2.8011449471257137,0.5096367019541942,1.7707614607062807,0.4881240173806668
2026-01-01,2.7283672053770016,0.36887506909348,1.829069636816116,0.5056465761216471
2025-12-01,2.77715547590093,0.510902791865248,1.749378190469032,0.5204000466624968
2025-11-01,2.7104423018304837,0.4557556181855969,1.741571941412261,0.5232822038390864
2025-10-01,2.6574123166401624,0.4041651633690965,1.7417829600013075,0.5438845025858543
2025-09-01,2.7830135485637864,0.4533517516514878,1.7993596525586002,0.5884272216598055
2025-08-01,2.694303863880341,0.29091331917334146,1.8572405574273159,0.6181525588668537
2025-07-01,2.590924891472189,0.19648072767307437,1.8532050252825818,0.6323820704640688
2025-06-01,2.612061147817074,0.1874375689971864,1.875570703908328,0.6525771546528223
2025-05-01,2.4633416822702636,0.009714511276929617,1.9040902068891867,0.6543723642235315
2025-04-01,2.331108209167075,-0.11815921169258839,1.898983539392488,0.6759196015330211
2025-03-01,2.25520541379282,-0.08569715065256234,1.81260790252279,0.6840553134466729
2025-02-01,2.574767765245118,0.08947017440061655,1.9236066211022167,0.6939204075790194
2025-01-01,2.6324403057133026,0.1395102083832132,1.934033689223949,0.7170306306979481
2024-12-01,2.647831800262803,-0.042963779788781194,2.083189898407129,0.7363108810629087
2024-11-01,2.4910388371863603,-0.16105184668219782,2.062996269335423,0.757326218885148
2024-10-01,2.4062785359954564,-0.32350850581990837,2.134422020041973,0.7979592375837419
2024-09-01,2.25941698310585,-0.36136768466450614,2.0451003368562866,0.8028964366147975
2024-08-01,2.4366649027649183,-0.2614765403372149,2.1124110410368027,0.8331731495645496
2024-07-01,2.5959807914009136,-0.03250499336353601,2.0418472338175118,0.8266096597083287
2024-06-01,2.569554023752187,-0.09661525086482554,2.078907992868216,0.8423015342487683
2024-05-01,2.697100616836896,-0.03605008115922126,2.128549293334346,0.8746501342524539
2024-04-01,2.838529936773273,0.042606656997699444,2.180121144739809,0.8915259531140646
2024-03-01,2.9515573249473173,0.05233423947495099,2.262662027833634,0.9189453571929046
2024-02-01,2.807194063639793,-0.03540557331572772,2.2273186843031696,0.9329503611473904
2024-01-01,2.7476500361532907,-0.10594017066835197,2.2346458455145632,0.9772095288694747
2023-12-01,2.8621633494407503,0.09630302614612274,2.149243118820092,1.0021950750238837
2023-11-01,2.8886576834910818,-0.0033538386069746555,2.2541864653027575,1.0583346816422041
2023-10-01,3.1000322301572503,0.17179596382915857,2.2732458362844676,1.087099233848745
2023-09-01,3.4916927378587834,0.37334116255166483,2.411679323602462,1.1214222694809033
2023-08-01,3.438130751599326,0.28853969374559885,2.4377726216702627,1.165116272798583
2023-07-01,3.361337333904837,-0.031114028798672644,2.648561300915902,1.2175621560705958
2023-06-01,3.345578137874207,-0.09191214041889655,2.694076304346182,1.247998962569288
2023-05-01,4.097018223412284,0.40911987830319485,2.8669188117563653,1.286373981444236
2023-04-01,4.53229631696428,0.7386370015330198,2.935863687041567,1.2941028421064902
2023-03-01,4.491151409220009,0.636861257627941,3.001155547477754,1.28283313825293
2023-02-01,5.199788303784066,1.208885811952005,3.0765541886732413,1.2736201523812236
2023-01-01,5.5556541649656594,1.5105910358749692,3.113522473956283,1.22784618652164
2022-12-01,5.606309328384846,1.618429545991063,3.066615438092286,1.2066524259493836
2022-11-01,6.089648674114956,2.09127882071239,3.0732828169990545,1.1346486069205415
2022-10-01,6.505871725383919,2.5042444634401155,3.07887559052557,1.0813682837761245
2022-09-01,6.693164041183112,2.721577221020959,3.057123317042266,1.044608288403631
2022-08-01,6.683455141014062,2.9287849397526204,2.898332255360759,0.9797966382684585
2022-07-01,6.85952987303274,3.28592054289262,2.769683359165582,0.910623857555814
2022-06-01,7.218316339676808,3.6370961097046894,2.796640080896387,0.8437298551571136
2022-05-01,6.784554312522549,3.3618251954473597,2.666700176900222,0.7786737085574764
2022-04-01,6.633938616310103,3.3240009304139306,2.5840341647513543,0.7266185898113756
2022-03-01,6.920266494734571,3.6742244923965006,2.545045345330109,0.6835583377624109
2022-02-01,6.509709604381772,3.2731764718163907,2.519112912062947,0.6505100980816819
2022-01-01,6.2348559845377824,3.032675610731666,2.4942294465086645,0.6094343848710985
2021-12-01,6.044522653951311,2.8819029665263844,2.4569006718193442,0.5620859756826444
2021-11-01,5.868437553440125,2.8344168463175072,2.364784863403659,0.5192979476997098
2021-10-01,5.277172827647865,2.4914290493709306,2.167654407902078,0.4609241302584541
2021-09-01,4.655567929790486,2.0418356222718983,2.0229851132574255,0.42478560481811245
2021-08-01,4.509392581291121,1.8539291014296255,2.054618852952322,0.37447910270467416
2021-07-01,4.383331102143857,1.8303611715546524,1.9723908494289066,0.3545565438276178
2021-06-01,4.217895847319469,1.838501138464869,1.8436889397195755,0.34281225954360717
2021-05-01,3.970483538896702,1.7487190851858592,1.719921683836381,0.3132997373922068
2021-04-01,3.5776883221941906,1.435393124749597,1.6549359394620116,0.3048026941513605
2021-03-01,2.6354403429525033,0.8657069225423338,1.3512276087432726,0.3018561311871934
2021-02-01,1.7863119543285642,0.3040934178899118,1.1174210507845466,0.32209971700344076
2021-01-01,1.507321274763138,0.15686540200606716,1.0049619070379847,0.31799220842469794
2020-12-01,1.3345221317840565,-0.023493022779943584,1.0115500559135342,0.35319122881500237
2020-11-01,1.1862647081442694,-0.1712230043202157,1.015007641058024,0.3740518659379198
2020-10-01,1.187486166844688,-0.19732847203812423,1.0353983796983053,0.40768208012135987
2020-09-01,1.2763537157895732,-0.14940257836546988,1.059525865978025,0.4056293255925771
2020-08-01,1.1575190508343811,-0.16940370391262674,0.9760083446688029,0.44613103454176417
2020-07-01,0.9225840072571492,-0.38336165954722967,0.9474041298101523,0.46601017414000423
2020-06-01,0.7595377063120882,-0.502353558751943,0.9092475557937367,0.4794804009485381
2020-05-01,0.49016290423936854,-0.7584656650920627,0.8823967107369842,0.5434769207775016
2020-04-01,0.46246130030959215,-0.6806694481105897,0.8405121392683939,0.5916472870819839
2020-03-01,1.1662090444265474,-0.31683416396553066,1.1130415653570518,0.5477867601655262
2020-02-01,1.6890972033140095,0.08650571484484304,1.2594451388511276,0.518887425297911
2020-01-01,1.7944821136310487,0.22058834055024923,1.2379508529417895,0.5266418432200018
2019-12-01,1.5637627676458932,0.12865116643842123,1.1248195127031095,0.5154325984399682
2019-11-01,1.3582773068303668,-0.07553280482904962,1.125281381065092,0.5128218054010332
2019-10-01,1.2885618207515013,-0.2193986885450616,1.1870290540076487,0.5234589965143401
2019-09-01,1.28395399246226,-0.21924489533855818,1.1802669746485108,0.5369656004353998
2019-08-01,1.4304164057608049,-0.13619089826742817,1.2248395815298823,0.5236756860119696
2019-07-01,1.4539295260287648,-0.11733781945932345,1.2257323336737431,0.5309603611411481
2019-06-01,1.4260651383430185,-0.1366648479508591,1.2179265304328328,0.5379163890437184
2019-05-01,1.465553604535957,-0.09568945647391183,1.215497845813928,0.5239440099135169
2019-04-01,1.5663384627478665,-0.06638047700168556,1.2741751386041396,0.5242475247634638
2019-03-01,1.5218076513927759,-0.03344705271542541,1.2139907265216385,0.5186928675966622
2019-02-01,1.400173542636272,-0.20871598707094924,1.2648275858635036,0.5167378888566125
2019-01-01,1.4318323303589937,-0.2535626349612066,1.32694887950363,0.49817499402692345
