date,id,Value
2025-06-01,Weighted median,4.083952534102249
2025-06-01,Prop. increasing,0.7590361445783133
2025-06-01,Volatility,2.336922674806602
2025-06-01,Excl. energy & food,3.660009786531291
2025-05-01,Weighted median,3.981375308384575
2025-05-01,Prop. increasing,0.7349397590361446
2025-05-01,Volatility,2.410627726376886
2025-05-01,Excl. energy & food,3.538446210559406
2025-04-01,Weighted median,3.9095740970662423
2025-04-01,Prop. increasing,0.7108433734939759
2025-04-01,Volatility,2.370597016461034
2025-04-01,Excl. energy & food,3.8255446916621936
2025-03-01,Weighted median,3.489556972703035
2025-03-01,Prop. increasing,0.7108433734939759
2025-03-01,Volatility,2.126974560171282
2025-03-01,Excl. energy & food,3.3844576010442586
2025-02-01,Weighted median,3.8849086501347525
2025-02-01,Prop. increasing,0.6987951807228916
2025-02-01,Volatility,2.2351295751637577
2025-02-01,Excl. energy & food,3.5296600894337025
2025-01-01,Weighted median,3.529085833220872
2025-01-01,Prop. increasing,0.7590361445783133
2025-01-01,Volatility,2.2832089450810664
2025-01-01,Excl. energy & food,3.7402147830533847
2024-12-01,Weighted median,3.647712207529875
2024-12-01,Prop. increasing,0.6867469879518072
2024-12-01,Volatility,2.3598364401564176
2024-12-01,Excl. energy & food,3.2067767023581375
2024-11-01,Weighted median,3.850453978992332
2024-11-01,Prop. increasing,0.6867469879518072
2024-11-01,Volatility,2.425745091930346
2024-11-01,Excl. energy & food,3.5291258711108635
2024-10-01,Weighted median,4.066627042014295
2024-10-01,Prop. increasing,0.6746987951807228
2024-10-01,Volatility,2.429951083053116
2024-10-01,Excl. energy & food,3.30581097141427
2024-09-01,Weighted median,3.463531122919432
2024-09-01,Prop. increasing,0.6746987951807228
2024-09-01,Volatility,2.386142107853106
2024-09-01,Excl. energy & food,3.160800119186712
2024-08-01,Weighted median,3.7057430726166425
2024-08-01,Prop. increasing,0.6987951807228916
2024-08-01,Volatility,2.6201901060654658
2024-08-01,Excl. energy & food,3.5878043015835512
2024-07-01,Weighted median,3.930656358472713
2024-07-01,Prop. increasing,0.7108433734939759
2024-07-01,Volatility,2.827765604192722
2024-07-01,Excl. energy & food,3.2861516126996086
2024-06-01,Weighted median,4.4557909775562905
2024-06-01,Prop. increasing,0.7349397590361446
2024-06-01,Volatility,3.056288141624342
2024-06-01,Excl. energy & food,3.5197277296291922
2024-05-01,Weighted median,4.463678516228734
2024-05-01,Prop. increasing,0.7349397590361446
2024-05-01,Volatility,3.2962744656669987
2024-05-01,Excl. energy & food,3.485716098535917
2024-04-01,Weighted median,4.482450114695548
2024-04-01,Prop. increasing,0.7710843373493976
2024-04-01,Volatility,3.356997401342172
2024-04-01,Excl. energy & food,3.8555026065820104
2024-03-01,Weighted median,5.357085918071675
2024-03-01,Prop. increasing,0.7590361445783133
2024-03-01,Volatility,3.297806077134713
2024-03-01,Excl. energy & food,4.237329316293296
2024-02-01,Weighted median,5.667543599839713
2024-02-01,Prop. increasing,0.7831325301204819
2024-02-01,Volatility,3.6831073933386045
2024-02-01,Excl. energy & food,4.478367760326047
2024-01-01,Weighted median,6.509753075231885
2024-01-01,Prop. increasing,0.8072289156626506
2024-01-01,Volatility,3.940535984299692
2024-01-01,Excl. energy & food,5.0532684249241715
2023-12-01,Weighted median,6.298795818446473
2023-12-01,Prop. increasing,0.8433734939759037
2023-12-01,Volatility,4.088643025766954
2023-12-01,Excl. energy & food,5.136293249653844
2023-11-01,Weighted median,6.353843021660424
2023-11-01,Prop. increasing,0.8433734939759037
2023-11-01,Volatility,4.250402941720819
2023-11-01,Excl. energy & food,5.086826149993408
2023-10-01,Weighted median,6.41656918487082
2023-10-01,Prop. increasing,0.8795180722891566
2023-10-01,Volatility,4.281797828644481
2023-10-01,Excl. energy & food,5.660751462278183
2023-09-01,Weighted median,7.565950079305317
2023-09-01,Prop. increasing,0.9036144578313253
2023-09-01,Volatility,4.194439118331696
2023-09-01,Excl. energy & food,6.061059687466224
2023-08-01,Weighted median,6.970241196368243
2023-08-01,Prop. increasing,0.9397590361445783
2023-08-01,Volatility,4.178179566767192
2023-08-01,Excl. energy & food,6.227351471683588
2023-07-01,Weighted median,6.934440687931796
2023-07-01,Prop. increasing,0.9397590361445783
2023-07-01,Volatility,4.086585430063787
2023-07-01,Excl. energy & food,6.901030684367675
2023-06-01,Weighted median,7.931121620158114
2023-06-01,Prop. increasing,0.9397590361445783
2023-06-01,Volatility,3.9865844746215213
2023-06-01,Excl. energy & food,6.885437287447334
2023-05-01,Weighted median,8.149765404162718
2023-05-01,Prop. increasing,0.9397590361445783
2023-05-01,Volatility,3.9816602169327076
2023-05-01,Excl. energy & food,7.123983653494877
2023-04-01,Weighted median,8.263127792119462
2023-04-01,Prop. increasing,0.963855421686747
2023-04-01,Volatility,3.870301602555874
2023-04-01,Excl. energy & food,6.773438967336552
2023-03-01,Weighted median,6.758613719159857
2023-03-01,Prop. increasing,0.927710843373494
2023-03-01,Volatility,3.5846659218975003
2023-03-01,Excl. energy & food,6.187703712622234
2023-02-01,Weighted median,7.358087930661376
2023-02-01,Prop. increasing,0.927710843373494
2023-02-01,Volatility,3.7750344528155906
2023-02-01,Excl. energy & food,6.196601583845818
2023-01-01,Weighted median,7.156880009697245
2023-01-01,Prop. increasing,0.9397590361445783
2023-01-01,Volatility,3.8625057580635618
2023-01-01,Excl. energy & food,5.803907165468633
2022-12-01,Weighted median,6.859840770227746
2022-12-01,Prop. increasing,0.9518072289156626
2022-12-01,Volatility,3.875568334713443
2022-12-01,Excl. energy & food,6.350368143597784
2022-11-01,Weighted median,7.805482566482171
2022-11-01,Prop. increasing,0.9518072289156626
2022-11-01,Volatility,3.882878113929348
2022-11-01,Excl. energy & food,6.312618230224899
2022-10-01,Weighted median,7.887923062696502
2022-10-01,Prop. increasing,0.963855421686747
2022-10-01,Volatility,3.8703764069236724
2022-10-01,Excl. energy & food,6.48907344195375
2022-09-01,Weighted median,8.199971072938727
2022-09-01,Prop. increasing,0.9397590361445783
2022-09-01,Volatility,3.8000709752982185
2022-09-01,Excl. energy & food,6.535125413096822
2022-08-01,Weighted median,7.4226058035061175
2022-08-01,Prop. increasing,0.9518072289156626
2022-08-01,Volatility,3.848762135778519
2022-08-01,Excl. energy & food,6.259670964873278
2022-07-01,Weighted median,7.018634271911255
2022-07-01,Prop. increasing,0.963855421686747
2022-07-01,Volatility,3.792653826426466
2022-07-01,Excl. energy & food,6.158447047025536
2022-06-01,Weighted median,6.946270877891265
2022-06-01,Prop. increasing,0.963855421686747
2022-06-01,Volatility,3.727256356902982
2022-06-01,Excl. energy & food,5.8160040820345715
2022-05-01,Weighted median,7.014194672439272
2022-05-01,Prop. increasing,0.963855421686747
2022-05-01,Volatility,3.618695464611378
2022-05-01,Excl. energy & food,5.90622384984298
2022-04-01,Weighted median,6.877133552763684
2022-04-01,Prop. increasing,0.963855421686747
2022-04-01,Volatility,3.4274057544003784
2022-04-01,Excl. energy & food,6.188127787649122
2022-03-01,Weighted median,5.976854765401016
2022-03-01,Prop. increasing,0.963855421686747
2022-03-01,Volatility,3.0851377618484834
2022-03-01,Excl. energy & food,5.711064847223104
2022-02-01,Weighted median,4.514285238170617
2022-02-01,Prop. increasing,0.9518072289156626
2022-02-01,Volatility,3.0509793278774278
2022-02-01,Excl. energy & food,5.191653208514674
2022-01-01,Weighted median,4.343019583070123
2022-01-01,Prop. increasing,0.963855421686747
2022-01-01,Volatility,3.1035770459895837
2022-01-01,Excl. energy & food,4.3728265929191394
2021-12-01,Weighted median,4.081507395814155
2021-12-01,Prop. increasing,0.963855421686747
2021-12-01,Volatility,3.025737891906324
2021-12-01,Excl. energy & food,4.195416908773964
2021-11-01,Weighted median,3.8495764089532853
2021-11-01,Prop. increasing,0.927710843373494
2021-11-01,Volatility,2.9455429619339273
2021-11-01,Excl. energy & food,3.976615642386884
2021-10-01,Weighted median,2.616912297286759
2021-10-01,Prop. increasing,0.8554216867469879
2021-10-01,Volatility,2.7883826436574277
2021-10-01,Excl. energy & food,3.383417615600114
2021-09-01,Weighted median,2.30428066105014
2021-09-01,Prop. increasing,0.8674698795180723
2021-09-01,Volatility,2.6147949114190654
2021-09-01,Excl. energy & food,2.901034781419521
2021-08-01,Weighted median,2.1386141984239146
2021-08-01,Prop. increasing,0.8192771084337349
2021-08-01,Volatility,2.557805116644247
2021-08-01,Excl. energy & food,3.121618399574488
2021-07-01,Weighted median,1.7746383304480893
2021-07-01,Prop. increasing,0.7108433734939759
2021-07-01,Volatility,2.476140721186583
2021-07-01,Excl. energy & food,1.8484912043918773
2021-06-01,Weighted median,2.4890200575612784
2021-06-01,Prop. increasing,0.7469879518072289
2021-06-01,Volatility,2.4267122932915917
2021-06-01,Excl. energy & food,2.317295450590316
2021-05-01,Weighted median,1.721685689201052
2021-05-01,Prop. increasing,0.7228915662650602
2021-05-01,Volatility,2.359621925488359
2021-05-01,Excl. energy & food,2.0064065497333727
2021-04-01,Weighted median,1.2918092890747273
2021-04-01,Prop. increasing,0.7228915662650602
2021-04-01,Volatility,2.2137311727467104
2021-04-01,Excl. energy & food,1.25480764817654
2021-03-01,Weighted median,1.219130888447575
2021-03-01,Prop. increasing,0.6385542168674698
2021-03-01,Volatility,1.9610247610308607
2021-03-01,Excl. energy & food,1.1187718330575462
2021-02-01,Weighted median,1.3399795595715494
2021-02-01,Prop. increasing,0.6024096385542169
2021-02-01,Volatility,2.031484641277242
2021-02-01,Excl. energy & food,0.8762322015334046
2021-01-01,Weighted median,1.141544379541242
2021-01-01,Prop. increasing,0.6626506024096386
2021-01-01,Volatility,2.066280508547157
2021-01-01,Excl. energy & food,1.4368906870596576
2020-12-01,Weighted median,1.3345298492212239
2020-12-01,Prop. increasing,0.6024096385542169
2020-12-01,Volatility,2.1280350119117886
2020-12-01,Excl. energy & food,1.4049236774751979
2020-11-01,Weighted median,1.116748418017746
2020-11-01,Prop. increasing,0.6506024096385542
2020-11-01,Volatility,2.096136979617509
2020-11-01,Excl. energy & food,1.1094538356719317
2020-10-01,Weighted median,1.7179307944597828
2020-10-01,Prop. increasing,0.6867469879518072
2020-10-01,Volatility,2.0506347543088603
2020-10-01,Excl. energy & food,1.4551863505919465
2020-09-01,Weighted median,1.5952274845035073
2020-09-01,Prop. increasing,0.6506024096385542
2020-09-01,Volatility,2.0176084731405504
2020-09-01,Excl. energy & food,1.2713742290504813
2020-08-01,Weighted median,1.6546589375283065
2020-08-01,Prop. increasing,0.6867469879518072
2020-08-01,Volatility,1.9726456147675515
2020-08-01,Excl. energy & food,0.8583214635860925
2020-07-01,Weighted median,2.0792678705005176
2020-07-01,Prop. increasing,0.7590361445783133
2020-07-01,Volatility,1.8773767259694714
2020-07-01,Excl. energy & food,1.8237025619121008
2020-06-01,Weighted median,1.7041948743797188
2020-06-01,Prop. increasing,0.7349397590361446
2020-06-01,Volatility,1.835218723895688
2020-06-01,Excl. energy & food,1.442017337656914
2020-05-01,Weighted median,1.9427169974823513
2020-05-01,Prop. increasing,0.7349397590361446
2020-05-01,Volatility,1.7874563508933083
2020-05-01,Excl. energy & food,1.2057258042042374
2020-04-01,Weighted median,1.8435817264027563
2020-04-01,Prop. increasing,0.7228915662650602
2020-04-01,Volatility,1.650640656414353
2020-04-01,Excl. energy & food,1.4291566579148245
2020-03-01,Weighted median,2.1613793971883104
2020-03-01,Prop. increasing,0.7951807228915663
2020-03-01,Volatility,1.478266768596579
2020-03-01,Excl. energy & food,1.6084739113377737
2020-02-01,Weighted median,2.3543082940376396
2020-02-01,Prop. increasing,0.7469879518072289
2020-02-01,Volatility,1.4868993907151964
2020-02-01,Excl. energy & food,1.6798936847227959
2020-01-01,Weighted median,2.1450329401599664
2020-01-01,Prop. increasing,0.8313253012048193
2020-01-01,Volatility,1.5163911673099473
2020-01-01,Excl. energy & food,1.5885705686499434
2019-12-01,Weighted median,1.8515674880589632
2019-12-01,Prop. increasing,0.7710843373493976
2019-12-01,Volatility,1.4810134957883072
2019-12-01,Excl. energy & food,1.367203904697012
2019-11-01,Weighted median,1.8756765466611252
2019-11-01,Prop. increasing,0.8192771084337349
2019-11-01,Volatility,1.4590800137350082
2019-11-01,Excl. energy & food,1.6899641409270856
2019-10-01,Weighted median,1.8585274880203966
2019-10-01,Prop. increasing,0.8072289156626506
2019-10-01,Volatility,1.4796433740785495
2019-10-01,Excl. energy & food,1.7186033414679829
2019-09-01,Weighted median,2.293086570251754
2019-09-01,Prop. increasing,0.7951807228915663
2019-09-01,Volatility,1.542070046738159
2019-09-01,Excl. energy & food,1.6699678021947175
2019-08-01,Weighted median,2.024322462610211
2019-08-01,Prop. increasing,0.7951807228915663
2019-08-01,Volatility,1.574378767533543
2019-08-01,Excl. energy & food,1.516389209693619
2019-07-01,Weighted median,2.340105942760059
2019-07-01,Prop. increasing,0.8072289156626506
2019-07-01,Volatility,1.6195248630766563
2019-07-01,Excl. energy & food,1.9443576709359252
2019-06-01,Weighted median,2.341294237776518
2019-06-01,Prop. increasing,0.8072289156626506
2019-06-01,Volatility,1.6230870412730207
2019-06-01,Excl. energy & food,1.7759033182346882
2019-05-01,Weighted median,2.5539674899100233
2019-05-01,Prop. increasing,0.7710843373493976
2019-05-01,Volatility,1.628922517386972
2019-05-01,Excl. energy & food,1.6822200392927362
2019-04-01,Weighted median,2.575162087486206
2019-04-01,Prop. increasing,0.6746987951807228
2019-04-01,Volatility,1.6161956827431554
2019-04-01,Excl. energy & food,1.7796224698658176
2019-03-01,Weighted median,2.345270424652073
2019-03-01,Prop. increasing,0.7831325301204819
2019-03-01,Volatility,1.5570974631192407
2019-03-01,Excl. energy & food,1.83876337693223
2019-02-01,Weighted median,2.341385124459853
2019-02-01,Prop. increasing,0.8072289156626506
2019-02-01,Volatility,1.5692022312499527
2019-02-01,Excl. energy & food,1.8394616953546508
2019-01-01,Weighted median,2.195913140688812
2019-01-01,Prop. increasing,0.7951807228915663
2019-01-01,Volatility,1.6028011767765933
2019-01-01,Excl. energy & food,1.893699806413278
2018-12-01,Weighted median,2.5990087414389187
2018-12-01,Prop. increasing,0.7710843373493976
2018-12-01,Volatility,1.6285206700673316
2018-12-01,Excl. energy & food,1.868083811841658
2018-11-01,Weighted median,2.499060268834589
2018-11-01,Prop. increasing,0.8433734939759037
2018-11-01,Volatility,1.6407916921997088
2018-11-01,Excl. energy & food,1.8441352874429047
2018-10-01,Weighted median,2.5537444560580838
2018-10-01,Prop. increasing,0.7710843373493976
2018-10-01,Volatility,1.6484144208064928
2018-10-01,Excl. energy & food,1.8556582758917413
2018-09-01,Weighted median,2.717170668152079
2018-09-01,Prop. increasing,0.8192771084337349
2018-09-01,Volatility,1.6674334324785867
2018-09-01,Excl. energy & food,1.8850781384494628
2018-08-01,Weighted median,2.853868303402294
2018-08-01,Prop. increasing,0.8554216867469879
2018-08-01,Volatility,1.691966196969321
2018-08-01,Excl. energy & food,2.090642434002413
2018-07-01,Weighted median,2.7567234264573273
2018-07-01,Prop. increasing,0.8313253012048193
2018-07-01,Volatility,1.6902492208074675
2018-07-01,Excl. energy & food,1.8943814805883759
2018-06-01,Weighted median,2.6122256372596797
2018-06-01,Prop. increasing,0.8554216867469879
2018-06-01,Volatility,1.632070439471824
2018-06-01,Excl. energy & food,1.9169236700077006
2018-05-01,Weighted median,2.227749080628365
2018-05-01,Prop. increasing,0.8674698795180723
2018-05-01,Volatility,1.5563540665741853
2018-05-01,Excl. energy & food,2.085643483207819
2018-04-01,Weighted median,2.712515928219313
2018-04-01,Prop. increasing,0.8795180722891566
2018-04-01,Volatility,1.4677821882241369
2018-04-01,Excl. energy & food,2.0915968500280617
2018-03-01,Weighted median,2.6698467636913557
2018-03-01,Prop. increasing,0.891566265060241
2018-03-01,Volatility,1.4862829023773902
2018-03-01,Excl. energy & food,2.2586889487660895
2018-02-01,Weighted median,2.8045126545083203
2018-02-01,Prop. increasing,0.8554216867469879
2018-02-01,Volatility,1.5649249240618892
2018-02-01,Excl. energy & food,2.4408818417918026
2018-01-01,Weighted median,3.158413259540432
2018-01-01,Prop. increasing,0.9156626506024096
2018-01-01,Volatility,1.6418051502549669
2018-01-01,Excl. energy & food,2.6673882028828637
2017-12-01,Weighted median,3.1675301577482227
2017-12-01,Prop. increasing,0.9156626506024096
2017-12-01,Volatility,1.7484443720005955
2017-12-01,Excl. energy & food,2.4994396967541364
2017-11-01,Weighted median,3.1530398938681223
2017-11-01,Prop. increasing,0.9518072289156626
2017-11-01,Volatility,1.8359210463235889
2017-11-01,Excl. energy & food,2.7391087120507134
2017-10-01,Weighted median,3.13191935671834
2017-10-01,Prop. increasing,0.9397590361445783
2017-10-01,Volatility,1.9132042314019875
2017-10-01,Excl. energy & food,2.661772355648908
2017-09-01,Weighted median,3.0488047017711186
2017-09-01,Prop. increasing,0.9036144578313253
2017-09-01,Volatility,1.9514163759844567
2017-09-01,Excl. energy & food,2.6507490820554134
2017-08-01,Weighted median,2.8898871592472646
2017-08-01,Prop. increasing,0.8795180722891566
2017-08-01,Volatility,2.0174851717029143
2017-08-01,Excl. energy & food,2.6609458954122376
2017-07-01,Weighted median,2.7787836512656074
2017-07-01,Prop. increasing,0.8795180722891566
2017-07-01,Volatility,2.0585278518629178
2017-07-01,Excl. energy & food,2.4152919095129834
2017-06-01,Weighted median,2.8422572823608783
2017-06-01,Prop. increasing,0.8554216867469879
2017-06-01,Volatility,2.0593080469324896
2017-06-01,Excl. energy & food,2.4233749568135807
2017-05-01,Weighted median,2.2946859183654595
2017-05-01,Prop. increasing,0.8795180722891566
2017-05-01,Volatility,2.0711227337473113
2017-05-01,Excl. energy & food,2.597865120742365
2017-04-01,Weighted median,2.389109088374132
2017-04-01,Prop. increasing,0.8554216867469879
2017-04-01,Volatility,2.0310452531479393
2017-04-01,Excl. energy & food,2.412539259494112
2017-03-01,Weighted median,1.491884585184513
2017-03-01,Prop. increasing,0.8072289156626506
2017-03-01,Volatility,1.95768762689986
2017-03-01,Excl. energy & food,1.8093408334653762
2017-02-01,Weighted median,1.6128305466993604
2017-02-01,Prop. increasing,0.7228915662650602
2017-02-01,Volatility,1.8575593861648034
2017-02-01,Excl. energy & food,2.002768620967818
2017-01-01,Weighted median,1.264403042648535
2017-01-01,Prop. increasing,0.6867469879518072
2017-01-01,Volatility,1.74020371374653
2017-01-01,Excl. energy & food,1.6126452180520279
2016-12-01,Weighted median,1.3937624706356384
2016-12-01,Prop. increasing,0.6867469879518072
2016-12-01,Volatility,1.61170484307086
2016-12-01,Excl. energy & food,1.6169917813645012
2016-11-01,Weighted median,1.0997202296246775
2016-11-01,Prop. increasing,0.6265060240963856
2016-11-01,Volatility,1.612806749936493
2016-11-01,Excl. energy & food,1.4097240159748823
2016-10-01,Weighted median,1.0241744757908868
2016-10-01,Prop. increasing,0.5783132530120482
2016-10-01,Volatility,1.5518373756304267
2016-10-01,Excl. energy & food,1.2179493547650024
2016-09-01,Weighted median,1.2258367079072698
2016-09-01,Prop. increasing,0.5783132530120482
2016-09-01,Volatility,1.4995428168535498
2016-09-01,Excl. energy & food,1.4794815338786322
2016-08-01,Weighted median,0.7487946740238393
2016-08-01,Prop. increasing,0.5542168674698795
2016-08-01,Volatility,1.486453286781933
2016-08-01,Excl. energy & food,1.2918402743166923
2016-07-01,Weighted median,0.33376709811361843
2016-07-01,Prop. increasing,0.5060240963855421
2016-07-01,Volatility,1.4608838282238106
2016-07-01,Excl. energy & food,1.3211890701631543
2016-06-01,Weighted median,1.2563314276726434
2016-06-01,Prop. increasing,0.5783132530120482
2016-06-01,Volatility,1.4251361260991942
2016-06-01,Excl. energy & food,1.3830649600192197
2016-05-01,Weighted median,0.9372685791483168
2016-05-01,Prop. increasing,0.5542168674698795
2016-05-01,Volatility,1.3745204386081038
2016-05-01,Excl. energy & food,1.215592426078161
2016-04-01,Weighted median,0.9703718406267909
2016-04-01,Prop. increasing,0.5542168674698795
2016-04-01,Volatility,1.3680908346220422
2016-04-01,Excl. energy & food,1.1910610268389787
2016-03-01,Weighted median,1.6573143677410898
2016-03-01,Prop. increasing,0.6144578313253012
2016-03-01,Volatility,1.3425577550988768
2016-03-01,Excl. energy & food,1.5170860687464187
2016-02-01,Weighted median,1.1136774452701292
2016-02-01,Prop. increasing,0.5542168674698795
2016-02-01,Volatility,1.3665803356308106
2016-02-01,Excl. energy & food,1.1544854681912062
2016-01-01,Weighted median,1.216474133601204
2016-01-01,Prop. increasing,0.5903614457831325
2016-01-01,Volatility,1.3884321459238194
2016-01-01,Excl. energy & food,1.2163529649868574
2015-12-01,Weighted median,1.2290345596880674
2015-12-01,Prop. increasing,0.54216867469879515
2015-12-01,Volatility,1.377532533054846
2015-12-01,Excl. energy & food,1.3925283374998751
2015-11-01,Weighted median,1.1840471600028282
2015-11-01,Prop. increasing,0.5301204819277109
2015-11-01,Volatility,1.3593056122330056
2015-11-01,Excl. energy & food,1.2299492130537528
2015-10-01,Weighted median,1.2765528028659374
2015-10-01,Prop. increasing,0.5180722891566265
2015-10-01,Volatility,1.4129857657660998
2015-10-01,Excl. energy & food,1.0987576204967593
2015-09-01,Weighted median,1.037806476476324
2015-09-01,Prop. increasing,0.5301204819277109
2015-09-01,Volatility,1.446199821855343
2015-09-01,Excl. energy & food,1.0124085460967929
2015-08-01,Weighted median,0.7039330737952525
2015-08-01,Prop. increasing,0.4939759036144578
2015-08-01,Volatility,1.4755503498408142
2015-08-01,Excl. energy & food,1.018014117267972
2015-07-01,Weighted median,1.3169661003170396
2015-07-01,Prop. increasing,0.5060240963855421
2015-07-01,Volatility,1.4981082669515169
2015-07-01,Excl. energy & food,1.1521483821325789
2015-06-01,Weighted median,0.7205149711490931
2015-06-01,Prop. increasing,0.46987951807228917
2015-06-01,Volatility,1.5170267873621839
2015-06-01,Excl. energy & food,0.7603182446127368
2015-05-01,Weighted median,0.8938511330645389
2015-05-01,Prop. increasing,0.5542168674698795
2015-05-01,Volatility,1.5056693648677508
2015-05-01,Excl. energy & food,0.9379327073710567
2015-04-01,Weighted median,0.662981566744377
2015-04-01,Prop. increasing,0.4578313253012048
2015-04-01,Volatility,1.4887652288129616
2015-04-01,Excl. energy & food,0.796321560305186
2015-03-01,Weighted median,0.6896204570623199
2015-03-01,Prop. increasing,0.5301204819277109
2015-03-01,Volatility,1.4816456394904676
2015-03-01,Excl. energy & food,1.0432750914262505
2015-02-01,Weighted median,1.5559815086255506
2015-02-01,Prop. increasing,0.5662650602409639
2015-02-01,Volatility,1.538757877664369
2015-02-01,Excl. energy & food,1.229871811868368
2015-01-01,Weighted median,1.502351927920639
2015-01-01,Prop. increasing,0.5903614457831325
2015-01-01,Volatility,1.5107272103936455
2015-01-01,Excl. energy & food,1.439159087642927
2014-12-01,Weighted median,0.8966350207041522
2014-12-01,Prop. increasing,0.6265060240963856
2014-12-01,Volatility,1.4585994158419457
2014-12-01,Excl. energy & food,1.2719619326500635
2014-11-01,Weighted median,1.4608535193533292
2014-11-01,Prop. increasing,0.6265060240963856
2014-11-01,Volatility,1.4379470071562583
2014-11-01,Excl. energy & food,1.2483580934537557
2014-10-01,Weighted median,1.3389321966272578
2014-10-01,Prop. increasing,0.6385542168674698
2014-10-01,Volatility,1.438205103924354
2014-10-01,Excl. energy & food,1.5223198809062495
2014-09-01,Weighted median,1.6280987302706378
2014-09-01,Prop. increasing,0.6867469879518072
2014-09-01,Volatility,1.4682065743160706
2014-09-01,Excl. energy & food,1.5285426735192338
2014-08-01,Weighted median,2.1191956428921
2014-08-01,Prop. increasing,0.7108433734939759
2014-08-01,Volatility,1.5480014758582437
2014-08-01,Excl. energy & food,1.9044687291570557
2014-07-01,Weighted median,1.6351951519017613
2014-07-01,Prop. increasing,0.7108433734939759
2014-07-01,Volatility,1.557502118565376
2014-07-01,Excl. energy & food,1.7869288320039665
2014-06-01,Weighted median,2.2870637912628258
2014-06-01,Prop. increasing,0.7831325301204819
2014-06-01,Volatility,1.5966957231354362
2014-06-01,Excl. energy & food,2.0215217480762147
2014-05-01,Weighted median,1.873071404705287
2014-05-01,Prop. increasing,0.6987951807228916
2014-05-01,Volatility,1.621873350765466
2014-05-01,Excl. energy & food,1.5863074458910034
2014-04-01,Weighted median,1.8961438808707745
2014-04-01,Prop. increasing,0.7469879518072289
2014-04-01,Volatility,1.621658837751733
2014-04-01,Excl. energy & food,1.9902292216358812
2014-03-01,Weighted median,2.011573729336431
2014-03-01,Prop. increasing,0.7469879518072289
2014-03-01,Volatility,1.622521620006628
2014-03-01,Excl. energy & food,1.6018495582528203
2014-02-01,Weighted median,2.035060083233097
2014-02-01,Prop. increasing,0.6867469879518072
2014-02-01,Volatility,1.6548829957795521
2014-02-01,Excl. energy & food,1.6829814592060954
2014-01-01,Weighted median,2.0496603420004655
2014-01-01,Prop. increasing,0.7349397590361446
2014-01-01,Volatility,1.631226819990645
2014-01-01,Excl. energy & food,1.6072676450035055
2013-12-01,Weighted median,2.0158155546488854
2013-12-01,Prop. increasing,0.7831325301204819
2013-12-01,Volatility,1.655547530758749
2013-12-01,Excl. energy & food,1.691550519045463
2013-11-01,Weighted median,1.9093148253805812
2013-11-01,Prop. increasing,0.8192771084337349
2013-11-01,Volatility,1.6789631850248896
2013-11-01,Excl. energy & food,1.7836414890970935
2013-10-01,Weighted median,1.913503256686603
2013-10-01,Prop. increasing,0.7710843373493976
2013-10-01,Volatility,1.698761571652279
2013-10-01,Excl. energy & food,1.7175216245929097
2013-09-01,Weighted median,2.2876656603935173
2013-09-01,Prop. increasing,0.7590361445783133
2013-09-01,Volatility,1.6553635294734528
2013-09-01,Excl. energy & food,2.1724605908758625
2013-08-01,Weighted median,2.2522370016429756
2013-08-01,Prop. increasing,0.7590361445783133
2013-08-01,Volatility,1.7446047554460078
2013-08-01,Excl. energy & food,2.0054637373219277
2013-07-01,Weighted median,2.556789468045342
2013-07-01,Prop. increasing,0.7469879518072289
2013-07-01,Volatility,1.7755015040537043
2013-07-01,Excl. energy & food,2.029271985532229
2013-06-01,Weighted median,2.6622723478930808
2013-06-01,Prop. increasing,0.7108433734939759
2013-06-01,Volatility,1.8088529607270287
2013-06-01,Excl. energy & food,2.3286171467070798
2013-05-01,Weighted median,2.4671479208091998
2013-05-01,Prop. increasing,0.7469879518072289
2013-05-01,Volatility,1.8373375311108402
2013-05-01,Excl. energy & food,2.2422842746168334
2013-04-01,Weighted median,2.1518793531350946
2013-04-01,Prop. increasing,0.7349397590361446
2013-04-01,Volatility,1.8356577629331952
2013-04-01,Excl. energy & food,1.9545206170400564
2013-03-01,Weighted median,2.545466650392263
2013-03-01,Prop. increasing,0.7590361445783133
2013-03-01,Volatility,1.9508166073690647
2013-03-01,Excl. energy & food,2.3720718912122445
2013-02-01,Weighted median,2.85884907709013
2013-02-01,Prop. increasing,0.7349397590361446
2013-02-01,Volatility,1.9942192739967042
2013-02-01,Excl. energy & food,2.2727031699065687
2013-01-01,Weighted median,2.8795697519977312
2013-01-01,Prop. increasing,0.7469879518072289
2013-01-01,Volatility,2.031087376877377
2013-01-01,Excl. energy & food,2.2524396096624484
2012-12-01,Weighted median,2.535967027931929
2012-12-01,Prop. increasing,0.7590361445783133
2012-12-01,Volatility,2.0578687865652627
2012-12-01,Excl. energy & food,2.3568881033771016
2012-11-01,Weighted median,2.5118887940495123
2012-11-01,Prop. increasing,0.6867469879518072
2012-11-01,Volatility,2.0968673569407787
2012-11-01,Excl. energy & food,2.6315229646648413
2012-10-01,Weighted median,2.6120909333725524
2012-10-01,Prop. increasing,0.7710843373493976
2012-10-01,Volatility,2.142411399051874
2012-10-01,Excl. energy & food,2.630206392966251
2012-09-01,Weighted median,2.602747296537995
2012-09-01,Prop. increasing,0.7710843373493976
2012-09-01,Volatility,2.1219402091123905
2012-09-01,Excl. energy & food,2.115003304692673
2012-08-01,Weighted median,2.921671642354851
2012-08-01,Prop. increasing,0.7951807228915663
2012-08-01,Volatility,2.155445465702158
2012-08-01,Excl. energy & food,2.062857875395262
2012-07-01,Weighted median,2.8156855500692712
2012-07-01,Prop. increasing,0.8072289156626506
2012-07-01,Volatility,2.177637014030374
2012-07-01,Excl. energy & food,2.3007669223074467
2012-06-01,Weighted median,2.6206663378924837
2012-06-01,Prop. increasing,0.7831325301204819
2012-06-01,Volatility,2.151817642177187
2012-06-01,Excl. energy & food,2.136444277189408
2012-05-01,Weighted median,2.988625691328399
2012-05-01,Prop. increasing,0.8433734939759037
2012-05-01,Volatility,2.0859128787635437
2012-05-01,Excl. energy & food,2.219074598678011
2012-04-01,Weighted median,3.372998121141636
2012-04-01,Prop. increasing,0.8192771084337349
2012-04-01,Volatility,2.014359966906392
2012-04-01,Excl. energy & food,2.0996277103651098
2012-03-01,Weighted median,3.3997221973295058
2012-03-01,Prop. increasing,0.8554216867469879
2012-03-01,Volatility,1.9909862398899507
2012-03-01,Excl. energy & food,2.465192819868784
2012-02-01,Weighted median,3.0362164954370776
2012-02-01,Prop. increasing,0.8433734939759037
2012-02-01,Volatility,2.0311813012957813
2012-02-01,Excl. energy & food,2.4378320242479545
2012-01-01,Weighted median,3.3933877915765325
2012-01-01,Prop. increasing,0.8554216867469879
2012-01-01,Volatility,2.0464493933686887
2012-01-01,Excl. energy & food,2.635813347636198
2011-12-01,Weighted median,4.297563361412202
2011-12-01,Prop. increasing,0.8433734939759037
2011-12-01,Volatility,1.9679319367552555
2011-12-01,Excl. energy & food,2.9976345937932614
2011-11-01,Weighted median,4.472658681870632
2011-11-01,Prop. increasing,0.8554216867469879
2011-11-01,Volatility,1.952555465623119
2011-11-01,Excl. energy & food,3.2326781596574095
2011-10-01,Weighted median,4.463412489410087
2011-10-01,Prop. increasing,0.9036144578313253
2011-10-01,Volatility,1.9505409727554037
2011-10-01,Excl. energy & food,3.350898229942472
2011-09-01,Weighted median,4.617741349631254
2011-09-01,Prop. increasing,0.8674698795180723
2011-09-01,Volatility,1.9270474309771974
2011-09-01,Excl. energy & food,3.3242278715248723
2011-08-01,Weighted median,4.978222443014427
2011-08-01,Prop. increasing,0.8795180722891566
2011-08-01,Volatility,1.8810978532041973
2011-08-01,Excl. energy & food,3.1152236175369055
2011-07-01,Weighted median,4.542575417306755
2011-07-01,Prop. increasing,0.9036144578313253
2011-07-01,Volatility,1.8488560748613583
2011-07-01,Excl. energy & food,3.147605733812618
2011-06-01,Weighted median,4.166325043224884
2011-06-01,Prop. increasing,0.8795180722891566
2011-06-01,Volatility,1.853749730149359
2011-06-01,Excl. energy & food,2.781584298470511
2011-05-01,Weighted median,4.449961639745947
2011-05-01,Prop. increasing,0.9036144578313253
2011-05-01,Volatility,1.8445228130084697
2011-05-01,Excl. energy & food,3.3434245982900146
2011-04-01,Weighted median,4.029623175778693
2011-04-01,Prop. increasing,0.9036144578313253
2011-04-01,Volatility,1.8589371827617318
2011-04-01,Excl. energy & food,3.678531701890976
2011-03-01,Weighted median,3.8900727436173113
2011-03-01,Prop. increasing,0.9156626506024096
2011-03-01,Volatility,1.7189177305140095
2011-03-01,Excl. energy & food,3.195316515093959
2011-02-01,Weighted median,4.29020274155629
2011-02-01,Prop. increasing,0.8795180722891566
2011-02-01,Volatility,1.802270992195383
2011-02-01,Excl. energy & food,3.3700925343634944
2011-01-01,Weighted median,3.880141056013161
2011-01-01,Prop. increasing,0.8554216867469879
2011-01-01,Volatility,1.8772225179097275
2011-01-01,Excl. energy & food,3.0280133525802984
2010-12-01,Weighted median,3.5387700798572563
2010-12-01,Prop. increasing,0.8554216867469879
2010-12-01,Volatility,1.9167653909511106
2010-12-01,Excl. energy & food,2.889090766349279
2010-11-01,Weighted median,3.4517935092047787
2010-11-01,Prop. increasing,0.8433734939759037
2010-11-01,Volatility,2.025396513210787
2010-11-01,Excl. energy & food,2.7414259927797753
2010-10-01,Weighted median,3.1958640361302506
2010-10-01,Prop. increasing,0.8433734939759037
2010-10-01,Volatility,2.14539422119421
2010-10-01,Excl. energy & food,2.7199584152597875
2010-09-01,Weighted median,3.237795725823748
2010-09-01,Prop. increasing,0.8313253012048193
2010-09-01,Volatility,2.2642086930061347
2010-09-01,Excl. energy & food,2.7048429245336276
2010-08-01,Weighted median,3.129402626998525
2010-08-01,Prop. increasing,0.7831325301204819
2010-08-01,Volatility,2.3895002966763137
2010-08-01,Excl. energy & food,2.7783438625093493
2010-07-01,Weighted median,3.121456281706947
2010-07-01,Prop. increasing,0.7831325301204819
2010-07-01,Volatility,2.5446620677398313
2010-07-01,Excl. energy & food,2.6420079260237865
2010-06-01,Weighted median,3.018106248805658
2010-06-01,Prop. increasing,0.7831325301204819
2010-06-01,Volatility,2.750252854687028
2010-06-01,Excl. energy & food,3.054460970776487
2010-05-01,Weighted median,3.0224000176813157
2010-05-01,Prop. increasing,0.7710843373493976
2010-05-01,Volatility,2.8895361360076355
2010-05-01,Excl. energy & food,2.944131144546688
2010-04-01,Weighted median,3.313310908217215
2010-04-01,Prop. increasing,0.8554216867469879
2010-04-01,Volatility,2.9753691682143937
2010-04-01,Excl. energy & food,3.0738715188204537
2010-03-01,Weighted median,3.0980756022027696
2010-03-01,Prop. increasing,0.8192771084337349
2010-03-01,Volatility,2.9797331930788102
2010-03-01,Excl. energy & food,2.983443213328275
2010-02-01,Weighted median,2.9892946038036823
2010-02-01,Prop. increasing,0.7951807228915663
2010-02-01,Volatility,3.0337360824113486
2010-02-01,Excl. energy & food,2.8790609547576187
2010-01-01,Weighted median,2.9144472620939865
2010-01-01,Prop. increasing,0.8433734939759037
2010-01-01,Volatility,3.0644358839350248
2010-01-01,Excl. energy & food,3.123764333728738
2009-12-01,Weighted median,2.5355828748772056
2009-12-01,Prop. increasing,0.8192771084337349
2009-12-01,Volatility,3.0055294457808928
2009-12-01,Excl. energy & food,2.8348999480998773
2009-11-01,Weighted median,2.2573171767160396
2009-11-01,Prop. increasing,0.7831325301204819
2009-11-01,Volatility,2.965320472160754
2009-11-01,Excl. energy & food,1.907313091364788
2009-10-01,Weighted median,2.0919278394816314
2009-10-01,Prop. increasing,0.7831325301204819
2009-10-01,Volatility,2.8959892173207225
2009-10-01,Excl. energy & food,1.8495286981942054
2009-09-01,Weighted median,2.1637486531902304
2009-09-01,Prop. increasing,0.7349397590361446
2009-09-01,Volatility,2.86337387470719
2009-09-01,Excl. energy & food,1.6957537130563873
2009-08-01,Weighted median,2.4622915362285807
2009-08-01,Prop. increasing,0.8072289156626506
2009-08-01,Volatility,2.8304741218471414
2009-08-01,Excl. energy & food,1.802632488877611
2009-07-01,Weighted median,2.765778344422978
2009-07-01,Prop. increasing,0.7951807228915663
2009-07-01,Volatility,2.892091240551634
2009-07-01,Excl. energy & food,1.7826923522729867
2009-06-01,Weighted median,2.91178603473494
2009-06-01,Prop. increasing,0.8192771084337349
2009-06-01,Volatility,2.9985846400041463
2009-06-01,Excl. energy & food,1.5697116218811085
2009-05-01,Weighted median,3.084737821943323
2009-05-01,Prop. increasing,0.8313253012048193
2009-05-01,Volatility,3.04960302453586
2009-05-01,Excl. energy & food,1.65011139992573
2009-04-01,Weighted median,2.9994060582062865
2009-04-01,Prop. increasing,0.8313253012048193
2009-04-01,Volatility,3.0564705056172836
2009-04-01,Excl. energy & food,1.548510286532616
2009-03-01,Weighted median,3.9039334621110546
2009-03-01,Prop. increasing,0.8313253012048193
2009-03-01,Volatility,3.0220997529563762
2009-03-01,Excl. energy & food,1.669279180216635
2009-02-01,Weighted median,4.227527742764646
2009-02-01,Prop. increasing,0.8072289156626506
2009-02-01,Volatility,2.997304596248645
2009-02-01,Excl. energy & food,1.6165956397703605
2009-01-01,Weighted median,4.125001548889128
2009-01-01,Prop. increasing,0.7590361445783133
2009-01-01,Volatility,2.912231453492966
2009-01-01,Excl. energy & food,1.256491480116355
2008-12-01,Weighted median,3.7218281259371127
2008-12-01,Prop. increasing,0.7349397590361446
2008-12-01,Volatility,2.7948899376855323
2008-12-01,Excl. energy & food,1.1030912207465082
2008-11-01,Weighted median,4.525080407856024
2008-11-01,Prop. increasing,0.8072289156626506
2008-11-01,Volatility,2.630170783621898
2008-11-01,Excl. energy & food,1.9850389269299291
2008-10-01,Weighted median,4.63328585524553
2008-10-01,Prop. increasing,0.8313253012048193
2008-10-01,Volatility,2.4345377232232948
2008-10-01,Excl. energy & food,1.8903547346819052
2008-09-01,Weighted median,4.517499519791183
2008-09-01,Prop. increasing,0.8433734939759037
2008-09-01,Volatility,2.3090710951913445
2008-09-01,Excl. energy & food,2.2394994060151214
2008-08-01,Weighted median,4.559103512605255
2008-08-01,Prop. increasing,0.8433734939759037
2008-08-01,Volatility,2.163626369156402
2008-08-01,Excl. energy & food,2.012933568489128
2008-07-01,Weighted median,4.426952054125441
2008-07-01,Prop. increasing,0.8192771084337349
2008-07-01,Volatility,2.2042599922569917
2008-07-01,Excl. energy & food,1.8883968113374714
2008-06-01,Weighted median,3.9741217976543823
2008-06-01,Prop. increasing,0.8313253012048193
2008-06-01,Volatility,2.1284204050568563
2008-06-01,Excl. energy & food,1.6257964404109697
2008-05-01,Weighted median,3.6328512342460035
2008-05-01,Prop. increasing,0.8313253012048193
2008-05-01,Volatility,2.0710114944616183
2008-05-01,Excl. energy & food,1.5328424153166442
2008-04-01,Weighted median,3.622326517870554
2008-04-01,Prop. increasing,0.8192771084337349
2008-04-01,Volatility,2.021035776721398
2008-04-01,Excl. energy & food,1.4468959652272444
2008-03-01,Weighted median,3.3264342459132172
2008-03-01,Prop. increasing,0.7710843373493976
2008-03-01,Volatility,2.0445398761824456
2008-03-01,Excl. energy & food,1.1836280567194566
2008-02-01,Weighted median,3.2898405263744857
2008-02-01,Prop. increasing,0.8313253012048193
2008-02-01,Volatility,2.0718450738026464
2008-02-01,Excl. energy & food,1.2324403983741843
2008-01-01,Weighted median,3.265257633008643
2008-01-01,Prop. increasing,0.7951807228915663
2008-01-01,Volatility,2.090596060959788
2008-01-01,Excl. energy & food,1.322022168927694
2007-12-01,Weighted median,3.1134837631424563
2007-12-01,Prop. increasing,0.7710843373493976
2007-12-01,Volatility,2.0314507196090204
2007-12-01,Excl. energy & food,1.3891516125981238
2007-11-01,Weighted median,3.2356084869729917
2007-11-01,Prop. increasing,0.7831325301204819
2007-11-01,Volatility,1.9854588434776954
2007-11-01,Excl. energy & food,1.395724849608855
2007-10-01,Weighted median,3.2153240902098355
2007-10-01,Prop. increasing,0.7710843373493976
2007-10-01,Volatility,1.872204812467649
2007-10-01,Excl. energy & food,1.545661312025914
2007-09-01,Weighted median,3.0239872201283
2007-09-01,Prop. increasing,0.7710843373493976
2007-09-01,Volatility,1.7626333322620658
2007-09-01,Excl. energy & food,1.4522326436123227
2007-08-01,Weighted median,2.591650630620877
2007-08-01,Prop. increasing,0.7469879518072289
2007-08-01,Volatility,1.674255212368573
2007-08-01,Excl. energy & food,1.7587939698492447
2007-07-01,Weighted median,3.012828377844135
2007-07-01,Prop. increasing,0.7831325301204819
2007-07-01,Volatility,1.676958991335965
2007-07-01,Excl. energy & food,1.7312636662902212
2007-06-01,Weighted median,3.2376034320603573
2007-06-01,Prop. increasing,0.8192771084337349
2007-06-01,Volatility,1.685556075068345
2007-06-01,Excl. energy & food,1.9768152774614296
2007-05-01,Weighted median,3.154621785269201
2007-05-01,Prop. increasing,0.8313253012048193
2007-05-01,Volatility,1.6757929104906994
2007-05-01,Excl. energy & food,1.907883677929062
2007-04-01,Weighted median,3.375838885331652
2007-04-01,Prop. increasing,0.8072289156626506
2007-04-01,Volatility,1.6751041300457532
2007-04-01,Excl. energy & food,1.7938729380079887
2007-03-01,Weighted median,3.3367756125692356
2007-03-01,Prop. increasing,0.8313253012048193
2007-03-01,Volatility,1.6979276130693837
2007-03-01,Excl. energy & food,1.9266730205455593
2007-02-01,Weighted median,3.216606128817722
2007-02-01,Prop. increasing,0.8072289156626506
2007-02-01,Volatility,1.8364204823457295
2007-02-01,Excl. energy & food,1.744882042104497
2007-01-01,Weighted median,3.029851575266181
2007-01-01,Prop. increasing,0.7831325301204819
2007-01-01,Volatility,1.9173432762232938
2007-01-01,Excl. energy & food,1.6482316984427412
2006-12-01,Weighted median,3.139510276232079
2006-12-01,Prop. increasing,0.7951807228915663
2006-12-01,Volatility,1.984420466725581
2006-12-01,Excl. energy & food,1.7931499265891753
2006-11-01,Weighted median,2.6500207942891016
2006-11-01,Prop. increasing,0.7831325301204819
2006-11-01,Volatility,2.021871458065655
2006-11-01,Excl. energy & food,1.6286881086436444
2006-10-01,Weighted median,2.589634631645407
2006-10-01,Prop. increasing,0.7710843373493976
2006-10-01,Volatility,1.9827209030329527
2006-10-01,Excl. energy & food,1.4312977099236668
2006-09-01,Weighted median,2.606806661839249
2006-09-01,Prop. increasing,0.7228915662650602
2006-09-01,Volatility,1.8584042129383997
2006-09-01,Excl. energy & food,1.3631690353795096
2006-08-01,Weighted median,3.0280338203058035
2006-08-01,Prop. increasing,0.7349397590361446
2006-08-01,Volatility,1.7458337089981406
2006-08-01,Excl. energy & food,1.056755253548709
2006-07-01,Weighted median,3.0158362091307116
2006-07-01,Prop. increasing,0.6867469879518072
2006-07-01,Volatility,1.6958908824289047
2006-07-01,Excl. energy & food,0.8933658193631221
2006-06-01,Weighted median,2.963124948746694
2006-06-01,Prop. increasing,0.6987951807228916
2006-06-01,Volatility,1.6511420328233595
2006-06-01,Excl. energy & food,1.2047461904299657
2006-05-01,Weighted median,2.6954004503055633
2006-05-01,Prop. increasing,0.6626506024096386
2006-05-01,Volatility,1.5995742432735727
2006-05-01,Excl. energy & food,1.0789227763146665
2006-04-01,Weighted median,2.6780416787773067
2006-04-01,Prop. increasing,0.6626506024096386
2006-04-01,Volatility,1.5300469136360026
2006-04-01,Excl. energy & food,1.2699533660460887
2006-03-01,Weighted median,2.989208025673017
2006-03-01,Prop. increasing,0.6265060240963856
2006-03-01,Volatility,1.3992281177616894
2006-03-01,Excl. energy & food,1.3040502554325157
2006-02-01,Weighted median,3.026668490325817
2006-02-01,Prop. increasing,0.6385542168674698
2006-02-01,Volatility,1.4024311960773925
2006-02-01,Excl. energy & food,1.4338280387587352
2006-01-01,Weighted median,3.083945669116021
2006-01-01,Prop. increasing,0.6626506024096386
2006-01-01,Volatility,1.4184859368666987
2006-01-01,Excl. energy & food,1.2612833896223532
2005-12-01,Weighted median,2.7929379016998475
2005-12-01,Prop. increasing,0.5783132530120482
2005-12-01,Volatility,1.416531298719798
2005-12-01,Excl. energy & food,1.3316748371990912
2005-11-01,Weighted median,3.02646102443244
2005-11-01,Prop. increasing,0.6265060240963856
2005-11-01,Volatility,1.3966131711034881
2005-11-01,Excl. energy & food,1.5434067821563648
2005-10-01,Weighted median,2.9079867904152317
2005-10-01,Prop. increasing,0.6265060240963856
2005-10-01,Volatility,1.4104922983934582
2005-10-01,Excl. energy & food,1.6850896585605502
2005-09-01,Weighted median,2.9469965454403115
2005-09-01,Prop. increasing,0.6746987951807228
2005-09-01,Volatility,1.4425691721756995
2005-09-01,Excl. energy & food,1.7050277405306937
2005-08-01,Weighted median,2.538293902764059
2005-08-01,Prop. increasing,0.6506024096385542
2005-08-01,Volatility,1.472450146167482
2005-08-01,Excl. energy & food,1.793252840034964
2005-07-01,Weighted median,2.9612334676328613
2005-07-01,Prop. increasing,0.6987951807228916
2005-07-01,Volatility,1.4639208789484308
2005-07-01,Excl. energy & food,1.8330617686268695
2005-06-01,Weighted median,2.619224116629591
2005-06-01,Prop. increasing,0.6626506024096386
2005-06-01,Volatility,1.4372458620092154
2005-06-01,Excl. energy & food,1.5123897728952274
2005-05-01,Weighted median,2.895509199356204
2005-05-01,Prop. increasing,0.6265060240963856
2005-05-01,Volatility,1.4240127590516483
2005-05-01,Excl. energy & food,1.527902707098598
2005-04-01,Weighted median,2.6251490735623593
2005-04-01,Prop. increasing,0.5301204819277109
2005-04-01,Volatility,1.3754468351355837
2005-04-01,Excl. energy & food,1.4263837775088313
2005-03-01,Weighted median,2.5259186770483284
2005-03-01,Prop. increasing,0.5903614457831325
2005-03-01,Volatility,1.4055091013691867
2005-03-01,Excl. energy & food,1.385309278350527
2005-02-01,Weighted median,2.7333390367011745
2005-02-01,Prop. increasing,0.5903614457831325
2005-02-01,Volatility,1.497562504277213
2005-02-01,Excl. energy & food,1.1651425097095298
2005-01-01,Weighted median,2.591339358375805
2005-01-01,Prop. increasing,0.5903614457831325
2005-01-01,Volatility,1.5280473694282384
2005-01-01,Excl. energy & food,1.250948159017148
2004-12-01,Weighted median,2.6455864299662646
2004-12-01,Prop. increasing,0.6265060240963856
2004-12-01,Volatility,1.5132766652197533
2004-12-01,Excl. energy & food,1.3083280827248773
2004-11-01,Weighted median,2.3556653199200404
2004-11-01,Prop. increasing,0.6024096385542169
2004-11-01,Volatility,1.5058240384036659
2004-11-01,Excl. energy & food,1.0525793773788288
2004-10-01,Weighted median,2.2898936568001407
2004-10-01,Prop. increasing,0.5542168674698795
2004-10-01,Volatility,1.5111846661841617
2004-10-01,Excl. energy & food,0.8846925879116778
2004-09-01,Weighted median,2.3154306421328696
2004-09-01,Prop. increasing,0.5783132530120482
2004-09-01,Volatility,1.4752853311483882
2004-09-01,Excl. energy & food,0.8560900259308399
2004-08-01,Weighted median,2.306145904194856
2004-08-01,Prop. increasing,0.5783132530120482
2004-08-01,Volatility,1.4404029712524686
2004-08-01,Excl. energy & food,1.0760847929936241
2004-07-01,Weighted median,2.2290640394088737
2004-07-01,Prop. increasing,0.5903614457831325
2004-07-01,Volatility,1.3923405431804
2004-07-01,Excl. energy & food,1.1638361638361665
2004-06-01,Weighted median,2.356658706611662
2004-06-01,Prop. increasing,0.6385542168674698
2004-06-01,Volatility,1.3598350804038004
2004-06-01,Excl. energy & food,1.2595714962711582
2004-05-01,Weighted median,2.337735453392019
2004-05-01,Prop. increasing,0.6144578313253012
2004-05-01,Volatility,1.329505648794292
2004-05-01,Excl. energy & food,1.1062801330525993
2004-04-01,Weighted median,2.4640223667251124
2004-04-01,Prop. increasing,0.6506024096385542
2004-04-01,Volatility,1.2653035435331441
2004-04-01,Excl. energy & food,0.9537583064244668
2004-03-01,Weighted median,1.7337790624741394
2004-03-01,Prop. increasing,0.6144578313253012
2004-03-01,Volatility,1.2335745865785523
2004-03-01,Excl. energy & food,0.9759271307742191
2004-02-01,Weighted median,2.0301666463933965
2004-02-01,Prop. increasing,0.6867469879518072
2004-02-01,Volatility,1.3265581528126702
2004-02-01,Excl. energy & food,1.1128676101575836
2004-01-01,Weighted median,1.6926687500760123
2004-01-01,Prop. increasing,0.6987951807228916
2004-01-01,Volatility,1.3613347355051684
2004-01-01,Excl. energy & food,1.1967081089243385
2003-12-01,Weighted median,1.7595486216666498
2003-12-01,Prop. increasing,0.6626506024096386
2003-12-01,Volatility,1.3497438988633117
2003-12-01,Excl. energy & food,0.9063029819487433
2003-11-01,Weighted median,1.9480618958575582
2003-11-01,Prop. increasing,0.7108433734939759
2003-11-01,Volatility,1.4482676284821643
2003-11-01,Excl. energy & food,1.0751744965601986
2003-10-01,Weighted median,1.7402402402402495
2003-10-01,Prop. increasing,0.7108433734939759
2003-10-01,Volatility,1.4739600401629414
2003-10-01,Excl. energy & food,1.1606919027325169
2003-09-01,Weighted median,1.4297741376022044
2003-09-01,Prop. increasing,0.6867469879518072
2003-09-01,Volatility,1.479402636009392
2003-09-01,Excl. energy & food,1.2766545619039311
2003-08-01,Weighted median,1.5961106682706352
2003-08-01,Prop. increasing,0.6987951807228916
2003-08-01,Volatility,1.5095279665777752
2003-08-01,Excl. energy & food,1.238019672296324
2003-07-01,Weighted median,1.5774477965168576
2003-07-01,Prop. increasing,0.6506024096385542
2003-07-01,Volatility,1.5267436815723159
2003-07-01,Excl. energy & food,1.2683839801712256
2003-06-01,Weighted median,1.3027073956025568
2003-06-01,Prop. increasing,0.6385542168674698
2003-06-01,Volatility,1.5279842128030063
2003-06-01,Excl. energy & food,1.0280962580320052
2003-05-01,Weighted median,1.318894319905623
2003-05-01,Prop. increasing,0.6867469879518072
2003-05-01,Volatility,1.5319885366790549
2003-05-01,Excl. energy & food,1.265359675018293
2003-04-01,Weighted median,1.1752645789116634
2003-04-01,Prop. increasing,0.6144578313253012
2003-04-01,Volatility,1.511834033646183
2003-04-01,Excl. energy & food,1.484133812439903
2003-03-01,Weighted median,2.083127234698065
2003-03-01,Prop. increasing,0.6506024096385542
2003-03-01,Volatility,1.5071272391959627
2003-03-01,Excl. energy & food,1.5036830073660297
2003-02-01,Weighted median,1.8298331637192125
2003-02-01,Prop. increasing,0.6144578313253012
2003-02-01,Volatility,1.5163520503657861
2003-02-01,Excl. energy & food,1.6606719216346426
2003-01-01,Weighted median,1.636646376871354
2003-01-01,Prop. increasing,0.6385542168674698
2003-01-01,Volatility,1.4804114820777623
2003-01-01,Excl. energy & food,1.5046621535317373
2002-12-01,Weighted median,2.021188973627362
2002-12-01,Prop. increasing,0.6144578313253012
2002-12-01,Volatility,1.4621784825878477
2002-12-01,Excl. energy & food,1.742725958245599
2002-11-01,Weighted median,2.054644025215697
2002-11-01,Prop. increasing,0.6506024096385542
2002-11-01,Volatility,1.407205451811119
2002-11-01,Excl. energy & food,1.5848566627628755
2002-10-01,Weighted median,1.4589752752887613
2002-10-01,Prop. increasing,0.6144578313253012
2002-10-01,Volatility,1.4456178360938254
2002-10-01,Excl. energy & food,1.6098629578684545
2002-09-01,Weighted median,1.4675164429707972
2002-09-01,Prop. increasing,0.6024096385542169
2002-09-01,Volatility,1.4476295351928383
2002-09-01,Excl. energy & food,1.2300295105322057
2002-08-01,Weighted median,1.7060155234088956
2002-08-01,Prop. increasing,0.6506024096385542
2002-08-01,Volatility,1.4798225851948086
2002-08-01,Excl. energy & food,1.318140057166192
2002-07-01,Weighted median,2.016139074991905
2002-07-01,Prop. increasing,0.6626506024096386
2002-07-01,Volatility,1.5610574550524001
2002-07-01,Excl. energy & food,1.509608349058423
2002-06-01,Weighted median,1.9391844645463472
2002-06-01,Prop. increasing,0.6385542168674698
2002-06-01,Volatility,1.5770872981518158
2002-06-01,Excl. energy & food,1.2759984688018373
2002-05-01,Weighted median,1.7790156944769926
2002-05-01,Prop. increasing,0.6506024096385542
2002-05-01,Volatility,1.5999826917500228
2002-05-01,Excl. energy & food,1.2557004713667133
2002-04-01,Weighted median,2.1821667866758627
2002-04-01,Prop. increasing,0.6506024096385542
2002-04-01,Volatility,1.6227501652973992
2002-04-01,Excl. energy & food,1.3984040232981851
2002-03-01,Weighted median,2.269378153013956
2002-03-01,Prop. increasing,0.7108433734939759
2002-03-01,Volatility,1.6029038448410329
2002-03-01,Excl. energy & food,1.6301612091330213
2002-02-01,Weighted median,3.1631835724168016
2002-02-01,Prop. increasing,0.6987951807228916
2002-02-01,Volatility,1.726302325679205
2002-02-01,Excl. energy & food,1.5517330708253558
2002-01-01,Weighted median,3.1257282684688894
2002-01-01,Prop. increasing,0.6746987951807228
2002-01-01,Volatility,1.7937397254313387
2002-01-01,Excl. energy & food,1.667402540061821
2001-12-01,Weighted median,3.073199889201507
2001-12-01,Prop. increasing,0.6626506024096386
2001-12-01,Volatility,1.7815752850771613
2001-12-01,Excl. energy & food,1.3679960914397296
2001-11-01,Weighted median,2.7561061201881936
2001-11-01,Prop. increasing,0.6463414634146342
2001-11-01,Volatility,1.8507096126265656
2001-11-01,Excl. energy & food,1.102974298253516
2001-10-01,Weighted median,2.921323815518618
2001-10-01,Prop. increasing,0.6707317073170732
2001-10-01,Volatility,1.9643883031034752
2001-10-01,Excl. energy & food,1.1374029085569408
2001-09-01,Weighted median,3.220418449276223
2001-09-01,Prop. increasing,0.6951219512195121
2001-09-01,Volatility,2.0374536815718205
2001-09-01,Excl. energy & food,1.3275590957131456
2001-08-01,Weighted median,3.298896454566785
2001-08-01,Prop. increasing,0.7073170731707317
2001-08-01,Volatility,2.1077610365633896
2001-08-01,Excl. energy & food,1.7581218999143005
2001-07-01,Weighted median,3.3208924722549247
2001-07-01,Prop. increasing,0.6463414634146342
2001-07-01,Volatility,2.058143236350672
2001-07-01,Excl. energy & food,1.5406874437883735
2001-06-01,Weighted median,3.305745814307448
2001-06-01,Prop. increasing,0.7073170731707317
2001-06-01,Volatility,1.978323294166502
2001-06-01,Excl. energy & food,1.2859450726979056
2001-05-01,Weighted median,3.139091775166715
2001-05-01,Prop. increasing,0.6585365853658537
2001-05-01,Volatility,1.9066453318761425
2001-05-01,Excl. energy & food,1.065093340907334
2001-04-01,Weighted median,2.703699738974842
2001-04-01,Prop. increasing,0.6585365853658537
2001-04-01,Volatility,1.78457455083898
2001-04-01,Excl. energy & food,0.88660514360415
2001-03-01,Weighted median,1.6062029205243924
2001-03-01,Prop. increasing,0.5853658536585366
2001-03-01,Volatility,1.5277778273384928
2001-03-01,Excl. energy & food,0.4668231388669158
2001-02-01,Weighted median,1.8840596812262684
2001-02-01,Prop. increasing,0.6585365853658537
2001-02-01,Volatility,1.6302636202872796
2001-02-01,Excl. energy & food,0.369214768590733
2001-01-01,Weighted median,2.173185876876119
2001-01-01,Prop. increasing,0.6097560975609756
2001-01-01,Volatility,1.645326741395603
2001-01-01,Excl. energy & food,0.4946037297558366
2000-12-01,Weighted median,1.4695623686192036
2000-12-01,Prop. increasing,0.6097560975609756
2000-12-01,Volatility,1.5888031633054358
2000-12-01,Excl. energy & food,0.19839224981965703
2000-11-01,Weighted median,1.3796064893273399
2000-11-01,Prop. increasing,0.6103896103896104
2000-11-01,Volatility,1.584387151492144
2000-11-01,Excl. energy & food,0.24513282328503494
2000-10-01,Weighted median,1.4504827504128424
2000-10-01,Prop. increasing,0.6233766233766234
2000-10-01,Volatility,1.5926276542345537
2000-10-01,Excl. energy & food,0.34122193643448384
2000-09-01,Weighted median,1.5391508154976843
2000-09-01,Prop. increasing,0.5714285714285714
2000-09-01,Volatility,1.5615393590333706
2000-09-01,Excl. energy & food,0.12388695315525054
2000-08-01,Weighted median,1.3302946324119471
2000-08-01,Prop. increasing,0.5584415584415584
2000-08-01,Volatility,1.5814587753345248
2000-08-01,Excl. energy & food,-0.01817520901491666
2000-07-01,Weighted median,1.3898277199426587
2000-07-01,Prop. increasing,0.5714285714285714
2000-07-01,Volatility,1.5826530076456171
2000-07-01,Excl. energy & food,-0.1314761780786242
2000-06-01,Weighted median,0.6617521819067412
2000-06-01,Prop. increasing,0.5584415584415584
2000-06-01,Volatility,1.5688053427860442
2000-06-01,Excl. energy & food,-0.10070623474881923
2000-05-01,Weighted median,1.1619462599854797
2000-05-01,Prop. increasing,0.5974025974025974
2000-05-01,Volatility,1.630581190990539
2000-05-01,Excl. energy & food,-0.03871567210406919
2000-04-01,Weighted median,0.4499572780464163
2000-04-01,Prop. increasing,0.5714285714285714
2000-04-01,Volatility,1.6410048136753932
2000-04-01,Excl. energy & food,0.0077664876059804905
2000-03-01,Weighted median,1.25885557560256
2000-03-01,Prop. increasing,0.5584415584415584
2000-03-01,Volatility,1.576652665424926
2000-03-01,Excl. energy & food,0.09734949767659568
2000-02-01,Weighted median,1.7830366554330026
2000-02-01,Prop. increasing,0.5324675324675324
2000-02-01,Volatility,1.6091551903071768
2000-02-01,Excl. energy & food,0.2214983713355071
2000-01-01,Weighted median,1.247783199795999
2000-01-01,Prop. increasing,0.5584415584415584
2000-01-01,Volatility,1.6198165008808902
2000-01-01,Excl. energy & food,0.07574867113321673
1999-12-01,Weighted median,1.119545387094019
1999-12-01,Prop. increasing,0.5714285714285714
1999-12-01,Volatility,1.619791212016614
1999-12-01,Excl. energy & food,0.3010685997079633
1999-11-01,Weighted median,1.2636811450987349
1999-11-01,Prop. increasing,0.5714285714285714
1999-11-01,Volatility,1.5676288119108455
1999-11-01,Excl. energy & food,0.38595536905363464
1999-10-01,Weighted median,0.8093851972312027
1999-10-01,Prop. increasing,0.5324675324675324
1999-10-01,Volatility,1.5357675211324022
1999-10-01,Excl. energy & food,0.4596507173927147
1999-09-01,Weighted median,0.6698652904654576
1999-09-01,Prop. increasing,0.5454545454545454
1999-09-01,Volatility,1.440132179964471
1999-09-01,Excl. energy & food,0.5462637376895928
1999-08-01,Weighted median,0.964481329690907
1999-08-01,Prop. increasing,0.5844155844155844
1999-08-01,Volatility,1.3898305621751206
1999-08-01,Excl. energy & food,0.6809834394238445
1999-07-01,Weighted median,1.2131104595512376
1999-07-01,Prop. increasing,0.6363636363636364
1999-07-01,Volatility,1.3131987863035979
1999-07-01,Excl. energy & food,0.7488622801610487
1999-06-01,Weighted median,1.8975246055121466
1999-06-01,Prop. increasing,0.6103896103896104
1999-06-01,Volatility,1.2398961655315381
1999-06-01,Excl. energy & food,0.7951380755316158
1999-05-01,Weighted median,1.7106807411654092
1999-05-01,Prop. increasing,0.6103896103896104
1999-05-01,Volatility,1.2299355941147618
1999-05-01,Excl. energy & food,0.7882209099659147
1999-04-01,Weighted median,2.42860355295704
1999-04-01,Prop. increasing,0.6363636363636364
1999-04-01,Volatility,1.207627060220979
1999-04-01,Excl. energy & food,0.9143752857422619
1999-03-01,Weighted median,2.255200226404412
1999-03-01,Prop. increasing,0.6363636363636364
1999-03-01,Volatility,1.126698862879848
1999-03-01,Excl. energy & food,0.9129609011723135
1999-02-01,Weighted median,1.6968148124390388
1999-02-01,Prop. increasing,0.6363636363636364
1999-02-01,Volatility,1.1294974614866715
1999-02-01,Excl. energy & food,0.9775415422263672
1999-01-01,Weighted median,2.352072568332774
1999-01-01,Prop. increasing,0.6883116883116883
1999-01-01,Volatility,1.1433025573638314
1999-01-01,Excl. energy & food,1.2134671055240596
1998-12-01,Weighted median,2.475294173675448
1998-12-01,Prop. increasing,0.6623376623376623
1998-12-01,Volatility,1.1702479054527084
1998-12-01,Excl. energy & food,1.214982605738801
1998-11-01,Weighted median,2.060378748410076
1998-11-01,Prop. increasing,0.6623376623376623
1998-11-01,Volatility,1.2105660820907749
1998-11-01,Excl. energy & food,1.1263768647430938
1998-10-01,Weighted median,2.4652910678868465
1998-10-01,Prop. increasing,0.6493506493506493
1998-10-01,Volatility,1.2426439526162465
1998-10-01,Excl. energy & food,1.2050250992141733
1998-09-01,Weighted median,1.9380660039223097
1998-09-01,Prop. increasing,0.6623376623376623
1998-09-01,Volatility,1.2243544713005492
1998-09-01,Excl. energy & food,1.3425731117189155
1998-08-01,Weighted median,2.5374264839963523
1998-08-01,Prop. increasing,0.6493506493506493
1998-08-01,Volatility,1.2076258866422356
1998-08-01,Excl. energy & food,1.2332120410188583
1998-07-01,Weighted median,2.452616619152725
1998-07-01,Prop. increasing,0.6753246753246753
1998-07-01,Volatility,1.2432476873561915
1998-07-01,Excl. energy & food,1.3814652306874107
1998-06-01,Weighted median,2.30284863786769
1998-06-01,Prop. increasing,0.6623376623376623
1998-06-01,Volatility,1.2634599744596469
1998-06-01,Excl. energy & food,1.581048568331436
1998-05-01,Weighted median,2.7675127886523847
1998-05-01,Prop. increasing,0.6883116883116883
1998-05-01,Volatility,1.3025432438511348
1998-05-01,Excl. energy & food,1.733446249933841
1998-04-01,Weighted median,2.67679533222504
1998-04-01,Prop. increasing,0.6493506493506493
1998-04-01,Volatility,1.301883370858917
1998-04-01,Excl. energy & food,1.5399103376926564
1998-03-01,Weighted median,2.64833804367721
1998-03-01,Prop. increasing,0.6753246753246753
1998-03-01,Volatility,1.2343952318184848
1998-03-01,Excl. energy & food,1.7011243139553485
1998-02-01,Weighted median,2.663809164153911
1998-02-01,Prop. increasing,0.6883116883116883
1998-02-01,Volatility,1.33195505464823
1998-02-01,Excl. energy & food,1.775552014568642
1998-01-01,Weighted median,2.4066269829313884
1998-01-01,Prop. increasing,0.6493506493506493
1998-01-01,Volatility,1.3745184263640067
1998-01-01,Excl. energy & food,1.6213529633012647
1997-12-01,Weighted median,2.466408392832375
1997-12-01,Prop. increasing,0.6753246753246753
1997-12-01,Volatility,1.3933151735100517
1997-12-01,Excl. energy & food,1.8434161805056077
1997-11-01,Weighted median,2.5787989813154937
1997-11-01,Prop. increasing,0.6363636363636364
1997-11-01,Volatility,1.3778636561378588
1997-11-01,Excl. energy & food,1.882839605017349
1997-10-01,Weighted median,2.477659128302741
1997-10-01,Prop. increasing,0.6753246753246753
1997-10-01,Volatility,1.4312378150414784
1997-10-01,Excl. energy & food,1.7842812048579575
1997-09-01,Weighted median,2.548070210764541
1997-09-01,Prop. increasing,0.6363636363636364
1997-09-01,Volatility,1.447030060361253
1997-09-01,Excl. energy & food,1.7609591607343607
1997-08-01,Weighted median,2.6417327113498015
1997-08-01,Prop. increasing,0.6623376623376623
1997-08-01,Volatility,1.4461711889150863
1997-08-01,Excl. energy & food,1.8654553786847465
1997-07-01,Weighted median,2.3103930979326046
1997-07-01,Prop. increasing,0.6493506493506493
1997-07-01,Volatility,1.4731622552015269
1997-07-01,Excl. energy & food,1.7974608158956022
1997-06-01,Weighted median,2.3456040251234542
1997-06-01,Prop. increasing,0.6883116883116883
1997-06-01,Volatility,1.4766846314963733
1997-06-01,Excl. energy & food,1.7581619338436112
1997-05-01,Weighted median,2.5411866751938472
1997-05-01,Prop. increasing,0.6753246753246753
1997-05-01,Volatility,1.507887623990512
1997-05-01,Excl. energy & food,1.8380767572229468
1997-04-01,Weighted median,2.5795560658606136
1997-04-01,Prop. increasing,0.7012987012987013
1997-04-01,Volatility,1.4866123889954033
1997-04-01,Excl. energy & food,1.8479993515791875
1997-03-01,Weighted median,3.5045527977676585
1997-03-01,Prop. increasing,0.7402597402597403
1997-03-01,Volatility,1.4413074719512753
1997-03-01,Excl. energy & food,2.0167427701674203
1997-02-01,Weighted median,3.5152585398156857
1997-02-01,Prop. increasing,0.7532467532467533
1997-02-01,Volatility,1.4123237419576669
1997-02-01,Excl. energy & food,1.9354926770675402
1997-01-01,Weighted median,3.4598440581740477
1997-01-01,Prop. increasing,0.7792207792207793
1997-01-01,Volatility,1.3899886311426084
1997-01-01,Excl. energy & food,2.116569045692112
1996-12-01,Weighted median,3.502849869957392
1996-12-01,Prop. increasing,0.7746478873239436
1996-12-01,Volatility,1.3506097232555476
1996-12-01,Excl. energy & food,2.1580580199205333
1996-11-01,Weighted median,3.396789641233797
1996-11-01,Prop. increasing,0.8028169014084507
1996-11-01,Volatility,1.394913506878692
1996-11-01,Excl. energy & food,2.1649034791143986
1996-10-01,Weighted median,3.2741774539900903
1996-10-01,Prop. increasing,0.7887323943661971
1996-10-01,Volatility,1.3798823389564507
1996-10-01,Excl. energy & food,2.0696810834425388
1996-09-01,Weighted median,3.457769256189501
1996-09-01,Prop. increasing,0.7323943661971831
1996-09-01,Volatility,1.2803227164436815
1996-09-01,Excl. energy & food,1.9703089182403704
1996-08-01,Weighted median,3.212769963932368
1996-08-01,Prop. increasing,0.7464788732394366
1996-08-01,Volatility,1.2600763808215198
1996-08-01,Excl. energy & food,1.9331171686084805
1996-07-01,Weighted median,3.133907409262149
1996-07-01,Prop. increasing,0.8028169014084507
1996-07-01,Volatility,1.2682223993007307
1996-07-01,Excl. energy & food,1.8851272150589595
1996-06-01,Weighted median,2.968361747739472
1996-06-01,Prop. increasing,0.7605633802816901
1996-06-01,Volatility,1.2754820471291473
1996-06-01,Excl. energy & food,1.891473293219473
1996-05-01,Weighted median,3.114617940199326
1996-05-01,Prop. increasing,0.8169014084507042
1996-05-01,Volatility,1.305496190159188
1996-05-01,Excl. energy & food,1.955073160678714
1996-04-01,Weighted median,3.162980297425836
1996-04-01,Prop. increasing,0.7887323943661971
1996-04-01,Volatility,1.3146054961117364
1996-04-01,Excl. energy & food,1.9838536356873195
1996-03-01,Weighted median,3.055413663280175
1996-03-01,Prop. increasing,0.8028169014084507
1996-03-01,Volatility,1.3160432467198209
1996-03-01,Excl. energy & food,2.0979020979020984
1996-02-01,Weighted median,3.1379840254984845
1996-02-01,Prop. increasing,0.7887323943661971
1996-02-01,Volatility,1.4061690849042026
1996-02-01,Excl. energy & food,2.175641186561235
1996-01-01,Weighted median,3.339174825707646
1996-01-01,Prop. increasing,0.7746478873239436
1996-01-01,Volatility,1.4232395010402152
1996-01-01,Excl. energy & food,2.10224089635853
1995-12-01,Weighted median,3.679002726918588
1995-12-01,Prop. increasing,0.7887323943661971
1995-12-01,Volatility,1.4069083574898107
1995-12-01,Excl. energy & food,2.3194943335282643
1995-11-01,Weighted median,2.9939923424376764
1995-11-01,Prop. increasing,0.7714285714285715
1995-11-01,Volatility,1.4348165948128417
1995-11-01,Excl. energy & food,2.2940577628404624
1995-10-01,Weighted median,3.1481903780841094
1995-10-01,Prop. increasing,0.7857142857142857
1995-10-01,Volatility,1.4291774464401896
1995-10-01,Excl. energy & food,2.366012158479488
1995-09-01,Weighted median,3.279088918183897
1995-09-01,Prop. increasing,0.7857142857142857
1995-09-01,Volatility,1.418238379965967
1995-09-01,Excl. energy & food,2.3389608032061178
1995-08-01,Weighted median,2.908001083420918
1995-08-01,Prop. increasing,0.7142857142857143
1995-08-01,Volatility,1.3955711204718901
1995-08-01,Excl. energy & food,2.08277815958148
1995-07-01,Weighted median,2.960698580441992
1995-07-01,Prop. increasing,0.7428571428571429
1995-07-01,Volatility,1.3676268788921222
1995-07-01,Excl. energy & food,2.2706438191946963
1995-06-01,Weighted median,2.65167617249352
1995-06-01,Prop. increasing,0.7285714285714285
1995-06-01,Volatility,1.3072291237937697
1995-06-01,Excl. energy & food,2.1219713617849267
1995-05-01,Weighted median,2.3955814880896122
1995-05-01,Prop. increasing,0.6857142857142857
1995-05-01,Volatility,1.2647253567910417
1995-05-01,Excl. energy & food,1.8641624564398884
1995-04-01,Weighted median,1.9578916425044977
1995-04-01,Prop. increasing,0.6714285714285714
1995-04-01,Volatility,1.2060090918773267
1995-04-01,Excl. energy & food,1.8279253117854148
1995-03-01,Weighted median,2.447189437011411
1995-03-01,Prop. increasing,0.7142857142857143
1995-03-01,Volatility,1.1396687881250083
1995-03-01,Excl. energy & food,1.683150157310343
1995-02-01,Weighted median,2.3144533205197484
1995-02-01,Prop. increasing,0.6571428571428571
1995-02-01,Volatility,1.312114177941679
1995-02-01,Excl. energy & food,1.5421871017078748
1995-01-01,Weighted median,2.749923257955599
1995-01-01,Prop. increasing,0.6714285714285714
1995-01-01,Volatility,1.4111067244259772
1995-01-01,Excl. energy & food,1.6587171638072278
1994-12-01,Weighted median,2.2796373120008617
1994-12-01,Prop. increasing,0.6857142857142857
1994-12-01,Volatility,1.475032816302276
1994-12-01,Excl. energy & food,1.4649168656147027
1994-11-01,Weighted median,2.1540795655330998
1994-11-01,Prop. increasing,0.6714285714285714
1994-11-01,Volatility,1.5658710264532203
1994-11-01,Excl. energy & food,1.2524710533747536
1994-10-01,Weighted median,1.6600986024917797
1994-10-01,Prop. increasing,0.6571428571428571
1994-10-01,Volatility,1.5816836796718554
1994-10-01,Excl. energy & food,0.9736823537712722
1994-09-01,Weighted median,1.9192802788850822
1994-09-01,Prop. increasing,0.6571428571428571
1994-09-01,Volatility,1.59143792602477
1994-09-01,Excl. energy & food,1.0769230769230844
1994-08-01,Weighted median,1.8820087876212548
1994-08-01,Prop. increasing,0.7
1994-08-01,Volatility,1.59233008031369
1994-08-01,Excl. energy & food,1.312966252220258
1994-07-01,Weighted median,2.194390695103014
1994-07-01,Prop. increasing,0.7428571428571429
1994-07-01,Volatility,1.5462166227873755
1994-07-01,Excl. energy & food,1.3015401320113171
1994-06-01,Weighted median,2.1246742834235173
1994-06-01,Prop. increasing,0.7428571428571429
1994-06-01,Volatility,1.4901878493410412
1994-06-01,Excl. energy & food,1.7025638105541845
1994-05-01,Weighted median,2.655964647261735
1994-05-01,Prop. increasing,0.7142857142857143
1994-05-01,Volatility,1.4770367367793378
1994-05-01,Excl. energy & food,1.7182473023375107
1994-04-01,Weighted median,2.5172499792168854
1994-04-01,Prop. increasing,0.6428571428571429
1994-04-01,Volatility,1.4239311499161902
1994-04-01,Excl. energy & food,1.768888127462744
1994-03-01,Weighted median,2.075154691100599
1994-03-01,Prop. increasing,0.7
1994-03-01,Volatility,1.3539772155185616
1994-03-01,Excl. energy & food,2.44850762448508
1994-02-01,Weighted median,2.3578779098811085
1994-02-01,Prop. increasing,0.7428571428571429
1994-02-01,Volatility,1.3502474407385874
1994-02-01,Excl. energy & food,2.6366279069767544
1994-01-01,Weighted median,2.4430200563039914
1994-01-01,Prop. increasing,0.7142857142857143
1994-01-01,Volatility,1.3133988690948009
1994-01-01,Excl. energy & food,2.5867609254498727
1993-12-01,Weighted median,1.7786450334965616
1993-12-01,Prop. increasing,0.7647058823529411
1993-12-01,Volatility,1.2814921122567628
1993-12-01,Excl. energy & food,2.5229191709994705
1993-11-01,Weighted median,2.059877470812619
1993-11-01,Prop. increasing,0.7058823529411765
1993-11-01,Volatility,1.2969091592227653
1993-11-01,Excl. energy & food,2.434297120210586
1993-10-01,Weighted median,2.6926870677780625
1993-10-01,Prop. increasing,0.75
1993-10-01,Volatility,1.2915706599156989
1993-10-01,Excl. energy & food,2.5023504737108406
1993-09-01,Weighted median,2.901085645355846
1993-09-01,Prop. increasing,0.7941176470588235
1993-09-01,Volatility,1.2940093433731208
1993-09-01,Excl. energy & food,2.6796713091114466
1993-08-01,Weighted median,3.1659177103915863
1993-08-01,Prop. increasing,0.7941176470588235
1993-08-01,Volatility,1.3612358864270797
1993-08-01,Excl. energy & food,2.6577976164427564
1993-07-01,Weighted median,3.0256451743386354
1993-07-01,Prop. increasing,0.7941176470588235
1993-07-01,Volatility,1.3768722377619216
1993-07-01,Excl. energy & food,2.26014288427542
1993-06-01,Weighted median,2.7691621207798667
1993-06-01,Prop. increasing,0.7647058823529411
1993-06-01,Volatility,1.369677124284265
1993-06-01,Excl. energy & food,2.1938055543432338
1993-05-01,Weighted median,2.757029209935011
1993-05-01,Prop. increasing,0.7794117647058824
1993-05-01,Volatility,1.4225006646191127
1993-05-01,Excl. energy & food,2.3576382817508814
1993-04-01,Weighted median,3.2338846807852817
1993-04-01,Prop. increasing,0.7941176470588235
1993-04-01,Volatility,1.4719024961238574
1993-04-01,Excl. energy & food,2.336182336182342
1993-03-01,Weighted median,3.4211538504691013
1993-03-01,Prop. increasing,0.75
1993-03-01,Volatility,1.538555096792364
1993-03-01,Excl. energy & food,2.1965198381045363
1993-02-01,Weighted median,2.938327918020495
1993-02-01,Prop. increasing,0.7647058823529411
1993-02-01,Volatility,1.9042357363426154
1993-02-01,Excl. energy & food,2.216675580911615
1993-01-01,Weighted median,3.287770120798811
1993-01-01,Prop. increasing,0.75
1993-01-01,Volatility,2.095744230615682
1993-01-01,Excl. energy & food,2.1469600895188257
1992-12-01,Weighted median,3.16648446213796
1992-12-01,Prop. increasing,0.7794117647058824
1992-12-01,Volatility,2.218981969065069
1992-12-01,Excl. energy & food,2.4755487614835365
1992-11-01,Weighted median,3.864850661294563
1992-11-01,Prop. increasing,0.7647058823529411
1992-11-01,Volatility,2.3212339461714606
1992-11-01,Excl. energy & food,2.7570524062899495
1992-10-01,Weighted median,3.055090873242728
1992-10-01,Prop. increasing,0.8088235294117647
1992-10-01,Volatility,2.3552925510783647
1992-10-01,Excl. energy & food,3.0512163129024734
1992-09-01,Weighted median,3.328769977084008
1992-09-01,Prop. increasing,0.7941176470588235
1992-09-01,Volatility,2.3900461364227095
1992-09-01,Excl. energy & food,3.393970270918246
1992-08-01,Weighted median,3.964885518414552
1992-08-01,Prop. increasing,0.7647058823529411
1992-08-01,Volatility,2.3841345172586514
1992-08-01,Excl. energy & food,3.469979171068905
1992-07-01,Weighted median,4.999211116331527
1992-07-01,Prop. increasing,0.8088235294117647
1992-07-01,Volatility,2.33731181853273
1992-07-01,Excl. energy & food,4.117736537876495
1992-06-01,Weighted median,5.106067138741221
1992-06-01,Prop. increasing,0.8382352941176471
1992-06-01,Volatility,2.3224574110993306
1992-06-01,Excl. energy & food,4.319123427374689
1992-05-01,Weighted median,5.279237243735821
1992-05-01,Prop. increasing,0.8970588235294118
1992-05-01,Volatility,2.212534488420207
1992-05-01,Excl. energy & food,4.611069615718803
1992-04-01,Weighted median,5.078887152817424
1992-04-01,Prop. increasing,0.8823529411764706
1992-04-01,Volatility,2.0330266216900124
1992-04-01,Excl. energy & food,5.084979964073508
1992-03-01,Weighted median,8.785459602137983
1992-03-01,Prop. increasing,0.9264705882352942
1992-03-01,Volatility,1.7482365289717057
1992-03-01,Excl. energy & food,7.179836296566022
1992-02-01,Weighted median,8.20442529860975
1992-02-01,Prop. increasing,0.9264705882352942
1992-02-01,Volatility,1.8133220561193704
1992-02-01,Excl. energy & food,7.093078758949889
1992-01-01,Weighted median,8.446258920767402
1992-01-01,Prop. increasing,0.9411764705882353
1992-01-01,Volatility,1.8361237708200149
1992-01-01,Excl. energy & food,7.28978245906102
1991-12-01,Weighted median,7.669488772925106
1991-12-01,Prop. increasing,0.9411764705882353
1991-12-01,Volatility,1.8551485103538876
1991-12-01,Excl. energy & food,7.457378434843632
1991-11-01,Weighted median,6.72557421552711
1991-11-01,Prop. increasing,0.9402985074626866
1991-11-01,Volatility,1.9020291713889772
1991-11-01,Excl. energy & food,7.439758555163436
1991-10-01,Weighted median,7.274794584173548
1991-10-01,Prop. increasing,0.9253731343283582
1991-10-01,Volatility,1.9290937165041728
1991-10-01,Excl. energy & food,7.578332959173843
1991-09-01,Weighted median,7.331480813376082
1991-09-01,Prop. increasing,0.9253731343283582
1991-09-01,Volatility,1.9971469633962904
1991-09-01,Excl. energy & food,7.786481466526698
1991-08-01,Weighted median,8.85500621044967
1991-08-01,Prop. increasing,0.9402985074626866
1991-08-01,Volatility,1.965814499244041
1991-08-01,Excl. energy & food,8.005803433154558
1991-07-01,Weighted median,9.117455495570548
1991-07-01,Prop. increasing,0.9402985074626866
1991-07-01,Volatility,1.9235413896252216
1991-07-01,Excl. energy & food,7.933276416891038
1991-06-01,Weighted median,8.56307597776694
1991-06-01,Prop. increasing,0.9701492537313433
1991-06-01,Volatility,1.872852462966592
1991-06-01,Excl. energy & food,8.1702672532668
1991-05-01,Weighted median,8.882053176550874
1991-05-01,Prop. increasing,0.9552238805970149
1991-05-01,Volatility,1.8297680479465463
1991-05-01,Excl. energy & food,8.150480555234994
1991-04-01,Weighted median,8.985422456242992
1991-04-01,Prop. increasing,0.9701492537313433
1991-04-01,Volatility,1.7412023754282393
1991-04-01,Excl. energy & food,8.135075456975411
1991-03-01,Weighted median,7.942022041207456
1991-03-01,Prop. increasing,0.9701492537313433
1991-03-01,Volatility,1.590260577666861
1991-03-01,Excl. energy & food,6.616815488749717
1991-02-01,Weighted median,8.383931005427382
1991-02-01,Prop. increasing,0.9402985074626866
1991-02-01,Volatility,1.6571792864552413
1991-02-01,Excl. energy & food,6.657389651602834
1991-01-01,Weighted median,8.400281670122796
1991-01-01,Prop. increasing,0.9402985074626866
1991-01-01,Volatility,1.6950354340580935
1991-01-01,Excl. energy & food,6.707775348455862
1990-12-01,Weighted median,8.324162081040528
1990-12-01,Prop. increasing,0.9701492537313433
1990-12-01,Volatility,1.7219704684332489
1990-12-01,Excl. energy & food,7.210272543856659
1990-11-01,Weighted median,8.071502092346002
1990-11-01,Prop. increasing,0.9701492537313433
1990-11-01,Volatility,1.7690676639242153
1990-11-01,Excl. energy & food,7.102787754403966
1990-10-01,Weighted median,7.944804898108369
1990-10-01,Prop. increasing,0.9701492537313433
1990-10-01,Volatility,1.7584532692790715
1990-10-01,Excl. energy & food,7.050038623294136
1990-09-01,Weighted median,7.7930874944496535
1990-09-01,Prop. increasing,0.9701492537313433
1990-09-01,Volatility,1.579605223806664
1990-09-01,Excl. energy & food,6.978713110788585
1990-08-01,Weighted median,7.7296173119469955
1990-08-01,Prop. increasing,0.9701492537313433
1990-08-01,Volatility,1.5099927965940259
1990-08-01,Excl. energy & food,6.7317395691965185
1990-07-01,Weighted median,7.438346711219257
1990-07-01,Prop. increasing,0.9701492537313433
1990-07-01,Volatility,1.448024788780341
1990-07-01,Excl. energy & food,6.2744276940256904
1990-06-01,Weighted median,7.761916386158216
1990-06-01,Prop. increasing,0.9701492537313433
1990-06-01,Volatility,1.4191049417552644
1990-06-01,Excl. energy & food,6.306935185508354
1990-05-01,Weighted median,7.791007247448601
1990-05-01,Prop. increasing,0.9701492537313433
1990-05-01,Volatility,1.4028416440882776
1990-05-01,Excl. energy & food,6.152984617538453
1990-04-01,Weighted median,7.153122941493489
1990-04-01,Prop. increasing,0.9701492537313433
1990-04-01,Volatility,1.342335033848904
1990-04-01,Excl. energy & food,5.885558583106265
1990-03-01,Weighted median,6.521194578195876
1990-03-01,Prop. increasing,0.9701492537313433
1990-03-01,Volatility,1.3062514923155188
1990-03-01,Excl. energy & food,5.519734967227137
1990-02-01,Weighted median,6.514731966607092
1990-02-01,Prop. increasing,0.9850746268656716
1990-02-01,Volatility,1.3895104316128188
1990-02-01,Excl. energy & food,5.337766575499181
1990-01-01,Weighted median,6.288332322904135
1990-01-01,Prop. increasing,0.9402985074626866
1990-01-01,Volatility,1.4199210145707237
1990-01-01,Excl. energy & food,5.013542843817817
1989-12-01,Weighted median,6.1167517543356436
1989-12-01,Prop. increasing,0.9552238805970149
1989-12-01,Volatility,1.3566140953693246
1989-12-01,Excl. energy & food,5.050831626971293
1989-11-01,Weighted median,6.246621882480111
1989-11-01,Prop. increasing,0.9701492537313433
1989-11-01,Volatility,NA
1989-11-01,Excl. energy & food,5.080603130672318
1989-10-01,Weighted median,6.018330136216555
1989-10-01,Prop. increasing,0.9552238805970149
1989-10-01,Volatility,NA
1989-10-01,Excl. energy & food,5.073770787489633
1989-09-01,Weighted median,5.931453323361765
1989-09-01,Prop. increasing,0.9253731343283582
1989-09-01,Volatility,NA
1989-09-01,Excl. energy & food,5.030487804878046
1989-08-01,Weighted median,5.6830465934946215
1989-08-01,Prop. increasing,0.9253731343283582
1989-08-01,Volatility,NA
1989-08-01,Excl. energy & food,4.944673702662232
1989-07-01,Weighted median,5.4724078475833
1989-07-01,Prop. increasing,0.9104477611940298
1989-07-01,Volatility,NA
1989-07-01,Excl. energy & food,5.051690006598725
1989-06-01,Weighted median,5.377366870192858
1989-06-01,Prop. increasing,0.9104477611940298
1989-06-01,Volatility,NA
1989-06-01,Excl. energy & food,5.135497128598425
1989-05-01,Weighted median,5.6063624472039235
1989-05-01,Prop. increasing,0.9402985074626866
1989-05-01,Volatility,NA
1989-05-01,Excl. energy & food,5.204727888651591
1989-04-01,Weighted median,5.7498378250869715
1989-04-01,Prop. increasing,0.9402985074626866
1989-04-01,Volatility,NA
1989-04-01,Excl. energy & food,5.289947618783195
1989-03-01,Weighted median,5.454058618772005
1989-03-01,Prop. increasing,0.9552238805970149
1989-03-01,Volatility,NA
1989-03-01,Excl. energy & food,5.207533027265054
1989-02-01,Weighted median,5.3749140403005
1989-02-01,Prop. increasing,0.9253731343283582
1989-02-01,Volatility,NA
1989-02-01,Excl. energy & food,5.274944484173293
1989-01-01,Weighted median,5.2251646459855
1989-01-01,Prop. increasing,0.9402985074626866
1989-01-01,Volatility,NA
1989-01-01,Excl. energy & food,5.3119746113304585
1988-12-01,Weighted median,NA
1988-12-01,Prop. increasing,NA
1988-12-01,Volatility,NA
1988-12-01,Excl. energy & food,NA
1988-11-01,Weighted median,NA
1988-11-01,Prop. increasing,NA
1988-11-01,Volatility,NA
1988-11-01,Excl. energy & food,NA
1988-10-01,Weighted median,NA
1988-10-01,Prop. increasing,NA
1988-10-01,Volatility,NA
1988-10-01,Excl. energy & food,NA
1988-09-01,Weighted median,NA
1988-09-01,Prop. increasing,NA
1988-09-01,Volatility,NA
1988-09-01,Excl. energy & food,NA
1988-08-01,Weighted median,NA
1988-08-01,Prop. increasing,NA
1988-08-01,Volatility,NA
1988-08-01,Excl. energy & food,NA
1988-07-01,Weighted median,NA
1988-07-01,Prop. increasing,NA
1988-07-01,Volatility,NA
1988-07-01,Excl. energy & food,NA
1988-06-01,Weighted median,NA
1988-06-01,Prop. increasing,NA
1988-06-01,Volatility,NA
1988-06-01,Excl. energy & food,NA
1988-05-01,Weighted median,NA
1988-05-01,Prop. increasing,NA
1988-05-01,Volatility,NA
1988-05-01,Excl. energy & food,NA
1988-04-01,Weighted median,NA
1988-04-01,Prop. increasing,NA
1988-04-01,Volatility,NA
1988-04-01,Excl. energy & food,NA
1988-03-01,Weighted median,NA
1988-03-01,Prop. increasing,NA
1988-03-01,Volatility,NA
1988-03-01,Excl. energy & food,NA
1988-02-01,Weighted median,NA
1988-02-01,Prop. increasing,NA
1988-02-01,Volatility,NA
1988-02-01,Excl. energy & food,NA
