date,when,Fed,BoE,ECB,BoJ
2026-09-30,Today,4.002502441406193,3.8550033569335938,2.5,1.2549972534179972
2026-12-31,Today,4.349998474121094,4.235000610351605,2.8424987792969034,1.5524978637695028
2027-03-31,Today,4.629997253417997,4.584999084472699,3.1800003051757955,1.8075027465820028
2027-06-30,Today,4.790000915527301,4.775001525878906,3.370002746582003,2.022499084472699
2027-09-30,Today,4.834999084472699,4.864997863769503,3.4499969482422017,2.129997253417997
2027-12-31,Today,4.824996948242202,4.885002136230497,3.4574966430664063,2.260002136230497
2028-03-31,Today,4.809997558593807,4.870002746582003,3.4449996948242045,2.317497253417997
2028-06-30,Today,4.790000915527301,4.839996337890597,3.427497863769503,2.3874969482422017
2028-09-30,Today,4.769996643066406,4.8199996948242045,3.4199981689452983,2.440002441406193
2028-12-31,Today,4.745002746582003,4.8050003051757955,3.4100036621094034,2.489997863769503
2029-03-31,Today,4.724998474121094,4.794998168945298,NA,2.540000915527301
2029-06-30,Today,4.705001831054702,4.785003662109403,NA,2.5950012207030966
2029-09-30,Today,4.6949996948242045,4.779998779296903,NA,NA
2029-12-31,Today,4.684997558593807,4.775001525878906,NA,NA
2030-03-31,Today,NA,4.779998779296903,NA,NA
2030-06-30,Today,NA,4.790000915527301,NA,NA
2026-10-31,Today,NA,NA,2.625,NA
2026-11-30,Today,NA,NA,2.745002746582003,NA
2027-01-31,Today,NA,NA,3.0824966430664063,NA
2027-02-28,Today,NA,NA,3.1875,NA
2026-09-30,Last month,3.8599999999999994,3.8400000000000034,2.4599999999999937,1.207499999999996
2026-12-31,Last month,4.090000000000003,4.094999999999999,2.6474999999999937,1.4325000000000045
2027-03-31,Last month,4.224999999999994,4.290000000000006,2.782499999999999,1.6124999999999972
2027-06-30,Last month,4.280000000000001,4.390000000000001,2.8575000000000017,1.7650000000000006
2027-09-30,Last month,4.269999999999996,4.415000000000006,2.8799999999999955,1.8974999999999937
2027-12-31,Last month,4.224999999999994,4.394999999999996,2.862499999999997,2.012500000000003
2028-03-31,Last month,4.189999999999998,4.375,2.8474999999999966,2.094999999999999
2028-06-30,Last month,4.174999999999997,4.359999999999999,2.8400000000000034,2.167500000000004
2028-09-30,Last month,4.165000000000006,4.359999999999999,2.8400000000000034,2.2349999999999994
2028-12-31,Last month,4.159999999999997,4.3700000000000045,2.8474999999999966,2.299999999999997
2029-03-31,Last month,4.159999999999997,4.3799999999999955,NA,2.3599999999999994
2029-06-30,Last month,4.165000000000006,4.390000000000001,NA,2.417500000000004
2029-09-30,Last month,4.170000000000002,4.405000000000001,NA,NA
2029-12-31,Last month,4.180000000000007,4.420000000000002,NA,NA
2030-03-31,Last month,NA,4.439999999999998,NA,NA
2030-06-30,Last month,NA,4.465000000000003,NA,NA
2026-10-31,Last month,NA,NA,2.519999999999996,NA
2026-11-30,Last month,NA,NA,2.569999999999993,NA
2027-01-31,Last month,NA,NA,2.697500000000005,NA
2027-02-28,Last month,NA,NA,2.739999999999995,NA
2026-09-30,Mid-2025,3.135000000000005,3.364999999999995,1.8675000000000068,0.8125
2026-12-31,Mid-2025,3.0999999999999943,3.3700000000000045,1.9150000000000063,0.8624999999999972
2027-03-31,Mid-2025,3.1099999999999994,3.394999999999996,1.9775000000000063,0.894999999999996
2027-06-30,Mid-2025,3.155000000000001,3.424999999999997,2.042500000000004,0.9224999999999994
2027-09-30,Mid-2025,3.2150000000000034,3.4549999999999983,2.1075000000000017,0.9424999999999955
2027-12-31,Mid-2025,3.2750000000000057,3.489999999999995,2.1700000000000017,0.9625000000000057
2028-03-31,Mid-2025,3.3299999999999983,3.530000000000001,2.2325000000000017,0.980000000000004
2028-06-30,Mid-2025,3.375,3.569999999999993,2.2900000000000063,0.9950000000000045
2028-09-30,Mid-2025,3.4200000000000017,3.6099999999999994,2.3400000000000034,1.0125000000000028
2028-12-31,Mid-2025,3.4650000000000034,3.6500000000000057,2.385000000000005,1.0300000000000011
2029-03-31,Mid-2025,3.510000000000005,3.694999999999993,NA,1.0499999999999972
2029-06-30,Mid-2025,3.555000000000007,3.739999999999995,NA,1.0725000000000051
2029-09-30,Mid-2025,3.605000000000004,3.7900000000000063,NA,NA
2029-12-31,Mid-2025,3.655000000000001,3.8400000000000034,NA,NA
2030-03-31,Mid-2025,NA,3.885000000000005,NA,NA
2030-06-30,Mid-2025,NA,3.924999999999997,NA,NA
2026-10-31,Mid-2025,NA,NA,NA,NA
2026-11-30,Mid-2025,NA,NA,NA,NA
2027-01-31,Mid-2025,NA,NA,NA,NA
2027-02-28,Mid-2025,NA,NA,NA,NA
