date,All items,Food including alcohol and tobacco,Non-energy industrial goods,Energy,Services
Jun 2026,2.752842609216029,0.28936913555599914,0.1858063170440975,0.8017567457902208,1.4775346081067622
May 2026,3.1712685074029636,0.36096304434678195,0.22605947071067511,1.0176786985256743,1.5794709658008237
Apr 2026,3.0296970302969712,0.4671112225453836,0.20336077770062422,1.0166378063479304,1.3493441883767547
Mar 2026,2.5540472599296047,0.45504970819078355,0.13269786895040728,0.4793957229742989,1.478979382490357
Feb 2026,1.8919465803318398,0.485636693914622,0.17692841912884735,-0.2936022826192092,1.5275323403387069
Jan 2026,1.676488518593773,0.5069820723184421,0.09927495157508291,-0.37428871745419573,1.4525959761855853
Dec 2025,1.9657513425878994,0.48457812659259886,0.08668629987065687,-0.18193288990370324,1.5628091430914326
Nov 2025,2.1352313167259873,0.4623444976076544,0.129900208726768,-0.045060833083608406,1.5840198285655271
Oct 2025,2.0979020979020913,0.4808345059651293,0.15026177698270443,-0.08773479221040016,1.5420380796396753
Sep 2025,2.2271941421743087,0.5812479983576253,0.18976523566496414,-0.035989519298600135,1.4814427723177666
Aug 2025,2.0422678317415213,0.615667454526769,0.19129747417936124,-0.18624653190646057,1.4151143754432185
Jul 2025,2.0347949944043138,0.626112311015117,0.18917994463242047,-0.22382769773596067,1.4432081935549452
Jun 2025,1.9835215135794961,0.5884073235959694,0.12532927437868283,-0.24240320189742065,1.5123961312892267
May 2025,1.8960244648318039,0.6154523343295895,0.14817146844781134,-0.33452382820160903,1.4696520703933746
Apr 2025,2.1656961896005766,0.5727552664188332,0.14057749850388915,-0.334114695340502,1.8168282975619887
Mar 2025,2.1781567861913125,0.5664689798032104,0.15661617072437617,-0.09219990286546915,1.5731111578062555
Feb 2025,2.3188405797101543,0.5125304050554236,0.1465389563974236,0.017302519379844755,1.6703208544839225
Jan 2025,2.520833333333335,0.4445520671433009,0.133933797909409,0.17634522055211682,1.7819468856655274
Dec 2024,2.428645563051379,0.5091256144754732,0.13383018301830443,0.01379540709812114,1.774277357485353
Nov 2024,2.245555671067675,0.5251979090433869,0.1647470241072323,-0.20080093951849748,1.753129305719498
Oct 2024,2.005582549364207,0.5596406168047824,0.1285157810627247,-0.45925789775990705,1.766859240344719
Sep 2024,1.7487582781456927,0.466616354845491,0.11640832328106222,-0.6040813854452539,1.7571217021276628
Aug 2024,2.169625246548327,0.4566715397559958,0.10038928241453902,-0.3009408147578782,1.8462577787153214
Jul 2024,2.5884563197996076,0.4465731720147305,0.17265792733278432,0.1209500000000004,1.7886776955602588
Jun 2024,2.513034410844626,0.47180046354825056,0.16544208940231053,0.018646336633663142,1.8512915148917906
May 2024,2.56142185049659,0.5022649328681674,0.17564107196627698,0.029244689221085484,1.8529900830009693
Apr 2024,2.3739803388412426,0.5371880305602734,0.22264828973843037,-0.062021563342317246,1.6583822385479698
Mar 2024,2.4310671437592113,0.5133207186137991,0.28677337655759516,-0.17775980158351573,1.8051304918032822
Feb 2024,2.5804396304555515,0.7651717269595187,0.39759083367897374,-0.370740789105493,1.7815022539857062
Jan 2024,2.772722406594587,1.0975881129597211,0.5055373040752338,-0.6044125461254612,1.7921339840283983
Dec 2023,2.9270377096464,1.214501275934762,0.6487587620414011,-0.6833954912329532,1.7412329343971626
Nov 2023,2.3951458377687884,1.3749692703095344,0.748583950617283,-1.1728284377436955,1.7439546875000016
Oct 2023,2.90425531914894,1.4882185527502254,0.9065418474891516,-1.1447029416765864,2.000471622523924
Sep 2023,4.329051063370404,1.7590061756633129,1.0746874542220395,-0.4684050027090476,2.056040998217466
Aug 2023,5.244182235332675,1.945856417359187,1.2367391164140589,-0.33653354395093904,2.3823330737568145
Jul 2023,5.308859089909868,2.1586412916763806,1.3213738074588035,-0.6206673189823879,2.4391663317704824
Jun 2023,5.5237676056338145,2.3180864197530875,1.4477329093799693,-0.5737009345794393,2.354483794466406
May 2023,6.100942872989461,2.4915309155766967,1.5259766355140185,-0.18184930448222458,2.182705229793974
Apr 2023,6.945531819706977,2.699584437484943,1.6306985789080037,0.23577447311404262,2.255438181818183
Mar 2023,6.884139482564668,3.0864660039273417,1.7392832145171733,-0.09380028355387512,2.1987876004592453
Feb 2023,8.503283788454885,3.0005789473684206,1.7798954827280797,1.3994263598770005,2.0967924397833384
Jan 2023,8.641544545243072,2.813661338661339,1.7664329207092675,1.9335321926072178,1.8994446116448642
Dec 2022,9.204386374241718,2.876648321131027,1.7033399498309525,2.7900966577384416,1.831684405367884
Nov 2022,10.051546391752575,2.8457115286947654,1.630283717374689,3.8132363253856925,1.7643583061889256
Oct 2022,10.61426217933631,2.7435144095893893,1.6131075304176248,4.536633782483156,1.8094616813748234
Sep 2022,9.933539045810575,2.4561554192229047,1.4669297703180186,4.451728300927691,1.7762134975026145
Aug 2022,9.13318230594968,2.218949948927479,1.3604095378008836,4.222474558804587,1.572937196952203
Jul 2022,8.85379277339077,2.0510940980668293,1.1831601359003392,4.326221383975027,1.558554487550668
Jun 2022,8.643156007172731,1.8587912932138293,1.140252487287199,4.593095301300769,1.4007012956694271
May 2022,8.054656598345916,1.5644642126789365,1.1181622578859998,4.277978494623654,1.4495492561789851
Apr 2022,7.451027520730685,1.324396054822596,1.011814087631724,4.1022660165244496,1.3642546649454321
Mar 2022,7.4450084602369,1.041574023965985,0.900252847889209,4.844028099849951,1.1149572085347146
Feb 2022,5.88020007319752,0.867526892815684,0.8233278538812783,3.492950888484679,1.0334073461674709
Jan 2022,5.110024449877759,0.7372235294117658,0.5616645029039972,3.1466789094504866,0.9723053778725416
Dec 2021,4.958981266070769,0.7062734263000116,0.7852531148277004,2.4588333088989898,1.0212600142213806
Nov 2021,4.864864864864857,0.47724354482937936,0.6377064281721603,2.6109320518551637,1.1346473891743318
Oct 2021,4.052895800171425,0.42441497659906396,0.5446395660925973,2.249884523809524,0.8626176819151502
Sep 2021,3.361138370951925,0.44277308294209355,0.5766219264606378,1.6653439880507832,0.72166749379653
Aug 2021,2.9585072428185746,0.42785626871500854,0.6924022255708817,1.4658566542750922,0.4737541155866894
Jul 2021,2.1760391198044027,0.3482013527575454,0.19026391423357364,1.3615568114217729,0.3517346724278868
Jun 2021,1.9003532708003437,0.11767353244077919,0.30989835625628587,1.1949303646144651,0.3099031044214464
May 2021,1.9801980198019857,0.11465039187973695,0.17987966573815983,1.2461473316101581,0.4557186500888108
Apr 2021,1.611918427158375,0.12899677876562124,0.11389840704021677,0.9837699551569495,0.3814618664140198
Mar 2021,1.3349663196570596,0.2410031266284507,0.08440466054223648,0.4122665812695698,0.544505373775975
Feb 2021,0.9358453392439419,0.29303163398692844,0.2887217030114203,-0.15682399889913343,0.5100853556485335
Jan 2021,0.9004563957074184,0.3168683105981111,0.4011792649098494,-0.3959761743603626,0.6032011535688551
Dec 2020,-0.2686530711930625,0.2518552753202165,-0.14044702467343675,-0.6826704871060187,0.29438745079327056
Nov 2020,-0.2817591571725956,0.3554444885011886,-0.07012955736425316,-0.8206378909984968,0.24798990748527835
Oct 2020,-0.2686530711930625,0.3870764027059294,-0.026351469109597687,-0.8109991806636624,0.18153022370299277
Sep 2020,-0.3179261433113293,0.341810035842296,-0.08544485666104737,-0.8100616860863605,0.23450291008433183
Aug 2020,-0.17156862745098111,0.3309354966887423,-0.03640421345063224,-0.7708030427631571,0.29530144552826537
Jul 2020,0.380414774818999,0.3795370124701512,0.4283444998261305,-0.8253351955307269,0.41781353135313104
Jun 2020,0.2687187003786477,0.6054518528357019,0.0499144073493171,-0.9181723577235765,0.5393157205759874
May 2020,0.0856373868363193,0.6513102577730515,0.05559982134881576,-1.1773971887550208,0.5867118522072955
Apr 2020,0.31851035158643287,0.6795424339471581,0.08787750083826898,-0.9509837947332872,0.5214316520905709
Mar 2020,0.7402837754472653,0.465815961564126,0.13576216216216452,-0.4405602991162464,0.5972531461761827
Feb 2020,1.221488221363567,0.4022335824879867,0.13372979241563188,-0.035112299465241324,0.7194024049556702
Jan 2020,1.3628407101775308,0.39581135359485803,0.08509090909090944,0.1888812086092716,0.6842442356959864
Dec 2019,1.3239297203662552,0.38685866343303826,0.11537755102040412,0.02216764665664036,0.8047339081855691
Nov 2019,0.964749536178109,0.3715368548713119,0.09743050581915795,-0.3203105820105821,0.8272661852894438
Oct 2019,0.725707257072575,0.2919474747474749,0.0738936813802375,-0.31892818410263124,0.6823507309411678
Sep 2019,0.8384710234278753,0.2973897802345953,0.06243441514537086,-0.1840942126514124,0.6539064722188737
Aug 2019,1.0151027482049928,0.3985564570655841,0.08886260162601818,-0.05936449107507928,0.5770641666666685
Jul 2019,1.029010662038183,0.36770047329276345,0.08898662479646186,0.04576457705995049,0.5143301538094663
Jun 2019,1.2615955473098457,0.3027621103764692,0.06518710691823865,0.17172881355932257,0.7261230043541334
May 2019,1.2134720158494177,0.28725114647963434,0.07681500559910566,0.39017989712220147,0.46902376045581534
Apr 2019,1.7196261682242933,0.28588175538399013,0.053185575092393376,0.5328841506751959,0.8580312614482833
Mar 2019,1.4012260728136998,0.3330981803367752,0.032722178374111906,0.5428116315714073,0.5116614443084443
Feb 2019,1.492726122707156,0.430861315861315,0.09519006052141597,0.3611377449588193,0.6077666830829841
Jan 2019,1.394523326572019,0.34473759541984694,0.08593811074918603,0.2698039660056671,0.6998534076827736
Dec 2018,1.5326633165829133,0.340749965729951,0.06241463414634382,0.525757282953561,0.5896406596111238
Nov 2018,1.9160468927265801,0.37635214943002104,0.056343725468206124,0.8789991338241662,0.6054025555142011
Oct 2018,2.2770159768524376,0.4228069620253145,0.05938243880530064,1.0357405508350415,0.7744105716041804
Sep 2018,2.076777847702947,0.5062449515905959,0.03580636425185899,0.9206209998525284,0.6345605134474337
Aug 2018,2.0851762921774366,0.47163855421687,0.05539734636871281,0.8954237414358056,0.6756091370558404
Jul 2018,2.1918155327505255,0.4883076923076915,0.09568495389284534,0.918773879142301,0.714870971650108
Jun 2018,1.98032290615539,0.5317128205128188,0.06848204031077698,0.7763958302308246,0.6092300147130971
May 2018,1.9568236333796383,0.4953476697552201,0.04746331613192629,0.591960301062574,0.8272554951839909
Apr 2018,1.223511604439958,0.469643411927879,0.056387991021327896,0.24825940507436517,0.4597976557680463
Mar 2018,1.3954078396549645,0.41252024403771376,0.035826577848031164,0.19828640350877144,0.7510131939258149
Feb 2018,1.1128165771296883,0.20517903448275998,0.11436481589713758,0.20792557667198533,0.5922713661883928
Jan 2018,1.2970335174007843,0.3807976653696513,0.1267285797779066,0.21449840718215932,0.5679254518072266
Dec 2017,1.3367281985996147,0.41128761371588524,0.10434834123222579,0.2792500371195262,0.5492915161330559
Nov 2017,1.5359017022910573,0.4317500000000021,0.0862071332133232,0.44426556831922615,0.5707719562759118
Oct 2017,1.377375334778725,0.46073750176031586,0.06542796037820767,0.28233222691611404,0.5599000497883942
Sep 2017,1.5595040265882638,0.3643296703296684,0.10476209357652913,0.37230334150827826,0.7079900645802292
Aug 2017,1.5398434492493116,0.2834887608878862,0.09877009345794621,0.3761664859842043,0.7554210914454252
Jul 2017,1.3352163307228222,0.26697485248665326,0.09905940246045923,0.2070936254980069,0.7405462495381252
Jun 2017,1.2904050083045933,0.26976506955177854,0.08955259292735199,0.17634602548543749,0.7552408977556105
May 2017,1.382311532061946,0.29704169591464225,0.0623907567749897,0.4301874710692798,0.5907059559559572
Apr 2017,1.9023136246786685,0.289522167487684,0.0594398200224938,0.7144576537013804,0.8397925832809555
Mar 2017,1.532715095311692,0.34835817104149175,0.059796310965256304,0.6957336367917132,0.4309851702903162
Feb 2017,1.9561815336463222,0.49593961250176954,0.03401580056179758,0.8813938144329911,0.54560356150543
Jan 2017,1.7243631613324724,0.3519673221106227,0.12723291050035132,0.7647780560338084,0.4802289737409664
Dec 2016,1.1069635731754401,0.24356185347881806,0.07811181530104273,0.2476522533495718,0.5291591023701478
Nov 2016,0.5792996910401501,0.13805484874187166,0.07788264500112568,-0.10629690536702105,0.48829192073170985
Oct 2016,0.4998718277364786,0.0745496183206135,0.06890396117819778,-0.08882344147107182,0.4555990945674085
Sep 2016,0.39784394250513644,0.1357735849056629,0.07237350903101061,-0.2911137546468409,0.4938086148436522
Aug 2016,0.21862139917695692,0.24449729729729996,0.08711767463666234,-0.546727086683234,0.4720064596273289
Jul 2016,0.16718106995884188,0.267028197094847,0.09990262260378475,-0.6530464617583985,0.5063839541547287
Jun 2016,0.05113127956026082,0.17164904323175179,0.10538906533575575,-0.6249971607041448,0.4564026203073864
May 2016,-0.11506008693429226,0.17708570619067873,0.1440596947427937,-0.7886471922858754,0.4241829206670064
Apr 2016,-0.25641025641026005,0.15516981132075536,0.1380728177295365,-0.8504723733180649,0.36963011788566164
Mar 2016,-0.03862495171881181,0.15278907694495727,0.13283566473330988,-0.8485341739504234,0.6022259872611426
Feb 2016,-0.13024225058608274,0.11391351351351257,0.18773691654879596,-0.7880029154518948,0.4338750159418499
Jan 2016,0.32765399737876805,0.19534790684383566,0.19472929484145904,-0.5263695587799829,0.5045160379779321
Dec 2015,0.24516129032257772,0.23684554711027947,0.1255415055719814,-0.6188734050179202,0.5042312205075865
Nov 2015,0.1288992008249659,0.29050107588581303,0.1431504424778773,-0.7704899487037287,0.48553487475915486
Oct 2015,0.3860010293360746,0.3048217054263561,0.1551676694289919,-0.9063098167897184,0.8637020648967537
Sep 2015,0.20576131687242358,0.26859289617486015,0.07186057637543987,-0.9400086732619606,0.8341290157429925
Aug 2015,0.43916300697494626,0.2521004178072326,0.10206353688669204,-0.7585996199782858,0.8417615550208947
Jul 2015,0.5560584507953018,0.177991521770368,0.11176284398252022,-0.5926419219867729,0.8442203454406917
Jun 2015,0.5010277492291888,0.2255025089605727,0.07775153583617475,-0.546936582738656,0.7573432453217122
May 2015,0.5915637860082223,0.22822312983663004,0.0565866757307947,-0.5124086369770579,0.8391771825907803
Apr 2015,0.20554984583761124,0.18866900601546885,0.035714673913044837,-0.6136175320296705,0.6143681707160271
Mar 2015,-0.06433350488934271,0.12381336768283892,0,-0.6317008489421894,0.45298069249581807
Feb 2015,-0.28571428571428426,0.09555088622069852,-0.02785517484987743,-0.83600402846784,0.49314278343866635
Jan 2015,-0.5992704533611359,-0.016840256959315417,-0.01554097197587709,-0.9817995431949482,0.450578169561834
Dec 2014,-0.16746103310575222,-0.0028329509607086367,-0.012115935439874593,-0.6808816496507251,0.5303488702388603
Nov 2014,0.2843846949327803,0.09111168756304748,-0.021147602312660906,-0.2759420426911646,0.48918487722489024
Oct 2014,0.38749677086023915,0.0997684316837381,-0.01813885422575225,-0.21292440691596284,0.522131377385433
Sep 2014,0.3225390272222939,0.051272491349482904,0.04561102236421898,-0.2517580410324276,0.4818106393994251
Aug 2014,0.36297640653357677,-0.05959451307095888,0.08177434202761427,-0.21703112115972736,0.5376491857930525
Jul 2014,0.37642782969884736,-0.0679031934698539,-0.01258363829535814,-0.10544119219459891,0.5336683811238261
Jun 2014,0.4905757810482955,-0.04803618421052679,-0.018178035470664874,0.01019528301886693,0.5499043229910396
May 2014,0.5040713454827459,0.028353903559125825,-0.003019032513875129,-0.0014582377546897218,0.4791252604166664
Apr 2014,0.7116056410919874,0.1425057703404501,0.018116247450710193,-0.12390374616717761,0.6874086990595634
Mar 2014,0.46535677352636945,0.2028263447079259,0.04553827751196345,-0.22250125379437807,0.4564243528034306
Feb 2014,0.7062516348417556,0.2952228347598976,0.11660513245033255,-0.25089703567680954,0.5477630306988919
Jan 2014,0.7613546862693598,0.3443485838779965,0.05367689573459321,-0.13478280482950744,0.4937393128769971
Dec 2013,0.8443751623798278,0.3477609108159363,0.06863217866909717,0.0014727932285355406,0.4302360766923183
Nov 2013,0.8604954367666187,0.31489015817223176,0.06533386363636169,-0.11865855940130998,0.6074868212967863
Oct 2013,0.7285974499089283,0.36155055849500173,0.08724069648344178,-0.19056815487949533,0.4943275545048598
Sep 2013,1.0956045389330944,0.5072481136262749,0.1066268041237124,-0.10348288973384016,0.6051739529998705
Aug 2013,1.3399894902785023,0.6261358244365381,0.12333894487255796,-0.036326882290562044,0.6105866285119664
Jul 2013,1.5956745351444126,0.6775337186897878,0.12989206499821807,0.17262992125984203,0.5955561350893197
Jun 2013,1.6135379771743272,0.6292675723567639,0.20382201351505858,0.17409529025191625,0.6126563940471454
May 2013,1.4156508061344844,0.6285420062231476,0.21884892086331023,-0.02508804523424904,0.6201862861672609
Apr 2013,1.1781646812410076,0.557699614128821,0.22833245744316358,-0.04656630824372661,0.4634979532549839
Mar 2013,1.7359284587059352,0.5235135135135115,0.26452173913043586,0.18238132295719772,0.7787904080551142
Feb 2013,1.8516051685093922,0.5253077037699321,0.2252392989149867,0.4287984189723306,0.650701684573549
Jan 2013,1.994912304190667,0.6273684210526306,0.21907631673235453,0.42766004962779125,0.6932786885245924
Dec 2012,2.217500995883683,0.6030582743562741,0.2957264248704699,0.5747476318393897,0.7477515932023415
Nov 2012,2.198534310459701,0.5754677127338564,0.3112941176470568,0.6286712348120934,0.6817195285293324
Oct 2012,2.493665822109621,0.5924465828155815,0.30519452432991984,0.8748357742073098,0.7246753073222859
Sep 2012,2.5960123109862137,0.5605700578738979,0.3369736872609254,0.999532541839508,0.7073849132176212
Aug 2012,2.6152601779455344,0.5678492899679349,0.3078120805369116,0.973451370851371,0.7569200105946179
Jul 2012,2.41761210156671,0.5556072300183029,0.43165317919075,0.6693793749099797,0.7531904951546526
Jun 2012,2.363367799113744,0.6103185004571761,0.3634412993039441,0.6686351488743665,0.7210277331189746
May 2012,2.4301825993555344,0.5315249771550407,0.3590424424655931,0.8048560901603827,0.7404743848325899
Apr 2012,2.578219417214988,0.5894036107711127,0.36913333333333176,0.894290697674419,0.7229649382052694
Mar 2012,2.673507966513643,0.6199098436062571,0.3883432835820871,0.9393196912321593,0.7368462990427409
Feb 2012,2.737101409607226,0.6372662457653223,0.2992784672852184,1.0481775156763213,0.760678687196107
Jan 2012,2.6525563496426505,0.5956922839028904,0.27226817798142916,1.014159162776692,0.7874716186854974
Dec 2011,2.756174102878968,0.6054039447119105,0.3280974842767279,1.002812218948676,0.8163638332430958
Nov 2011,3.019903912148254,0.6500885839051767,0.3508060013956742,1.2724835025380712,0.7712917746555689
Oct 2011,3.036548502335798,0.6467927956147199,0.35796622015143115,1.2890794564348524,0.7635994557823149
Sep 2011,2.9906284454244787,0.5781832156862734,0.33708128078817434,1.2865425309535292,0.81521872873282
Aug 2011,2.5435443737904384,0.5173969896519266,0,1.2202774193548382,0.837340537619886
Jul 2011,2.5484764542936333,0.5075241077019409,-0.017122999157539044,1.225185376067,0.856743971823357
Jun 2011,2.7030754378706296,0.5132446808510647,0.25647138007725495,1.1339278117950355,0.8297827572072703
May 2011,2.7168666390842624,0.5470537196554409,0.2824894884372791,1.149522311396468,0.7568361396303944
Apr 2011,2.816512494822576,0.43474843554442977,0.2860801963993452,1.291735227639651,0.84962061403509
Mar 2011,2.6757243865243407,0.4573847119761412,0.23079757846479776,1.351380968060585,0.6829536859413524
Feb 2011,2.4250070086907622,0.4407323988029598,0.003429139551696086,1.356086442681075,0.6900164744645815
Jan 2011,2.305961754780653,0.37415731399747915,0.1309860690490645,1.2406744225257114,0.6234112458654897
Dec 2010,2.2033189234416573,0.407355749405235,0.19222546605697977,1.051325473321858,0.5596489303346096
Nov 2010,1.9166200335758117,0.350040495474037,0.22929472450176078,0.7577156308851231,0.5759684778100397
Oct 2010,1.932773109243691,0.31426313276026774,0.22964471057883978,0.817873481430059,0.586344827586207
Sep 2010,1.867190790397302,0.28684890940932894,0.24839690050869648,0.7402759875259874,0.5925351918299783
Aug 2010,1.586855778682783,0.29600366183728666,0.0656452852852845,0.5805722840034212,0.6175222694257928
Jul 2010,1.7331266732422208,0.2523173671689152,0.09725443786982288,0.777438697318008,0.589686856201066
Jun 2010,1.4977603583426755,0.18162034112444764,0.14890834215790497,0.5903847733105217,0.5709595679867067
May 2010,1.6970546984572343,0.15432854436375057,0.12483648093841797,0.8851546825675191,0.5481738768718759
Apr 2010,1.6418748245860253,0.1602541410317088,0.10461727091399818,0.8650221830985918,0.5189900110987766
Mar 2010,1.5772426418814114,0.0846091754690213,0.13247012281530005,0.688328979879987,0.6865998329156289
Feb 2010,0.8481764206955168,-0.003018425196849793,-0.055353379841230475,0.316799232513518,0.5857327766179595
Jan 2010,0.9510290986515282,-0.012077504725897662,-0.05911158123791162,0.3821588637559182,0.6302181818181832
Dec 2009,0.9289232934553084,-0.03366877770740958,0.10307800917755422,0.17786220196353472,0.6772324414715699
Nov 2009,0.4779308405960127,-0.030651656889171198,0.05487808315715176,-0.23027969924812108,0.6888301011804394
Oct 2009,-0.1119194180190239,-0.0766291422229269,0.07218008474576545,-0.8131626171192633,0.75295703454086
Sep 2009,-0.3358052329648732,-0.033797202797202615,0.11096829355183728,-1.04966543267006,0.7533801629671177
Aug 2009,-0.1682321603813326,-0.01230357995226704,0.14807243752263735,-0.9723994774054717,0.777782663316582
Jul 2009,-0.6578947368421036,0.009202792764200008,0.12039141506002303,-1.3782924865831836,0.803417553191492
Jun 2009,-0.13978194017334153,0.125991416309014,0.16586155484557688,-1.1204720543806643,0.8281982490821835
May 2009,0.042093447453348025,0.16623057324840956,0.2035102763997177,-1.108627229027755,0.8959276306472201
Apr 2009,0.6070873923478848,0.2627470418931888,0.21746170212766294,-0.8407478721695848,1.042460543153704
Mar 2009,0.5807365439093638,0.37278483046762095,0.2118855715475247,-0.7746843471208438,0.8268358653982596
Feb 2009,1.1727688787185255,0.4772948200742298,0.1802374440275947,-0.4653672419515433,1.0152744119743338
Jan 2009,1.119563657241282,0.5158951965065498,0.12052294246176377,-0.502481475328127,1.0142178770949708
Dec 2008,1.5870746354017724,0.6344121301291467,0.22222074688796697,-0.36130867950016887,1.0833191763191752
Nov 2008,2.124605225380425,0.7147802432610114,0.23929804618117145,0.07102743184113089,1.0988240046162745
Oct 2008,3.1606292394284856,0.8586767091541146,0.2678674426891541,0.9430600522193204,1.097873738829636
Sep 2008,3.654822335025375,1.0071551061340476,0.2419626436781601,1.32676939240063,1.0862534602076168
Aug 2008,3.828238719068407,1.0841167282499167,0.19935918317734372,1.4352448907681474,1.133920407285241
Jul 2008,4.064093226511277,1.1884447811447827,0.12124582978205406,1.6832570730003495,1.0760960792761756
Jun 2008,3.952339436210423,1.13496148023549,0.2129401668653156,1.5841754385964917,1.0550060816681093
May 2008,3.6654545454545397,1.1231630178511263,0.19502116527943006,1.3484805996472649,1.0274146589259758
Apr 2008,3.2657821839918277,1.058550573162508,0.209199999999998,1.063961374154504,0.9513783272727262
Mar 2008,3.579812206572767,1.0920295265569309,0.2388276771795153,1.103346264886322,1.17258256679808
Feb 2008,3.263919657362292,1.0164358234295416,0.2214188513595868,1.0194367100201491,1.021924189307632
Jan 2008,3.1995259961487132,0.9527206106870213,0.19685201026518287,1.0406569276001463,1.0332535604169744
Dec 2007,3.0651340996168557,0.843779160982265,0.2823985637342899,0.8866654371080781,1.0609342915811086
Nov 2007,3.0473372781065122,0.7753287764866712,0.30343318578777345,0.9338053914327928,1.05169349112426
Oct 2007,2.545508361698998,0.6939148097360278,0.29365630998080555,0.5316155400440862,1.0319760673659315
Sep 2007,2.1178909952606735,0.5304731330472097,0.2744363746223551,0.2914162006133862,1.02602127659574
Aug 2007,1.7476303317535646,0.4881674987088985,0.27134138861629054,-0.08895007854773977,1.0765329605650447
Jul 2007,1.7640083012155532,0.4444772727272728,0.24257684753253195,0,1.078119363395223
Jun 2007,1.895173230678097,0.4647608059238858,0.2731818837964671,0.08680562931492264,1.0746471549546872
May 2007,1.8669432508519859,0.4653217241379319,0.28682110697562313,0.028914735538652335,1.0961638855780698
Apr 2007,1.901649086317042,0.5316794805194807,0.3050755352417607,0.037800214438884726,1.0479910514541404
Mar 2007,1.9443613520789667,0.4411608537220188,0.339863537117905,0.17308412931667963,0.9887038421288648
Feb 2007,1.850180505415147,0.4657237962802007,0.3125567467652493,0.07276024363233731,0.9954785340314134
Jan 2007,1.8403982501131373,0.5386100749520675,0.24347350911779264,0.08196627131208317,0.9689111945905349
Dec 2006,1.9071932722630964,0.5267869656622293,0.2482611318933242,0.267118428544316,0.8525838323353355
Nov 2006,1.8532469489226906,0.5836795774647908,0.22975711186114142,0.18893744111550717,0.8600513440048295
Oct 2006,1.593745301458409,0.5750176522506636,0.22671138506164054,-0.04539809906781262,0.8588840295581333
Sep 2006,1.763376036171819,0.558399576046635,0.23582024113993444,0.143260351777208,0.8209222423146519
Aug 2006,2.2875321920920935,0.5494467067988692,0.16793820155421346,0.7483520196300494,0.8048454845484532
Jul 2006,2.4449506454062258,0.5110021208907741,0.16806258486606165,0.8743360107095043,0.8630254250037614
Jun 2006,2.457524271844667,0.4171050316678385,0.20888263081395095,1.0082581025338844,0.8255250795575135
May 2006,2.490508731966592,0.379535864978902,0.20111493836113542,1.1827023357955673,0.7640273141122906
Apr 2006,2.4349414092223536,0.35002203808180576,0.18673665738835962,1.016837269299464,0.8865127970749522
Mar 2006,2.1855418003973597,0.31269617351437196,0.15863492257041548,0.9673329273244011,0.7731053914102981
Feb 2006,2.35565819861432,0.3548592671269249,0.07100358201581475,1.1541744910677187,0.818474446987031
Jan 2006,2.441662803276175,0.3698170190087043,0.056020861622018775,1.251064,0.8222375478927185
Dec 2005,2.2416705051435715,0.3275432846455283,0.11095313067700553,0.9655064386742666,0.8583753056234714
Nov 2005,2.2965474722564876,0.4222014388489193,0.09600822249092772,0.860769278606965,0.8725537393986151
Oct 2005,2.449168207024035,0.373011692750493,0.08141492971400831,1.0391784470395409,0.8973379044684104
Sep 2005,2.597804236894994,0.3446119000539266,0.04096560975609735,1.2876484095218033,0.8966471131639699
Aug 2005,2.182662538699707,0.2775000897827255,-0.01882273175542834,0.9857700399747521,0.9313607915324429
Jul 2005,2.1405304792926874,0.20966773847802841,-0.007537455263481161,1.0043910721913711,0.9405822434220674
Jun 2005,2.027549914873862,0.22277010676156606,0.06301080228183094,0.8072387193811771,0.9344859755152601
May 2005,1.9823447421403149,0.2507948717948739,0.08512592413040464,0.5867007890808279,1.03434173277337
Apr 2005,2.0817150846667536,0.25151142857142816,0.08523956310679232,0.8677767096351316,0.9001276463262802
Mar 2005,2.1545667447306944,0.29411276176839213,0.09337695694716242,0.7556550353356885,1.0316078676240985
Feb 2005,2.058453802639853,0.3668977457168618,0.045331024245419405,0.6636753188632809,0.9936981721605945
Jan 2005,1.9215624507796372,0.2820255901964308,0.12870856576174666,0.5323874357254645,0.9983773347983042
Dec 2004,2.3252160251374656,0.3793865988741602,0.21981422298121087,0.5635494356659142,1.1417896389324926
Nov 2004,2.2537431048069227,0.19150090810025397,0.24571404193076415,0.7072897701667415,1.1116669305049816
Oct 2004,2.3651844843897827,0.24180804953560614,0.24249358739464683,0.7936334607600635,1.09721695129665
Sep 2004,2.115900836886157,0.27767146763901585,0.24025958702064917,0.5213521631921092,1.0963501343024198
Aug 2004,2.3609570591031455,0.4153706216761403,0.2658555085799563,0.5284069011875416,1.1192313750196852
Jul 2004,2.317092524996034,0.5045200659703122,0.204910175177043,0.4820325791855197,1.122768209827774
Jun 2004,2.376802408493107,0.5501287961946602,0.2730393093313755,0.48118343195266294,1.096851145038167
May 2004,2.4432809773123783,0.5947368807339437,0.2500465542522,0.542010009099181,1.073675813656673
Apr 2004,2.061201839226263,0.5742941176470594,0.28432974032337277,0.16311121016269323,1.0471677038455356
Mar 2004,1.6989520482692926,0.6090612772240671,0.21442924005419667,-0.1636606795066002,1.0707652897854636
Feb 2004,1.6288725646758275,0.5280229672161514,0.236059087509351,-0.1814622620870712,1.0853662445904821
Jan 2004,1.7957351290684698,0.6171072690091105,0.18282379349046168,-0.028984629093339938,1.0560991309945287
Dec 2003,1.9868610799551385,0.6931115500376236,0.21005096401817402,0.14591614978175896,0.9430186255619794
Nov 2003,2.1574625664144316,0.7535831288922439,0.2291183693516732,0.18626774193548462,0.9854003241491078
Oct 2003,2.0270270270270356,0.6989756557841081,0.2527439970447031,0.061671273221567416,1.0185871678548304
Sep 2003,2.1286889211417517,0.6884439199395771,0.23880827347040057,0.13341207289293866,1.0383543893747957
Aug 2003,2.02069188490139,0.6056943446188778,0.1789087043521792,0.21623039779259606,1.0281581920903948
Jul 2003,1.9249433840181134,0.5714503773584907,0.2139660995746799,0.16756971375807989,0.9561073391529258
Jun 2003,1.9877181641887474,0.563002259461494,0.2572704037535505,0.12772891148601698,1.0383827844799471
May 2003,1.8090776934259483,0.4602586887093756,0.29150518006906956,0.049078718535468725,1.0140568813337694
Apr 2003,2.0550161812297785,0.4536923800564441,0.24959069020866992,0.18226719817767634,1.1881155613919896
Mar 2003,2.3732119635890667,0.4332192866578591,0.2509852247330486,0.6157974418604653,1.0873480118304315
Feb 2003,2.370443027627915,0.3937682857682877,0.22648694123555935,0.6293091594066402,1.1165497942386837
Jan 2003,2.1119842829076605,0.27277997737556564,0.1911983688833104,0.4926810670443817,1.1633355393778975
Dec 2002,2.31147540983606,0.41506723011909125,0.37120588966202894,0.3079535050071538,1.2068961811869725
Nov 2002,2.2723530380372186,0.45516122803630155,0.3948958100211329,0.1935416371785795,1.2606892230576452
Oct 2002,2.2873128188250673,0.4396496237700188,0.38412140097220093,0.2114774523477448,1.2743182957393466
Sep 2002,2.1245059288537536,0.4709698375870077,0.40235750125438885,-0.01108689717925429,1.3160851028256142
Aug 2002,2.146631439894315,0.4562183084962244,0.3942323667215378,-0.024208849151764404,1.3395540180060064
Jul 2002,1.9963702359346656,0.4279491035280519,0.4225889959432058,-0.12917083144025499,1.3134498581678626
Jun 2002,1.8600823045267532,0.45410903486804194,0.47294648452186544,-0.2879083816317426,1.303692799461646
May 2002,2.0606660072535443,0.5345048243921253,0.500409597794761,-0.2311569586482871,1.3356330182309237
Apr 2002,2.3687261885042235,0.7123774614934683,0.5330669261677526,-0.04050453309156825,1.1707953394123627
Mar 2002,2.5162472921179893,0.8307356412273794,0.5239843473870265,-0.1246258300893065,1.3143063093622787
Feb 2002,2.4794772993801373,0.9537812128418532,0.5627019427402886,-0.23404939400868938,1.2382148914518314
Jan 2002,2.6209677419354755,1.0989376866414504,0.5092144587530265,-0.15241209173036874,1.2018063362289197
Dec 2001,2.0408163265306105,0.8915870656758397,0.4836499684542602,-0.4291548943901891,1.1143594971117925
Nov 2001,1.9815281276238452,0.8758184385717164,0.46398940063091754,-0.47679910614525123,1.155049845307667
Oct 2001,2.2375504710632663,0.9827533941236056,0.43718174924165804,-0.27310504959422827,1.1337158563820653
Sep 2001,2.187815550319753,0.9766090133982951,0.3198735268026875,-0.15960648044692716,1.091863300704108
Aug 2001,2.314580165568516,0.9776013005486693,0.1666204964990459,0.13889804469273667,1.0462675333561382
Jul 2001,2.4856273249915435,1.0361583434835566,0.26293684479672585,0.21230899790746444,0.9977428180574575
Jun 2001,2.8614967829326066,1.0311417562360554,0.3714937222574556,0.4462341520467834,0.9777425469584674
May 2001,3.093133922501688,1.0079594155844152,0.37139951819449635,0.7181595872330202,0.9668729472774421
Apr 2001,2.72247745448357,0.8431710392515752,0.32019814791323187,0.6501788143828963,0.8960745727602273
Mar 2001,2.1968664850136226,0.7592235390273828,0.16609187817258955,0.4407596061479349,0.7862908524987048
Feb 2001,1.9644687393235372,0.5867997550520511,-0.09925468212511149,0.6778527531956728,0.7579332987731144
Jan 2001,2.00514138817481,0.54422263147125,0.04376685393258971,0.6486715491559086,0.7185714285714294
Dec 2000,2.5034293552812086,0.48537543715284914,0.1710398376046716,0.9081137106918241,0.7759461098596422
Nov 2000,2.442800619301556,0.45377553125644793,0.13109680689305558,1.2385140953357243,0.46734927813532634
Oct 2000,2.3944875107665813,0.41354705274043435,0.08343581295146685,1.186268449472872,0.535733368164402
Sep 2000,2.41296104791451,0.4270132697491193,0.03181732842826267,1.2758404939542072,0.4190623155702118
Aug 2000,2.069322296947742,0.40205534825870587,-0.04384337655733514,0.9794746687451281,0.33591269841269844
Jul 2000,2.106353591160219,0.334281733746128,-0.09191790949649616,1.1144690708081064,0.3357968264918938
Jun 2000,2.144586648218613,0.25045071868583135,-0.01986818757921871,1.2090462690558972,0.3999653551532057
May 2000,1.7464983572540294,0.16775015346838704,-0.019863152559552847,1.0032926960257786,0.36004309141660934
Apr 2000,1.7133956386292868,0.13098055271238496,-0.03575367460719851,0.8528764044943805,0.4900555846879909
Mar 2000,1.9621462059385228,0.07792923076922983,-0.059566814439520936,1.2862258510932736,0.3327539239623265
Feb 2000,1.9327877415984667,0.12319778188539918,-0.09954279908559817,1.1389665178571418,0.3736296231681767
Jan 2000,1.850235643218716,0.08216560509553965,-0.0639184505606567,1.0184629938786876,0.45762375021926094
Dec 1999,1.726844583987445,0.11118296464750971,-0.03748606183477258,0.8852352452202819,0.3448829191459575
Nov 1999,1.4485165794066412,0.10683747927031363,0.01125009506908396,0.638590209020903,0.28497562258856474
Oct 1999,1.3089005235602094,0.08840365448505208,0.015003930518571885,0.5664767250821461,0.1937541155866902
Sep 1999,1.2212142358688116,-0.013929548280149721,-0.007503868103993434,0.5591530249110311,0.22348025856044573
Aug 1999,1.0983263598326405,-0.04635498551923939,0.030118605243063753,0.4407382641921401,0.25841108986615663
Jul 1999,1.0115102895012178,-0.023101030927833742,0.030199310960826203,0.27982124422711213,0.3128778280542963
Jun 1999,0.8722958827634334,0.036870423693955594,0.05635047619047833,0.125511937059143,0.24244740532959244
May 1999,0.9425728748472669,0.1430494233937375,0.06762915925832108,0.047132829373650785,0.285827792436235
Apr 1999,1.0669931782403348,0.25985669910954756,0.07893075848050102,0.030463624161074423,0.34176310679611793
Mar 1999,0.9288468279004576,0.3122579034941772,0.1430815833015182,-0.2442335216572503,0.37175268817204704
Feb 1999,0.7367128573934427,0.30318900915903346,0.13967181319382052,-0.37303418803418675,0.3288027474462834
Jan 1999,0.756243404854027,0.26554178794178807,0.18587203487626963,-0.3787136012776158,0.3491603472714389
Dec 1998,0.7557117750439363,0.2429479732553271,0.19697653061224338,-0.44983706828367964,0.366635044247788
Nov 1998,0.8092892329345421,0.22431505128741833,0.20468308870453336,-0.41186254927726623,0.4139296625222059
Oct 1998,0.933591685749505,0.26822352941176236,0.2085533707865212,-0.37988130252100727,0.4657535974418205
Sep 1998,1.0044052863436128,0.3209777264131094,0.2162475728155314,-0.35871868421052605,0.3949289124668463
Aug 1998,1.1283497884344156,0.4227374631268449,0.1901767418032787,-0.36002203567680935,0.4159843309859178
Jul 1998,1.2716354645001873,0.44083816729718456,0.17534437171095157,-0.1803220564730946,0.428059425145477
Jun 1998,1.3437057991513401,0.48365868515017757,0.2050494821634086,-0.15825920000000016,0.43708102345415667
May 1998,1.3085764809902776,0.47447992432205266,0.15925893769152263,-0.13567837190742324,0.4210247683535305
Apr 1998,1.3832239758822507,0.4673505917159758,0.15169454731196205,-0.0912017543859643,0.4695069842406848
Mar 1998,1.1343495214462966,0.42506610169491305,0.08719096247127515,-0.1545499999999989,0.35181521739130406
Feb 1998,1.117417523944653,0.3713820605034886,0.07979247697032033,-0.12943613378983437,0.4215505798394314
Jan 1998,1.0844444444444434,0.32693631379164895,0.04958566658104117,-0.11697871222076142,0.4535799496945749
Dec 1997,1.4802924915284434,0.45815984654731345,0.09181473899693286,0.06147823779193206,0.6210555655782068
Nov 1997,1.627033792240307,0.48896728672225787,0.09187351171424718,0.11838381687516558,0.6589720862787721
Oct 1997,1.520028612303293,0.4507172236503864,0.0076375478927187875,0.1433141333333329,0.5759723327305618
Sep 1997,1.5750850187936327,0.4258568065068516,0.06891395646607176,0.2375897435897443,0.6204958543619324
Aug 1997,1.7216642754662856,0.3274680487283616,0.05370977675134741,0.3874550423612993,0.6884709584607073
Jul 1997,1.4877218139451485,0.24778393881453056,0.01151810477657979,0.25879846659364625,0.6541110111550933
Jun 1997,1.3620071684587907,0.23291152132399592,0.034448156682023515,0.2304471166985506,0.5760765056972339
May 1997,1.3622512995160387,0.17926970338982928,0.06504376199615644,0.19634555827220887,0.6015282265383882
Apr 1997,1.311534315486892,0.12634806629834155,0.06505208599948875,0.19618566775244145,0.5747273058694884
Mar 1997,1.5296023034011184,0.15119193857965563,0.06502712037866255,0.34054964344487015,0.6491916015269948
Feb 1997,1.8240924688459548,0.30393954983923055,0.12678054734678082,0.42094988986784093,0.6142118181818166
Jan 1997,2.0500725689404984,0.45747838244783806,0.11178664432126065,0.48161680951064295,0.6065932637744793
