date,Period,All items,FT core,"All items excluding energy, food, alcohol and tobacco"
2026-06-01,One year,2.767194706236219,2.3964628337864053,2.3537660256410198
2026-05-01,One year,3.1664656212303894,2.715578311028045,2.5514816675037735
2026-04-01,One year,3.062556481574452,2.4375264088112036,2.23738336510485
2026-03-01,One year,2.540415704387992,2.1996977662657136,2.253974642785278
2026-02-01,One year,1.880152825256389,2.1839886412630873,2.39176506206478
2026-01-01,One year,1.6809260191243096,2.038583003288743,2.1925836111953134
2025-12-01,One year,1.951663464455448,2.0187843666882683,2.308860759493672
2025-11-01,One year,2.1082505574700976,2.0951554534715786,2.3751522533495772
2025-10-01,One year,2.1127475876079207,2.2404954897086604,2.410006101281259
2025-09-01,One year,2.2613833146582447,2.36696943506923,2.3942944472745737
2025-08-01,One year,2.098400733421618,2.41403841571913,2.346699316396283
2025-07-01,One year,2.059963287782986,2.4737421029877034,2.341992227449368
2025-06-01,One year,1.9836400817995887,2.261660205421026,2.316048370567745
2025-05-01,One year,1.8740399385560658,2.2512887036729454,2.249383730484796
2025-04-01,One year,2.1017018659011657,2.3822111222103963,2.6573282521371904
2025-03-01,One year,2.227468692260318,2.4771483299414507,2.4958745874587476
2025-02-01,One year,2.261978202755489,2.2244824818451208,2.460965773963406
2025-01-01,One year,2.475502836513658,2.2996304642047614,2.6233927830775623
2024-12-01,One year,2.4554496477414056,2.3435841000998305,2.7468525647695357
2024-11-01,One year,2.2595356550580354,2.389182630039489,2.7427260402544533
2024-10-01,One year,1.9890189578369435,2.315318020717126,2.683512582228263
2024-09-01,One year,1.7411130687117908,2.161394302443631,2.6673640167364137
2024-08-01,One year,2.079650618696059,2.347208759735736,2.725081228382778
2024-07-01,One year,2.541043605563115,2.6765252672754185,2.7964676198486087
2024-06-01,One year,2.515723270440242,2.6019267113018634,2.845699831365939
2024-05-01,One year,2.5412160033602875,2.657249474163212,2.819727531946353
2024-04-01,One year,2.4257061850257293,2.616088973044109,2.719001269572585
2024-03-01,One year,2.3857067787703583,2.850379640783257,2.875331564986731
2024-02-01,One year,2.5192368504269003,2.9480739446015427,3.003514751304711
2024-01-01,One year,2.7448071216617245,3.179500942162827,3.2106164383561646
2023-12-01,One year,2.9766350154699586,3.3264727737975885,3.4998923110058153
2023-11-01,One year,2.5401211605909237,3.3520879915887045,3.7545985717377177
2023-10-01,One year,2.822752449936095,3.762367106776714,4.086512335615684
2023-09-01,One year,4.234633250513127,4.158328258263557,4.401004695861092
2023-08-01,One year,5.023479305449393,4.668507437263946,4.949950500494995
2023-07-01,One year,5.076365234589594,5.127858152251642,5.15144815388018
2023-06-01,One year,5.449320216646409,5.130447995025341,5.387093191158496
2023-05-01,One year,6.0822100924585145,5.292918333135649,5.304715302491099
2023-04-01,One year,6.939921392476145,5.91376852747543,5.597139984359279
2023-03-01,One year,6.958183453237424,6.102777845186568,5.768151722590058
2023-02-01,One year,8.571755550469225,6.390836850315415,5.67248171074846
2023-01-01,One year,8.809963099630998,6.435453091510313,5.486565816211334
2022-12-01,One year,9.242424242424251,6.51560018763721,5.247648192224862
2022-11-01,One year,10.085410085410091,6.923005093896487,5.034663029889768
2022-10-01,One year,10.61623659714857,7.045251087110909,5.01027162748231
2022-09-01,One year,9.940617577197138,6.7755257772126125,4.7591808717538004
2022-08-01,One year,9.076831447290042,6.1628050532059655,4.218732087584538
2022-07-01,One year,8.772558862196728,5.633826513614064,3.9053526303698503
2022-06-01,One year,8.646571394259642,5.642902644348723,3.7211981566820325
2022-05-01,One year,8.06548693872638,5.485663668153175,3.773802654356602
2022-04-01,One year,7.4185765983112075,5.0902339524368845,3.443892291690748
2022-03-01,One year,7.504531722054374,4.56664738832468,3.041165587419051
2022-02-01,One year,5.838178294573635,3.8719624826053898,2.681151045880034
2022-01-01,One year,5.10241182886922,3.297809188209073,2.2627568690833453
2021-12-01,One year,5.018359853121169,3.44222077386533,2.676597230303732
2021-11-01,One year,4.768325569992646,3.0889349717997434,2.492719860221317
2021-10-01,One year,4.1094210009813645,2.6891915006574574,2.12121212121213
2021-09-01,One year,3.465224870975679,2.4924189178958827,1.995332555425897
2021-08-01,One year,3.1580240845416654,2.3509556623506818,1.8566090611863655
2021-07-01,One year,2.348623853211011,1.6417315543362392,0.9859645052778201
2021-06-01,One year,2.009065294622076,1.5376898922366717,1.0242085661080023
2021-05-01,One year,1.9764301497667562,1.5123519894817976,0.9201024924295438
2021-04-01,One year,1.655426118945443,1.4408050056576451,0.8038210624417494
2021-03-01,One year,1.2356251529239115,1.2303149781978382,0.8160410352063451
2021-02-01,One year,0.8058608058608017,1.1142664721130902,0.9684947491248522
2021-01-01,One year,0.7325112928824423,1.2119783805423385,1.215237204954436
2020-12-01,One year,-0.25637895250884357,0.3573594209269081,0.256679500641714
2020-11-01,One year,-0.2811392250336193,0.26974090885028246,0.2569193039822479
2020-10-01,One year,-0.23252967812996908,0.30354027692346786,0.25706940874035855
2020-09-01,One year,-0.28182820732753827,0.40943108841474307,0.2573701450631713
2020-08-01,One year,-0.2206964198136425,0.5139402658628175,0.31627035258286984
2020-07-01,One year,0.3683241252301991,1.2385742704283276,1.1498298721107472
2020-06-01,One year,0.25792188651436226,1.0834653237142962,0.8450704225352099
2020-05-01,One year,0.07371007371005904,1.0114058887505775,0.9049241979080925
2020-04-01,One year,0.29516664616897664,1.0157412019827903,0.8577135471742497
2020-03-01,One year,0.7767229688077862,1.185372047123021,1.0603204524033998
2020-02-01,One year,1.1735639283508374,1.2958500552651937,1.144812935205947
2020-01-01,One year,1.3110698824984568,1.3018201789513566,1.015108593012275
2019-12-01,One year,1.3236021771400213,1.3836154126489266,1.2641776937618068
2019-11-01,One year,0.9127914148267043,1.2657885354112117,1.2174940898345168
2019-10-01,One year,0.8018751542067499,1.2077096671915029,1.1583924349881844
2019-09-01,One year,0.9025717111770575,1.227125215263858,1.1238613509996485
2019-08-01,One year,1.1157946937763523,1.447854048480734,1.089402013025461
2019-07-01,One year,1.1047666335650452,1.321363720395174,0.9834123222748794
2019-06-01,One year,1.2308839985080129,1.3390001953298902,1.067615658362996
2019-05-01,One year,1.2815727261415963,1.2753772029287886,0.8772969768820499
2019-04-01,One year,1.5613290032475642,1.3989422835257206,1.0807600950118723
2019-03-01,One year,1.5016894005756514,1.2592208045209603,0.9154678397336774
2019-02-01,One year,1.3902805611222437,1.3539514275647992,0.8450368959771578
2019-01-01,One year,1.2650300601202291,1.3248403315233497,0.9051929490233507
2018-12-01,One year,1.5577889447236295,1.2559662543954602,0.9541984732824393
2018-11-01,One year,1.9620173563073675,1.36552429923631,0.9667024704618545
2018-10-01,One year,2.2839116719242933,1.5965193170264553,1.1719684286055845
2018-09-01,One year,2.1083196566090163,1.430928009215224,0.9554520482503249
2018-08-01,One year,2.0237794080445157,1.3706918028245652,0.9563658099222919
2018-07-01,One year,2.116871593357842,1.49219497862195,1.029446971510653
2018-06-01,One year,1.9908698960182696,1.5414885061490307,0.994369234455491
2018-05-01,One year,1.8760299150716235,1.504235925593854,1.1269631938616445
2018-04-01,One year,1.3802709889831626,1.264821484084747,0.9229294018937984
2018-03-01,One year,1.318625586408003,1.3169896688856824,0.9723889555822356
2018-02-01,One year,1.1529203091346718,1.2412143385273051,1.0220031261272025
2018-01-01,One year,1.3197969543147288,1.3544386781057018,1.010587102983625
2017-12-01,One year,1.3883581709336252,1.2845047563466028,0.9512341962673164
2017-11-01,One year,1.57128257537047,1.2982565594215951,1.0004821600771607
2017-10-01,One year,1.3816041959831116,1.2067009998068852,0.9050319777965489
2017-09-01,One year,1.5382643250865127,1.4982240178657606,1.1476201981154903
2017-08-01,One year,1.4630390143737173,1.3002262154214765,1.148730350665058
2017-07-01,One year,1.2578616352201308,1.2988421973233648,1.089060987415302
2017-06-01,One year,1.2063655030800793,1.2782657913092317,1.0532687651331776
2017-05-01,One year,1.4531893004115166,1.310293836728401,1.0050859772341951
2017-04-01,One year,1.752351501095219,1.3843635655492599,1.0660205935796605
2017-03-01,One year,1.7021276595744779,1.465511394565095,0.9329940627650503
2017-02-01,One year,1.963570598113952,1.536919420354684,0.8365664403491728
2017-01-01,One year,1.74306003873466,1.452204722149138,0.8737864077669889
2016-12-01,One year,1.1205564142194804,NA,0.8867832847424734
2016-11-01,One year,0.6040354710191477,NA,0.8019441069258768
2016-10-01,One year,0.5143371480005217,NA,0.75379939209727
2016-09-01,One year,0.38605070132545544,NA,0.7914282235480405
2016-08-01,One year,0.20576131687242358,NA,0.7676373827220784
2016-07-01,One year,0.12851818532321593,NA,0.8173722093448844
2016-06-01,One year,0.03851585569392879,NA,0.780868716447048
2016-05-01,One year,-0.1284356537374702,NA,0.8056640624999958
2016-04-01,One year,-0.1415337107565613,NA,0.8675464320625534
2016-03-01,One year,-0.10305294344969508,NA,0.9294362235538769
2016-02-01,One year,-0.1161290322580689,NA,0.8559550012227962
2016-01-01,One year,0.3238341968911917,NA,0.968018625168492
2015-12-01,One year,0.4268529297632885,NA,1.142646516771093
2015-11-01,One year,0.348207376837756,NA,1.205115592720123
2015-10-01,One year,0.25783163594173375,NA,1.2681605515882801
2015-09-01,One year,0.05149993562507023,NA,1.0830769230769175
2015-08-01,One year,0.21910039953602486,NA,1.058982883881295
2015-07-01,One year,0.3223310985043837,NA,1.0727496917386
2015-06-01,One year,0.4254770500257843,NA,1.0853478046373897
2015-05-01,One year,0.46451612903225736,NA,1.0983586326052086
2015-04-01,One year,0.2192134107027746,NA,0.9497964721845445
2015-03-01,One year,0.10315925209542012,NA,0.8883405305367043
2015-02-01,One year,-0.1031193606599617,NA,0.9629629629629645
2015-01-01,One year,-0.3870967741935447,NA,0.9275290625772941
2014-12-01,One year,-0.15497869043007173,NA,0.7551374102500612
2014-11-01,One year,0.33643892339545173,NA,0.7308311656137609
2014-10-01,One year,0.3882489970234207,NA,0.7442322004465323
2014-09-01,One year,0.3099573808601251,NA,0.756448412698412
2014-08-01,One year,0.28434793847744455,NA,0.8318847777501706
2014-07-01,One year,0.29742661321609204,NA,0.6828057107386681
2014-06-01,One year,0.47933670164529674,NA,0.7079865855173185
2014-05-01,One year,0.5448884276076825,NA,0.7459903021260652
2014-04-01,One year,0.6097560975609742,NA,0.8584224931574991
2014-03-01,One year,0.5706134094151183,NA,0.8586361373817791
2014-02-01,One year,0.7270838743183619,NA,0.9849145991771678
2014-01-01,One year,0.754030161206446,NA,0.8103727714748855
2013-12-01,One year,0.8991399530883659,NA,0.7860262008733567
2013-11-01,One year,0.8087659796504103,NA,0.899887514060741
2013-10-01,One year,0.7300221613870451,NA,0.8254127063531902
2013-09-01,One year,1.0835509138381365,NA,1.0020040080160284
2013-08-01,One year,1.2696335078534016,NA,1.0032605969400694
2013-07-01,One year,1.5629104281586523,NA,1.041144004014047
2013-06-01,One year,1.5925243485127583,NA,1.1432160804020237
2013-05-01,One year,1.4210526315789451,NA,1.182538684111224
2013-04-01,One year,1.3543721236028945,NA,1.2342569269521282
2013-03-01,One year,1.6209804955192462,NA,1.3111447302067654
2013-02-01,One year,1.837895015205607,NA,1.2752525252525138
2013-01-01,One year,2.0159151193633895,NA,1.364842663970679
2012-12-01,One year,2.2382094324540267,NA,1.5199493350221696
2012-11-01,One year,2.2133333333333285,NA,1.445416508178015
2012-10-01,One year,2.498663816141088,NA,1.4849600203071296
2012-09-01,One year,2.598446289847305,NA,1.500127129417756
2012-08-01,One year,2.5778732545649863,NA,1.4762025960804233
2012-07-01,One year,2.3799919322307326,NA,1.6447787836287031
2012-06-01,One year,2.3989218328840987,NA,1.6083737554250583
2012-05-01,One year,2.4396818978298995,NA,1.5976482617586911
2012-04-01,One year,2.603885590933611,NA,1.5864892528147507
2012-03-01,One year,2.693192583570165,NA,1.6271620755925638
2012-02-01,One year,2.7441923651677707,NA,1.5514809590973304
2012-01-01,One year,2.66884531590415,NA,1.5528747433264807
2011-12-01,One year,2.7093596059113354,NA,1.5695355718512785
2011-11-01,One year,2.9654036243822026,NA,1.5188569957523579
2011-10-01,One year,2.9719317556411617,NA,1.5204226259502729
2011-09-01,One year,2.879977952321901,NA,1.4967741935483827
2011-08-01,One year,2.7452062353428186,NA,1.4852124499547867
2011-07-01,One year,2.692626346313177,NA,1.39625080801553
2011-06-01,One year,2.585372597815574,NA,1.3847547560502231
2011-05-01,One year,2.6567040265670427,NA,1.37341280124383
2011-04-01,One year,2.6024363233665695,NA,1.3091380427738053
2011-03-01,One year,2.6535148652403397,NA,1.2847132104853294
2011-02-01,One year,2.6209396347413847,NA,1.2725620049344106
2011-01-01,One year,2.4124947706038267,NA,1.234247109263353
2010-12-01,One year,2.2097902097902073,NA,1.0530421216848704
2010-11-01,One year,1.9168882048411984,NA,1.1193544188468039
2010-10-01,One year,1.906898485698281,NA,1.094177413051978
2010-09-01,One year,1.7669331089608622,NA,1.0430247718383274
2010-08-01,One year,1.5977575332866163,NA,1.0044351682755157
2010-07-01,One year,1.756358016017985,NA,1.0318704284221423
2010-06-01,One year,1.4446002805049105,NA,0.9405617243631599
2010-05-01,One year,1.645569620253167,NA,0.8625196027182578
2010-04-01,One year,1.689189189189173,NA,0.928833071690225
2010-03-01,One year,1.4088475626937165,NA,0.9167103195390294
2010-02-01,One year,0.9854990848937109,NA,0.9570005243838543
2010-01-01,One year,1.1281906642222497,NA,1.0370175899186034
2009-12-01,One year,0.8889516015239105,NA,1.0376986733219578
2009-11-01,One year,0.4497540407589503,NA,1.0123586642124587
2009-10-01,One year,-0.16797312430011835,NA,1.1062821019359794
2009-09-01,One year,-0.32149846239866364,NA,1.200686106346479
2009-08-01,One year,-0.19583158483704094,NA,1.2681638044914052
2009-07-01,One year,-0.62831611281765265,NA,1.310043668122283
2009-06-01,One year,-0.15404005041310662,NA,1.3907284768211883
2009-05-01,One year,0.028137310073151407,NA,1.5258060236168123
2009-04-01,One year,0.4951195360022755,NA,1.594896331738441
2009-03-01,One year,0.6665721174301501,NA,1.5965939329430585
2009-02-01,One year,1.2111712738671903,NA,1.720229363915197
2009-01-01,One year,1.169924382936215,NA,1.6682236754304014
2008-12-01,One year,1.5620521639438283,NA,1.8325307651150216
2008-11-01,One year,2.1243002727142297,NA,1.9024651661307634
2008-10-01,One year,3.147559919145239,NA,1.9057844584619534
2008-09-01,One year,3.62108922363847,NA,1.8682795698924737
2008-08-01,One year,3.80426891244372,NA,1.8568353067814987
2008-07-01,One year,4.068584713746021,NA,1.7366720516962735
2008-06-01,One year,3.974956319161312,NA,1.8069039913700156
2008-05-01,One year,3.6604929269359854,NA,1.700175414923769
2008-04-01,One year,3.302645038725691,NA,1.7031630170316177
2008-03-01,One year,3.462949376375641,NA,1.8152262259550305
2008-02-01,One year,3.2362459546925604,NA,1.7227346717308682
2008-01-01,One year,3.2557454331172777,NA,1.8070652173913213
2007-12-01,One year,3.0571555161719206,NA,1.8806214227310027
2007-11-01,One year,3.0164128345408936,NA,1.8558951965065493
2007-10-01,One year,2.5162818235642432,NA,1.8174364580486446
2007-09-01,One year,2.130177514792917,NA,1.8201724373888224
2007-08-01,One year,1.7582742316784832,NA,1.8919659994515978
2007-07-01,One year,1.8047337278106492,NA,1.9069831252572378
2007-06-01,One year,1.899109792284868,NA,1.8821266657507767
2007-05-01,One year,1.9173602853745424,NA,1.9955959262317684
2007-04-01,One year,1.9669199821189203,NA,1.9570011025358345
2007-03-01,One year,1.9141618064902066,NA,1.8206896551724046
2007-02-01,One year,1.8426966292134892,NA,1.86541384551609
2007-01-01,One year,1.8607442977190798,NA,1.7699115044247804
2006-12-01,One year,1.880830574781824,NA,1.5218594355284922
2006-11-01,One year,1.8524096385542013,NA,1.5099044188945885
2006-10-01,One year,1.5634395670475139,NA,1.497919556172001
2006-09-01,One year,1.7459361830222706,NA,1.4720177753089683
2006-08-01,One year,2.2974607013301243,NA,1.4041429167245805
2006-07-01,One year,2.4397636005455365,NA,1.4898357003620266
2006-06-01,One year,2.4471804225566185,NA,1.4353400222965456
2006-05-01,One year,2.467255558940001,NA,1.3247803653604837
2006-04-01,One year,2.2862368541380884,NA,1.2983386849085674
2006-03-01,One year,2.2320746063293195,NA,1.384421759194511
2006-02-01,One year,2.3616009814445738,NA,1.2734396865379385
2006-01-01,One year,2.444273635664879,NA,1.274331326144793
2005-12-01,One year,2.230426088294091,NA,1.3176338659938291
2005-11-01,One year,2.2482291345857837,NA,1.3335204941044398
2005-10-01,One year,2.417244033872199,NA,1.3494517852122487
2005-09-01,One year,2.594193946880779,NA,1.3083849184018104
2005-08-01,One year,2.193388940376895,NA,1.281329203041412
2005-07-01,One year,2.1833384948900534,NA,1.3404825737265254
2005-06-01,One year,2.0158164056443035,NA,1.3702500353157208
2005-05-01,One year,1.9406924390622575,NA,1.500353857041738
2005-04-01,One year,2.1326276463262834,NA,1.4445545956663306
2005-03-01,One year,2.0755305867665395,NA,1.4758053072229407
2005-02-01,One year,2.1139993736298064,NA,1.5345268542199464
2005-01-01,One year,1.9912198181247978,NA,1.6657175398633282
2004-12-01,One year,2.281308999370678,NA,1.870626874196776
2004-11-01,One year,2.2033364809568754,NA,1.8296169239565483
2004-10-01,One year,2.347935707532307,NA,1.8030910131654339
2004-09-01,One year,2.1128981393882107,NA,1.8192236069330983
2004-08-01,One year,2.3557312252964344,NA,1.9523399368360603
2004-07-01,One year,2.313054499366288,NA,1.824712643678176
2004-06-01,One year,2.3813303698999726,NA,1.8414616601927793
2004-05-01,One year,2.416918429003015,NA,1.7718236819360471
2004-04-01,One year,2.097902097902087,NA,1.8756312220458766
2004-03-01,One year,1.6981431518806545,NA,1.747040138608134
2004-02-01,One year,1.6555237185609664,NA,1.8376501229923254
2004-01-01,One year,1.8361807440523688,NA,1.7233888486603879
2003-12-01,One year,1.9733675597625604,NA,1.5810850014505415
2003-11-01,One year,2.105094006106383,NA,1.6122004357298467
2003-10-01,One year,1.9765386469548514,NA,1.702808907000439
2003-09-01,One year,2.0598648213710993,NA,1.734188283299326
2003-08-01,One year,1.9996774713755878,NA,1.6340822877151888
2003-07-01,One year,1.9873969946679542,NA,1.6949152542372832
2003-06-01,One year,1.9915803108808354,NA,1.7864987553082425
2003-05-01,One year,1.8296632124352372,NA,1.8187151657377454
2003-04-01,One year,1.9442644199611194,NA,1.7917462182405621
2003-03-01,One year,2.455284552845525,NA,1.957897836007652
2003-02-01,One year,2.346041055718471,NA,1.8570375829034713
2003-01-01,One year,2.119680417413997,NA,1.9037780401416646
2002-12-01,One year,2.2977186935827976,NA,2.1636040308239384
2002-11-01,One year,2.267871815940831,NA,2.242352242352229
2002-10-01,One year,2.267871815940831,NA,2.247023809523796
2002-09-01,One year,2.136752136752132,NA,2.341536167039534
2002-08-01,One year,2.158154859967043,NA,2.3902001792650265
2002-07-01,One year,2.027695351137494,NA,2.439754527765298
2002-06-01,One year,1.8637638132937413,NA,2.4606151537884475
2002-05-01,One year,2.015196564255036,NA,2.449286250939158
2002-04-01,One year,2.4398340248962636,NA,2.4988709920216716
2002-03-01,One year,2.4317121918720868,NA,2.4430704267832972
2002-02-01,One year,2.453680520781182,NA,2.4614919963757105
2002-01-01,One year,2.627175368139224,NA,2.3874282260501634
2001-12-01,One year,1.940772963024923,NA,2.087745839636929
2001-11-01,One year,1.8580515567458977,NA,2.061230675962412
2001-10-01,One year,2.1315877811346144,NA,2.003642987249556
2001-09-01,One year,2.2005711406013813,NA,1.9461760681161642
2001-08-01,One year,2.481850413641746,NA,1.9183922046284878
2001-07-01,One year,2.60487144790257,NA,1.9066503965832826
2001-06-01,One year,2.640934484509907,NA,1.631594998475156
2001-05-01,One year,2.83675896042127,NA,1.5720390720390738
2001-04-01,One year,2.500850629465803,NA,1.4353336387234876
2001-03-01,One year,2.108843537414969,NA,1.2830303956010438
2001-02-01,One year,2.113516277484225,NA,1.2073972184013326
2001-01-01,One year,1.9447287615148423,NA,1.084466167710414
2000-12-01,One year,2.1185716726465094,NA,1.0085574572127087
2000-11-01,One year,2.364633310486639,NA,0.9331497628881741
2000-10-01,One year,2.2481551398661317,NA,0.9191176470588149
2000-09-01,One year,2.232526189249535,NA,0.7351814979322863
2000-08-01,One year,1.7697594501718108,NA,0.5203550658096164
2000-07-01,One year,1.738082946136634,NA,0.38278977185729596
2000-06-01,One year,1.8623900672529714,NA,0.5519779208831639
2000-05-01,One year,1.570048309178738,NA,0.5370569280343629
2000-04-01,One year,1.3623038454906002,NA,0.5064456721915259
2000-03-01,One year,1.7125064867669866,NA,0.506601166717836
2000-02-01,One year,1.6106685140284027,NA,0.5069124423963326
2000-01-01,One year,1.5592515592515568,NA,0.5992624462200378
1999-12-01,One year,1.3506493506493527,NA,0.5068345876209466
1999-11-01,One year,1.0562770562770554,NA,0.4456054087277293
1999-10-01,One year,0.8829639889196765,NA,0.32272936837253413
1999-09-01,One year,0.7962610351393349,NA,0.3535198278512204
1999-08-01,One year,0.7268951194184868,NA,0.46125461254612105
1999-07-01,One year,0.6582366187424261,NA,0.5542725173210152
1999-06-01,One year,0.4851845434066906,NA,0.46210720887245404
1999-05-01,One year,0.5377276669557716,NA,0.5244485577664714
1999-04-01,One year,0.7645525629887139,NA,0.6954102920723271
1999-03-01,One year,0.5741127348643101,NA,0.7579273008507267
1999-02-01,One year,0.3999304468788106,NA,0.6960556844547388
1999-01-01,One year,0.43500957021054465,NA,0.8210689388071281
1998-12-01,One year,0.3998609179415801,NA,0.8675445391169672
1998-11-01,One year,0.46972860125261506,NA,0.977501939487968
1998-10-01,One year,0.5921281783350685,NA,1.0560646063053154
1998-09-01,One year,0.6270684549730127,NA,0.9621353196772262
1998-08-01,One year,0.6971070059254071,NA,0.9154383242823947
1998-07-01,One year,0.9089320048942423,NA,0.8853681267474486
1998-06-01,One year,1.0152284263959361,NA,0.948530555123619
1998-05-01,One year,0.9985984583041351,NA,0.8713241014470239
1998-04-01,One year,0.9472022452201353,NA,0.7630021800062207
1998-03-01,One year,0.7537248028045569,NA,0.6382316313823332
1998-02-01,One year,0.7004027315706507,NA,0.6382316313823332
1998-01-01,One year,0.6303624584135868,NA,0.5921770297646805
1997-12-01,One year,NA,NA,NA
1997-11-01,One year,NA,NA,NA
1997-10-01,One year,NA,NA,NA
1997-09-01,One year,NA,NA,NA
1997-08-01,One year,NA,NA,NA
1997-07-01,One year,NA,NA,NA
1997-06-01,One year,NA,NA,NA
1997-05-01,One year,NA,NA,NA
1997-04-01,One year,NA,NA,NA
1997-03-01,One year,NA,NA,NA
1997-02-01,One year,NA,NA,NA
1997-01-01,One year,NA,NA,NA
1996-12-01,One year,NA,NA,NA
1996-11-01,One year,NA,NA,NA
1996-10-01,One year,NA,NA,NA
1996-09-01,One year,NA,NA,NA
1996-08-01,One year,NA,NA,NA
1996-07-01,One year,NA,NA,NA
1996-06-01,One year,NA,NA,NA
1996-05-01,One year,NA,NA,NA
1996-04-01,One year,NA,NA,NA
1996-03-01,One year,NA,NA,NA
1996-02-01,One year,NA,NA,NA
1996-01-01,One year,NA,NA,NA
1995-12-01,One year,NA,NA,NA
1995-11-01,One year,NA,NA,NA
1995-10-01,One year,NA,NA,NA
1995-09-01,One year,NA,NA,NA
1995-08-01,One year,NA,NA,NA
1995-07-01,One year,NA,NA,NA
1995-06-01,One year,NA,NA,NA
1995-05-01,One year,NA,NA,NA
1995-04-01,One year,NA,NA,NA
1995-03-01,One year,NA,NA,NA
1995-02-01,One year,NA,NA,NA
1995-01-01,One year,NA,NA,NA
1994-12-01,One year,NA,NA,NA
1994-11-01,One year,NA,NA,NA
1994-10-01,One year,NA,NA,NA
1994-09-01,One year,NA,NA,NA
1994-08-01,One year,NA,NA,NA
1994-07-01,One year,NA,NA,NA
1994-06-01,One year,NA,NA,NA
1994-05-01,One year,NA,NA,NA
1994-04-01,One year,NA,NA,NA
1994-03-01,One year,NA,NA,NA
1994-02-01,One year,NA,NA,NA
1994-01-01,One year,NA,NA,NA
1993-12-01,One year,NA,NA,NA
1993-11-01,One year,NA,NA,NA
1993-10-01,One year,NA,NA,NA
1993-09-01,One year,NA,NA,NA
1993-08-01,One year,NA,NA,NA
1993-07-01,One year,NA,NA,NA
1993-06-01,One year,NA,NA,NA
1993-05-01,One year,NA,NA,NA
1993-04-01,One year,NA,NA,NA
1993-03-01,One year,NA,NA,NA
1993-02-01,One year,NA,NA,NA
1993-01-01,One year,NA,NA,NA
1992-12-01,One year,NA,NA,NA
1992-11-01,One year,NA,NA,NA
1992-10-01,One year,NA,NA,NA
1992-09-01,One year,NA,NA,NA
1992-08-01,One year,NA,NA,NA
1992-07-01,One year,NA,NA,NA
1992-06-01,One year,NA,NA,NA
1992-05-01,One year,NA,NA,NA
1992-04-01,One year,NA,NA,NA
1992-03-01,One year,NA,NA,NA
1992-02-01,One year,NA,NA,NA
1992-01-01,One year,NA,NA,NA
1991-12-01,One year,NA,NA,NA
1991-11-01,One year,NA,NA,NA
1991-10-01,One year,NA,NA,NA
1991-09-01,One year,NA,NA,NA
1991-08-01,One year,NA,NA,NA
1991-07-01,One year,NA,NA,NA
1991-06-01,One year,NA,NA,NA
1991-05-01,One year,NA,NA,NA
1991-04-01,One year,NA,NA,NA
1991-03-01,One year,NA,NA,NA
1991-02-01,One year,NA,NA,NA
1991-01-01,One year,NA,NA,NA
1990-12-01,One year,NA,NA,NA
1990-11-01,One year,NA,NA,NA
1990-10-01,One year,NA,NA,NA
1990-09-01,One year,NA,NA,NA
1990-08-01,One year,NA,NA,NA
1990-07-01,One year,NA,NA,NA
1990-06-01,One year,NA,NA,NA
1990-05-01,One year,NA,NA,NA
1990-04-01,One year,NA,NA,NA
1990-03-01,One year,NA,NA,NA
1990-02-01,One year,NA,NA,NA
1990-01-01,One year,NA,NA,NA
1989-12-01,One year,NA,NA,NA
1989-11-01,One year,NA,NA,NA
1989-10-01,One year,NA,NA,NA
1989-09-01,One year,NA,NA,NA
1989-08-01,One year,NA,NA,NA
1989-07-01,One year,NA,NA,NA
1989-06-01,One year,NA,NA,NA
1989-05-01,One year,NA,NA,NA
1989-04-01,One year,NA,NA,NA
1989-03-01,One year,NA,NA,NA
1989-02-01,One year,NA,NA,NA
1989-01-01,One year,NA,NA,NA
1988-12-01,One year,NA,NA,NA
1988-11-01,One year,NA,NA,NA
1988-10-01,One year,NA,NA,NA
1988-09-01,One year,NA,NA,NA
1988-08-01,One year,NA,NA,NA
1988-07-01,One year,NA,NA,NA
1988-06-01,One year,NA,NA,NA
1988-05-01,One year,NA,NA,NA
1988-04-01,One year,NA,NA,NA
1988-03-01,One year,NA,NA,NA
1988-02-01,One year,NA,NA,NA
1988-01-01,One year,NA,NA,NA
1987-12-01,One year,NA,NA,NA
1987-11-01,One year,NA,NA,NA
1987-10-01,One year,NA,NA,NA
1987-09-01,One year,NA,NA,NA
1987-08-01,One year,NA,NA,NA
1987-07-01,One year,NA,NA,NA
1987-06-01,One year,NA,NA,NA
1987-05-01,One year,NA,NA,NA
1987-04-01,One year,NA,NA,NA
1987-03-01,One year,NA,NA,NA
1987-02-01,One year,NA,NA,NA
1987-01-01,One year,NA,NA,NA
1986-12-01,One year,NA,NA,NA
1986-11-01,One year,NA,NA,NA
1986-10-01,One year,NA,NA,NA
1986-09-01,One year,NA,NA,NA
1986-08-01,One year,NA,NA,NA
1986-07-01,One year,NA,NA,NA
1986-06-01,One year,NA,NA,NA
1986-05-01,One year,NA,NA,NA
1986-04-01,One year,NA,NA,NA
1986-03-01,One year,NA,NA,NA
1986-02-01,One year,NA,NA,NA
1986-01-01,One year,NA,NA,NA
1985-12-01,One year,NA,NA,NA
1985-11-01,One year,NA,NA,NA
1985-10-01,One year,NA,NA,NA
1985-09-01,One year,NA,NA,NA
1985-08-01,One year,NA,NA,NA
1985-07-01,One year,NA,NA,NA
1985-06-01,One year,NA,NA,NA
1985-05-01,One year,NA,NA,NA
1985-04-01,One year,NA,NA,NA
1985-03-01,One year,NA,NA,NA
1985-02-01,One year,NA,NA,NA
1985-01-01,One year,NA,NA,NA
1984-12-01,One year,NA,NA,NA
1984-11-01,One year,NA,NA,NA
1984-10-01,One year,NA,NA,NA
1984-09-01,One year,NA,NA,NA
1984-08-01,One year,NA,NA,NA
1984-07-01,One year,NA,NA,NA
1984-06-01,One year,NA,NA,NA
1984-05-01,One year,NA,NA,NA
1984-04-01,One year,NA,NA,NA
1984-03-01,One year,NA,NA,NA
1984-02-01,One year,NA,NA,NA
1984-01-01,One year,NA,NA,NA
1983-12-01,One year,NA,NA,NA
1983-11-01,One year,NA,NA,NA
1983-10-01,One year,NA,NA,NA
1983-09-01,One year,NA,NA,NA
1983-08-01,One year,NA,NA,NA
1983-07-01,One year,NA,NA,NA
1983-06-01,One year,NA,NA,NA
1983-05-01,One year,NA,NA,NA
1983-04-01,One year,NA,NA,NA
1983-03-01,One year,NA,NA,NA
1983-02-01,One year,NA,NA,NA
1983-01-01,One year,NA,NA,NA
1982-12-01,One year,NA,NA,NA
1982-11-01,One year,NA,NA,NA
1982-10-01,One year,NA,NA,NA
1982-09-01,One year,NA,NA,NA
1982-08-01,One year,NA,NA,NA
1982-07-01,One year,NA,NA,NA
1982-06-01,One year,NA,NA,NA
1982-05-01,One year,NA,NA,NA
1982-04-01,One year,NA,NA,NA
1982-03-01,One year,NA,NA,NA
1982-02-01,One year,NA,NA,NA
1982-01-01,One year,NA,NA,NA
1981-12-01,One year,NA,NA,NA
1981-11-01,One year,NA,NA,NA
1981-10-01,One year,NA,NA,NA
1981-09-01,One year,NA,NA,NA
1981-08-01,One year,NA,NA,NA
1981-07-01,One year,NA,NA,NA
1981-06-01,One year,NA,NA,NA
1981-05-01,One year,NA,NA,NA
1981-04-01,One year,NA,NA,NA
1981-03-01,One year,NA,NA,NA
1981-02-01,One year,NA,NA,NA
1981-01-01,One year,NA,NA,NA
1980-12-01,One year,NA,NA,NA
1980-11-01,One year,NA,NA,NA
1980-10-01,One year,NA,NA,NA
1980-09-01,One year,NA,NA,NA
1980-08-01,One year,NA,NA,NA
1980-07-01,One year,NA,NA,NA
1980-06-01,One year,NA,NA,NA
1980-05-01,One year,NA,NA,NA
1980-04-01,One year,NA,NA,NA
1980-03-01,One year,NA,NA,NA
1980-02-01,One year,NA,NA,NA
1980-01-01,One year,NA,NA,NA
1979-12-01,One year,NA,NA,NA
1979-11-01,One year,NA,NA,NA
1979-10-01,One year,NA,NA,NA
1979-09-01,One year,NA,NA,NA
1979-08-01,One year,NA,NA,NA
1979-07-01,One year,NA,NA,NA
1979-06-01,One year,NA,NA,NA
1979-05-01,One year,NA,NA,NA
1979-04-01,One year,NA,NA,NA
1979-03-01,One year,NA,NA,NA
1979-02-01,One year,NA,NA,NA
1979-01-01,One year,NA,NA,NA
1978-12-01,One year,NA,NA,NA
1978-11-01,One year,NA,NA,NA
1978-10-01,One year,NA,NA,NA
1978-09-01,One year,NA,NA,NA
1978-08-01,One year,NA,NA,NA
1978-07-01,One year,NA,NA,NA
1978-06-01,One year,NA,NA,NA
1978-05-01,One year,NA,NA,NA
1978-04-01,One year,NA,NA,NA
1978-03-01,One year,NA,NA,NA
1978-02-01,One year,NA,NA,NA
1978-01-01,One year,NA,NA,NA
1977-12-01,One year,NA,NA,NA
1977-11-01,One year,NA,NA,NA
1977-10-01,One year,NA,NA,NA
1977-09-01,One year,NA,NA,NA
1977-08-01,One year,NA,NA,NA
1977-07-01,One year,NA,NA,NA
1977-06-01,One year,NA,NA,NA
1977-05-01,One year,NA,NA,NA
1977-04-01,One year,NA,NA,NA
1977-03-01,One year,NA,NA,NA
1977-02-01,One year,NA,NA,NA
1977-01-01,One year,NA,NA,NA
1976-12-01,One year,NA,NA,NA
1976-11-01,One year,NA,NA,NA
1976-10-01,One year,NA,NA,NA
1976-09-01,One year,NA,NA,NA
1976-08-01,One year,NA,NA,NA
1976-07-01,One year,NA,NA,NA
1976-06-01,One year,NA,NA,NA
1976-05-01,One year,NA,NA,NA
1976-04-01,One year,NA,NA,NA
1976-03-01,One year,NA,NA,NA
1976-02-01,One year,NA,NA,NA
1976-01-01,One year,NA,NA,NA
1975-12-01,One year,NA,NA,NA
1975-11-01,One year,NA,NA,NA
1975-10-01,One year,NA,NA,NA
1975-09-01,One year,NA,NA,NA
1975-08-01,One year,NA,NA,NA
1975-07-01,One year,NA,NA,NA
1975-06-01,One year,NA,NA,NA
1975-05-01,One year,NA,NA,NA
1975-04-01,One year,NA,NA,NA
1975-03-01,One year,NA,NA,NA
1975-02-01,One year,NA,NA,NA
1975-01-01,One year,NA,NA,NA
1974-12-01,One year,NA,NA,NA
1974-11-01,One year,NA,NA,NA
1974-10-01,One year,NA,NA,NA
1974-09-01,One year,NA,NA,NA
1974-08-01,One year,NA,NA,NA
1974-07-01,One year,NA,NA,NA
1974-06-01,One year,NA,NA,NA
1974-05-01,One year,NA,NA,NA
1974-04-01,One year,NA,NA,NA
1974-03-01,One year,NA,NA,NA
1974-02-01,One year,NA,NA,NA
1974-01-01,One year,NA,NA,NA
1973-12-01,One year,NA,NA,NA
1973-11-01,One year,NA,NA,NA
1973-10-01,One year,NA,NA,NA
1973-09-01,One year,NA,NA,NA
1973-08-01,One year,NA,NA,NA
1973-07-01,One year,NA,NA,NA
1973-06-01,One year,NA,NA,NA
1973-05-01,One year,NA,NA,NA
1973-04-01,One year,NA,NA,NA
1973-03-01,One year,NA,NA,NA
1973-02-01,One year,NA,NA,NA
1973-01-01,One year,NA,NA,NA
1972-12-01,One year,NA,NA,NA
1972-11-01,One year,NA,NA,NA
1972-10-01,One year,NA,NA,NA
1972-09-01,One year,NA,NA,NA
1972-08-01,One year,NA,NA,NA
1972-07-01,One year,NA,NA,NA
1972-06-01,One year,NA,NA,NA
1972-05-01,One year,NA,NA,NA
1972-04-01,One year,NA,NA,NA
1972-03-01,One year,NA,NA,NA
1972-02-01,One year,NA,NA,NA
1972-01-01,One year,NA,NA,NA
1971-12-01,One year,NA,NA,NA
1971-11-01,One year,NA,NA,NA
1971-10-01,One year,NA,NA,NA
1971-09-01,One year,NA,NA,NA
1971-08-01,One year,NA,NA,NA
1971-07-01,One year,NA,NA,NA
1971-06-01,One year,NA,NA,NA
1971-05-01,One year,NA,NA,NA
1971-04-01,One year,NA,NA,NA
1971-03-01,One year,NA,NA,NA
1971-02-01,One year,NA,NA,NA
1971-01-01,One year,NA,NA,NA
1970-12-01,One year,NA,NA,NA
1970-11-01,One year,NA,NA,NA
1970-10-01,One year,NA,NA,NA
1970-09-01,One year,NA,NA,NA
1970-08-01,One year,NA,NA,NA
1970-07-01,One year,NA,NA,NA
1970-06-01,One year,NA,NA,NA
1970-05-01,One year,NA,NA,NA
1970-04-01,One year,NA,NA,NA
1970-03-01,One year,NA,NA,NA
1970-02-01,One year,NA,NA,NA
1970-01-01,One year,NA,NA,NA
1969-12-01,One year,NA,NA,NA
1969-11-01,One year,NA,NA,NA
1969-10-01,One year,NA,NA,NA
1969-09-01,One year,NA,NA,NA
1969-08-01,One year,NA,NA,NA
1969-07-01,One year,NA,NA,NA
1969-06-01,One year,NA,NA,NA
1969-05-01,One year,NA,NA,NA
1969-04-01,One year,NA,NA,NA
1969-03-01,One year,NA,NA,NA
1969-02-01,One year,NA,NA,NA
1969-01-01,One year,NA,NA,NA
1968-12-01,One year,NA,NA,NA
1968-11-01,One year,NA,NA,NA
1968-10-01,One year,NA,NA,NA
1968-09-01,One year,NA,NA,NA
1968-08-01,One year,NA,NA,NA
1968-07-01,One year,NA,NA,NA
1968-06-01,One year,NA,NA,NA
1968-05-01,One year,NA,NA,NA
1968-04-01,One year,NA,NA,NA
1968-03-01,One year,NA,NA,NA
1968-02-01,One year,NA,NA,NA
1968-01-01,One year,NA,NA,NA
1967-12-01,One year,NA,NA,NA
1967-11-01,One year,NA,NA,NA
1967-10-01,One year,NA,NA,NA
1967-09-01,One year,NA,NA,NA
1967-08-01,One year,NA,NA,NA
1967-07-01,One year,NA,NA,NA
1967-06-01,One year,NA,NA,NA
1967-05-01,One year,NA,NA,NA
1967-04-01,One year,NA,NA,NA
1967-03-01,One year,NA,NA,NA
1967-02-01,One year,NA,NA,NA
1967-01-01,One year,NA,NA,NA
1966-12-01,One year,NA,NA,NA
1966-11-01,One year,NA,NA,NA
1966-10-01,One year,NA,NA,NA
1966-09-01,One year,NA,NA,NA
1966-08-01,One year,NA,NA,NA
1966-07-01,One year,NA,NA,NA
1966-06-01,One year,NA,NA,NA
1966-05-01,One year,NA,NA,NA
1966-04-01,One year,NA,NA,NA
1966-03-01,One year,NA,NA,NA
1966-02-01,One year,NA,NA,NA
1966-01-01,One year,NA,NA,NA
1965-12-01,One year,NA,NA,NA
1965-11-01,One year,NA,NA,NA
1965-10-01,One year,NA,NA,NA
1965-09-01,One year,NA,NA,NA
1965-08-01,One year,NA,NA,NA
1965-07-01,One year,NA,NA,NA
1965-06-01,One year,NA,NA,NA
1965-05-01,One year,NA,NA,NA
1965-04-01,One year,NA,NA,NA
1965-03-01,One year,NA,NA,NA
1965-02-01,One year,NA,NA,NA
1965-01-01,One year,NA,NA,NA
1964-12-01,One year,NA,NA,NA
1964-11-01,One year,NA,NA,NA
1964-10-01,One year,NA,NA,NA
1964-09-01,One year,NA,NA,NA
1964-08-01,One year,NA,NA,NA
1964-07-01,One year,NA,NA,NA
1964-06-01,One year,NA,NA,NA
1964-05-01,One year,NA,NA,NA
1964-04-01,One year,NA,NA,NA
1964-03-01,One year,NA,NA,NA
1964-02-01,One year,NA,NA,NA
1964-01-01,One year,NA,NA,NA
1963-12-01,One year,NA,NA,NA
1963-11-01,One year,NA,NA,NA
1963-10-01,One year,NA,NA,NA
1963-09-01,One year,NA,NA,NA
1963-08-01,One year,NA,NA,NA
1963-07-01,One year,NA,NA,NA
1963-06-01,One year,NA,NA,NA
1963-05-01,One year,NA,NA,NA
1963-04-01,One year,NA,NA,NA
1963-03-01,One year,NA,NA,NA
1963-02-01,One year,NA,NA,NA
1963-01-01,One year,NA,NA,NA
1962-12-01,One year,NA,NA,NA
1962-11-01,One year,NA,NA,NA
1962-10-01,One year,NA,NA,NA
1962-09-01,One year,NA,NA,NA
1962-08-01,One year,NA,NA,NA
1962-07-01,One year,NA,NA,NA
1962-06-01,One year,NA,NA,NA
1962-05-01,One year,NA,NA,NA
1962-04-01,One year,NA,NA,NA
1962-03-01,One year,NA,NA,NA
1962-02-01,One year,NA,NA,NA
1962-01-01,One year,NA,NA,NA
1961-12-01,One year,NA,NA,NA
1961-11-01,One year,NA,NA,NA
1961-10-01,One year,NA,NA,NA
1961-09-01,One year,NA,NA,NA
1961-08-01,One year,NA,NA,NA
1961-07-01,One year,NA,NA,NA
1961-06-01,One year,NA,NA,NA
1961-05-01,One year,NA,NA,NA
1961-04-01,One year,NA,NA,NA
1961-03-01,One year,NA,NA,NA
1961-02-01,One year,NA,NA,NA
1961-01-01,One year,NA,NA,NA
1960-12-01,One year,NA,NA,NA
1960-11-01,One year,NA,NA,NA
1960-10-01,One year,NA,NA,NA
1960-09-01,One year,NA,NA,NA
1960-08-01,One year,NA,NA,NA
1960-07-01,One year,NA,NA,NA
1960-06-01,One year,NA,NA,NA
1960-05-01,One year,NA,NA,NA
1960-04-01,One year,NA,NA,NA
1960-03-01,One year,NA,NA,NA
1960-02-01,One year,NA,NA,NA
1960-01-01,One year,NA,NA,NA
1959-12-01,One year,NA,NA,NA
1959-11-01,One year,NA,NA,NA
1959-10-01,One year,NA,NA,NA
1959-09-01,One year,NA,NA,NA
1959-08-01,One year,NA,NA,NA
1959-07-01,One year,NA,NA,NA
1959-06-01,One year,NA,NA,NA
1959-05-01,One year,NA,NA,NA
1959-04-01,One year,NA,NA,NA
1959-03-01,One year,NA,NA,NA
1959-02-01,One year,NA,NA,NA
1959-01-01,One year,NA,NA,NA
1958-12-01,One year,NA,NA,NA
1958-11-01,One year,NA,NA,NA
1958-10-01,One year,NA,NA,NA
1958-09-01,One year,NA,NA,NA
1958-08-01,One year,NA,NA,NA
1958-07-01,One year,NA,NA,NA
1958-06-01,One year,NA,NA,NA
1958-05-01,One year,NA,NA,NA
1958-04-01,One year,NA,NA,NA
1958-03-01,One year,NA,NA,NA
1958-02-01,One year,NA,NA,NA
1958-01-01,One year,NA,NA,NA
1957-12-01,One year,NA,NA,NA
1957-11-01,One year,NA,NA,NA
1957-10-01,One year,NA,NA,NA
1957-09-01,One year,NA,NA,NA
1957-08-01,One year,NA,NA,NA
1957-07-01,One year,NA,NA,NA
1957-06-01,One year,NA,NA,NA
1957-05-01,One year,NA,NA,NA
1957-04-01,One year,NA,NA,NA
1957-03-01,One year,NA,NA,NA
1957-02-01,One year,NA,NA,NA
1957-01-01,One year,NA,NA,NA
1956-12-01,One year,NA,NA,NA
1956-11-01,One year,NA,NA,NA
1956-10-01,One year,NA,NA,NA
1956-09-01,One year,NA,NA,NA
1956-08-01,One year,NA,NA,NA
1956-07-01,One year,NA,NA,NA
1956-06-01,One year,NA,NA,NA
1956-05-01,One year,NA,NA,NA
1956-04-01,One year,NA,NA,NA
1956-03-01,One year,NA,NA,NA
1956-02-01,One year,NA,NA,NA
1956-01-01,One year,NA,NA,NA
1955-12-01,One year,NA,NA,NA
1955-11-01,One year,NA,NA,NA
1955-10-01,One year,NA,NA,NA
1955-09-01,One year,NA,NA,NA
1955-08-01,One year,NA,NA,NA
1955-07-01,One year,NA,NA,NA
1955-06-01,One year,NA,NA,NA
1955-05-01,One year,NA,NA,NA
1955-04-01,One year,NA,NA,NA
1955-03-01,One year,NA,NA,NA
1955-02-01,One year,NA,NA,NA
1955-01-01,One year,NA,NA,NA
1954-12-01,One year,NA,NA,NA
1954-11-01,One year,NA,NA,NA
1954-10-01,One year,NA,NA,NA
1954-09-01,One year,NA,NA,NA
1954-08-01,One year,NA,NA,NA
1954-07-01,One year,NA,NA,NA
1954-06-01,One year,NA,NA,NA
1954-05-01,One year,NA,NA,NA
1954-04-01,One year,NA,NA,NA
1954-03-01,One year,NA,NA,NA
1954-02-01,One year,NA,NA,NA
1954-01-01,One year,NA,NA,NA
1953-12-01,One year,NA,NA,NA
1953-11-01,One year,NA,NA,NA
1953-10-01,One year,NA,NA,NA
1953-09-01,One year,NA,NA,NA
1953-08-01,One year,NA,NA,NA
1953-07-01,One year,NA,NA,NA
1953-06-01,One year,NA,NA,NA
1953-05-01,One year,NA,NA,NA
1953-04-01,One year,NA,NA,NA
1953-03-01,One year,NA,NA,NA
1953-02-01,One year,NA,NA,NA
1953-01-01,One year,NA,NA,NA
1952-12-01,One year,NA,NA,NA
1952-11-01,One year,NA,NA,NA
1952-10-01,One year,NA,NA,NA
1952-09-01,One year,NA,NA,NA
1952-08-01,One year,NA,NA,NA
1952-07-01,One year,NA,NA,NA
1952-06-01,One year,NA,NA,NA
1952-05-01,One year,NA,NA,NA
1952-04-01,One year,NA,NA,NA
1952-03-01,One year,NA,NA,NA
1952-02-01,One year,NA,NA,NA
1952-01-01,One year,NA,NA,NA
1951-12-01,One year,NA,NA,NA
1951-11-01,One year,NA,NA,NA
1951-10-01,One year,NA,NA,NA
1951-09-01,One year,NA,NA,NA
1951-08-01,One year,NA,NA,NA
1951-07-01,One year,NA,NA,NA
1951-06-01,One year,NA,NA,NA
1951-05-01,One year,NA,NA,NA
1951-04-01,One year,NA,NA,NA
1951-03-01,One year,NA,NA,NA
1951-02-01,One year,NA,NA,NA
1951-01-01,One year,NA,NA,NA
1950-12-01,One year,NA,NA,NA
1950-11-01,One year,NA,NA,NA
1950-10-01,One year,NA,NA,NA
1950-09-01,One year,NA,NA,NA
1950-08-01,One year,NA,NA,NA
1950-07-01,One year,NA,NA,NA
1950-06-01,One year,NA,NA,NA
1950-05-01,One year,NA,NA,NA
1950-04-01,One year,NA,NA,NA
1950-03-01,One year,NA,NA,NA
1950-02-01,One year,NA,NA,NA
1950-01-01,One year,NA,NA,NA
1949-12-01,One year,NA,NA,NA
1949-11-01,One year,NA,NA,NA
1949-10-01,One year,NA,NA,NA
1949-09-01,One year,NA,NA,NA
1949-08-01,One year,NA,NA,NA
1949-07-01,One year,NA,NA,NA
1949-06-01,One year,NA,NA,NA
1949-05-01,One year,NA,NA,NA
1949-04-01,One year,NA,NA,NA
1949-03-01,One year,NA,NA,NA
1949-02-01,One year,NA,NA,NA
1949-01-01,One year,NA,NA,NA
1948-12-01,One year,NA,NA,NA
1948-11-01,One year,NA,NA,NA
1948-10-01,One year,NA,NA,NA
1948-09-01,One year,NA,NA,NA
1948-08-01,One year,NA,NA,NA
1948-07-01,One year,NA,NA,NA
1948-06-01,One year,NA,NA,NA
1948-05-01,One year,NA,NA,NA
1948-04-01,One year,NA,NA,NA
1948-03-01,One year,NA,NA,NA
1948-02-01,One year,NA,NA,NA
1948-01-01,One year,NA,NA,NA
1947-12-01,One year,NA,NA,NA
1947-11-01,One year,NA,NA,NA
1947-10-01,One year,NA,NA,NA
1947-09-01,One year,NA,NA,NA
1947-08-01,One year,NA,NA,NA
1947-07-01,One year,NA,NA,NA
1947-06-01,One year,NA,NA,NA
1947-05-01,One year,NA,NA,NA
1947-04-01,One year,NA,NA,NA
1947-03-01,One year,NA,NA,NA
1947-02-01,One year,NA,NA,NA
1947-01-01,One year,NA,NA,NA
