date,down,up,up_pc,down_pc,pi_pc,pi,pi_ma14,social media
2026-08-23,21,121,0.852112676056338,0.14788732394366197,5.761904761904762,0.704225352112676,0.48075303351028653,0.4820075710306167
2026-08-22,65,393,0.8580786026200873,0.14192139737991266,6.046153846153846,0.7161572052401746,0.4585464607403335,0.4758869054311807
2026-08-21,82,347,0.8088578088578089,0.19114219114219114,4.231707317073171,0.6177156177156178,0.4481243699291995,0.4725665911653567
2026-08-20,125,413,0.7676579925650557,0.23234200743494424,3.304,0.5353159851301115,0.4240831679520545,0.4713586268701441
2026-08-19,169,414,0.7101200686106347,0.28987993138936535,2.4497041420118344,0.42024013722126935,0.4253926024905842,0.47299721958680374
2026-08-18,104,348,0.7699115044247787,0.23008849557522124,3.3461538461538463,0.5398230088495575,0.41993912145441714,0.4686402723301543
2026-08-17,98,290,0.7474226804123711,0.25257731958762886,2.9591836734693877,0.4948453608247423,0.40763516136284644,0.46662278391886053
2026-08-16,56,243,0.8127090301003345,0.18729096989966554,4.339285714285714,0.6254180602006689,0.40682964095517704,0.4680823883792013
2026-08-15,46,210,0.8203125,0.1796875,4.565217391304348,0.640625,0.4070074207082855,0.45818583646994787
2026-08-14,107,231,0.6834319526627219,0.3165680473372781,2.1588785046728973,0.36686390532544383,0.4117411029742954,0.4396795500267993
2026-08-13,151,321,0.6800847457627118,0.3199152542372881,2.1258278145695364,0.3601694915254237,0.4132333313111077,0.4400693311858112
2026-08-12,251,314,0.5557522123893806,0.44424778761061945,1.250996015936255,0.1115044247787611,0.4224448272580495,0.4425952175221565
2026-08-11,139,290,0.675990675990676,0.32400932400932403,2.0863309352517985,0.35198135198135194,0.43930292052359893,0.4576431564703603
2026-08-10,152,251,0.6228287841191067,0.3771712158808933,1.651315789473684,0.2456575682382134,0.4606730232890505,0.46423615696579973
2026-08-09,91,209,0.6966666666666667,0.30333333333333334,2.2967032967032965,0.3933333333333333,0.4832621085509468,0.46881043573362696
2026-08-08,52,190,0.7851239669421488,0.21487603305785125,3.653846153846154,0.5702479338842976,0.49322735012202784,0.470221238860848
2026-08-07,202,360,0.6405693950177936,0.3594306049822064,1.7821782178217822,0.2811387900355872,0.4970088124015138,0.46771238407926596
2026-08-06,104,362,0.776824034334764,0.22317596566523606,3.480769230769231,0.553648068669528,0.5186340857882336,0.4757294979182839
2026-08-05,145,297,0.6719457013574661,0.32805429864253394,2.048275862068966,0.3438914027149322,0.5206018366830231,0.4652420668943722
2026-08-04,117,253,0.6837837837837838,0.3162162162162162,2.1623931623931627,0.3675675675675676,0.5173414232058914,0.4615115389302071
2026-08-03,55,158,0.7417840375586855,0.25821596244131456,2.872727272727273,0.48356807511737093,0.5256104064748747,0.46293439035305856
2026-08-02,16,70,0.813953488372093,0.18604651162790697,4.375,0.627906976744186,0.5293351358032256,0.45435136064326814
2026-08-01,17,99,0.853448275862069,0.14655172413793102,5.8235294117647065,0.7068965517241379,0.5093642522316104,0.4497832543309758
2026-07-31,45,102,0.6938775510204082,0.30612244897959184,2.2666666666666666,0.3877551020408163,0.46761799707930324,0.4480331895137603
2026-07-30,47,137,0.7445652173913043,0.2554347826086957,2.914893617021276,0.48913043478260865,0.4669053310605147,0.45031382527036706
2026-07-29,46,95,0.6737588652482269,0.3262411347517731,2.0652173913043477,0.34751773049645385,0.4627456077862634,0.4428238727676269
2026-07-26,15,71,0.8255813953488372,0.1744186046511628,4.733333333333333,0.6511627906976745,0.4759833924171214,0.44549189032926145
2026-07-25,23,82,0.780952380952381,0.21904761904761905,3.5652173913043477,0.5619047619047619,0.46779929064254894,0.4374477165874134
2026-07-24,32,105,0.7664233576642335,0.23357664233576642,3.28125,0.5328467153284671,0.45435876291630695,0.4328783416676341
2026-07-23,26,112,0.8115942028985508,0.18840579710144928,4.3076923076923075,0.6231884057971016,0.44721512759966797,0.42883928349232286
2026-07-22,31,118,0.7919463087248322,0.2080536912751678,3.8064516129032255,0.5838926174496644,0.43841595575701786,0.43477804343565946
2026-07-21,49,185,0.7905982905982906,0.2094017094017094,3.775510204081632,0.5811965811965811,0.432824910048334,0.4341950059398703
2026-07-20,40,74,0.6491228070175439,0.3508771929824561,1.85,0.29824561403508776,0.40988229710572105,0.4245356445855936
2026-07-19,31,89,0.7416666666666667,0.25833333333333336,2.8709677419354835,0.48333333333333334,0.40568165465452266,0.4227335730350359
2026-07-18,13,43,0.7678571428571429,0.23214285714285715,3.307692307692308,0.5357142857142858,0.4002583742312423,0.4138750296176689
2026-07-16,29,60,0.6741573033707865,0.3258426966292135,2.068965517241379,0.348314606741573,0.3793675854833106,0.40389988571395363
2026-07-15,43,55,0.5612244897959183,0.4387755102040816,1.2790697674418603,0.1224489795918367,0.3902022564303412,0.40786934473959235
2026-07-10,28,62,0.6888888888888889,0.3111111111111111,2.2142857142857144,0.37777777777777777,0.42844838194821744,0.424724938125798
2026-07-09,35,88,0.7154471544715447,0.2845528455284553,2.5142857142857142,0.43089430894308944,0.43372231948021955,0.42532553872639867
2026-07-08,32,105,0.7664233576642335,0.23357664233576642,3.28125,0.5328467153284671,0.42290213774899044,0.42705235922910506
2026-07-07,19,63,0.7682926829268293,0.23170731707317074,3.3157894736842106,0.5365853658536586,0.41500038824140145,0.42139531008191156
2026-07-06,31,68,0.6868686868686869,0.31313131313131315,2.193548387096774,0.3737373737373737,0.40709614253227777,0.41131145016340925
2026-07-05,19,48,0.7164179104477612,0.2835820895522388,2.526315789473684,0.43283582089552236,0.41139792041896134,0.40795014585423767
2026-07-04,17,51,0.75,0.25,3,0.5,0.41046343938497776,0.41392029510796896
2026-07-03,22,67,0.7528089887640449,0.24719101123595505,3.0454545454545454,0.5056179775280898,0.4311401311143011,0.4125466687343426
2026-07-02,37,63,0.63,0.37,1.7027027027027026,0.26,0.4355651018314067,0.40216578635934075
2026-07-01,27,44,0.6197183098591549,0.38028169014084506,1.6296296296296295,0.23943661971830982,0.4391889920654664,0.4114710701166792
2026-06-30,24,57,0.7037037037037037,0.2962962962962963,2.375,0.40740740740740744,0.4397854914155493,0.42253746850702134
2026-06-29,42,69,0.6216216216216216,0.3783783783783784,1.6428571428571428,0.2432432432432432,0.42749168500409584,0.42815527118364755
2026-06-28,23,69,0.75,0.25,3,0.5,0.4284321859445967,0.43414811766729156
2026-06-27,13,63,0.8289473684210527,0.17105263157894737,4.846153846153846,0.6578947368421053,0.42553643304884387,0.43563621290538673
2026-06-26,34,90,0.7258064516129032,0.27419354838709675,2.647058823529412,0.4516129032258065,0.42100149430337874,0.4301313793930345
2026-06-25,49,87,0.6397058823529411,0.3602941176470588,1.7755102040816326,0.2794117647058823,0.41692875797257783,0.4305968637294865
2026-06-24,26,64,0.7111111111111111,0.28888888888888886,2.4615384615384617,0.4222222222222223,0.43120258070921963,0.4363321578471336
2026-06-23,31,77,0.7129629629629629,0.28703703703703703,2.4838709677419355,0.4259259259259259,0.4277902319224215,0.4381700860008512
2026-06-22,30,76,0.71698113207547165,0.2830188679245283,2.533333333333333,0.43396226415094336,0.4155267577945406,0.43863788829792183
2026-06-21,47,115,0.7098765432098766,0.29012345679012347,2.4468085106382977,0.4197530864197531,0.40450237128951383,0.43287949574707646
2026-06-20,2,17,0.8947368421052632,0.10526315789473684,8.5,0.7894736842105263,0.41737715083096,0.4325253164311485
2026-06-19,16,58,0.7837837837837838,0.21621621621621623,3.6249999999999996,0.5675675675675675,0.393953206354384,0.415262772315758
2026-06-18,61,116,0.655367231638418,0.3446327683615819,1.901639344262295,0.3107344632768361,0.36876647088727477,0.4090617661147518
2026-06-17,85,141,0.6238938053097345,0.37610619469026546,1.6588235294117648,0.24778761061946902,0.3837531481678922,0.4150275987754997
2026-06-16,52,84,0.6176470588235294,0.38235294117647056,1.6153846153846156,0.23529411764705888,0.40528944559849345,0.425811549106779
2026-06-15,58,98,0.6282051282051282,0.3717948717948718,1.689655172413793,0.2564102564102564,0.4288188573631993,0.44107428070544247
2026-06-14,30,81,0.7297297297297297,0.2702702702702703,2.6999999999999997,0.45945945945945943,0.4398640493899864,0.45452489736706836
2026-06-13,29,114,0.7972027972027972,0.20279720279720279,3.931034482758621,0.5944055944055944,0.4457359927619297,0.46192515476732565
2026-06-12,56,129,0.6972972972972973,0.3027027027027027,2.3035714285714284,0.39459459459459456,0.4392612644826902,0.46353010719195026
2026-06-11,69,196,0.7396226415094339,0.26037735849056604,2.8405797101449273,0.4792452830188679,0.44426496948639516,0.4708049644668074
2026-06-10,71,156,0.6872246696035242,0.31277533039647576,2.1971830985915495,0.3744493392070485,0.4414617349850475,0.4752092080219944
2026-06-09,44,74,0.6271186440677966,0.3728813559322034,1.6818181818181819,0.2542372881355932,0.4485499400792809,0.47453443003444107
2026-06-08,76,135,0.6398104265402843,0.36018957345971564,1.776315789473684,0.27962085308056867,0.4617490188013029,0.4761382875705021
2026-06-07,7,28,0.8,0.2,4,0.6000000000000001,0.461256620204639,0.47665603021258257
2026-06-06,28,76,0.7307692307692307,0.2692307692307692,2.7142857142857144,0.4615384615384615,0.4476734820313368,0.47268777624432873
2026-06-05,84,130,0.6074766355140186,0.3925233644859813,1.5476190476190474,0.21495327102803735,0.43657233827713193,0.4677736762598062
2026-06-04,35,111,0.7602739726027398,0.23972602739726026,3.1714285714285717,0.5205479452054795,0.4493570613422287,0.4807508184735208
2026-06-03,32,110,0.7746478873239436,0.22535211267605634,3.4374999999999996,0.5492957746478873,0.4463020493831072,0.48109269478502903
2026-06-02,37,133,0.7823529411764706,0.21764705882352942,3.5945945945945943,0.5647058823529412,0.4463336526150644,0.48072722069046164
2026-06-01,48,115,0.7055214723926381,0.294478527607362,2.3958333333333335,0.4110429447852761,0.4533297040476857,0.47432062135347924
2026-05-31,33,111,0.7708333333333334,0.22916666666666666,3.3636363636363638,0.5416666666666667,0.46918574534415036,0.48499493275836725
2026-05-30,33,100,0.7518796992481203,0.24812030075187969,3.0303030303030303,0.5037593984962405,0.4781143167727217,0.48662475135247146
2026-05-29,53,145,0.7323232323232324,0.2676767676767677,2.7358490566037736,0.4646464646464647,0.48779894990121037,0.49058274902522475
2026-05-28,70,180,0.72,0.28,2.571428571428571,0.43999999999999995,0.49734495944721996,0.4925321884746642
2026-05-27,25,70,0.7368421052631579,0.2631578947368421,2.8,0.47368421052631576,0.5089566810589414,0.4957254657855885
2026-05-26,23,59,0.7195121951219512,0.2804878048780488,2.5652173913043477,0.4390243902439024,0.5005189199896015,0.4991686531933603
2026-05-25,20,35,0.6363636363636364,0.36363636363636365,1.75,0.2727272727272727,0.4905275563397012,0.48783703677160595
2026-05-24,18,43,0.7049180327868853,0.29508196721311475,2.388888888888889,0.4098360655737705,0.4920554402205262,0.49492086203724933
2026-05-23,17,32,0.6530612244897959,0.3469387755102041,1.8823529411764706,0.3061224489795918,0.49770207045732034,0.5067616922076442
2026-05-22,30,69,0.696969696969697,0.30303030303030304,2.3000000000000003,0.393939393939394,0.4989750142424803,0.517137271010594
2026-05-21,47,133,0.7388888888888889,0.2611111111111111,2.8297872340425534,0.4777777777777778,0.5121445756048129,0.5257478818109859
2026-05-20,43,148,0.774869109947644,0.225130890052356,3.4418604651162794,0.549738219895288,0.5158833401869509,0.5320997161429526
2026-05-19,28,138,0.8313253012048193,0.1686746987951807,4.928571428571429,0.6626506024096386,0.515120788765859,0.5294639164637284
2026-05-18,40,178,0.8165137614678899,0.1834862385321101,4.449999999999999,0.6330275229357798,0.49531153865927274,0.5218572674323199
2026-05-17,28,140,0.8333333333333334,0.16666666666666666,5.000000000000001,0.6666666666666667,0.500804120172584,0.5217872830833652
2026-05-15,33,150,0.819672131147541,0.18032786885245902,4.545454545454546,0.639344262295082,0.49513518593222117,0.5029954688370054
2026-05-14,47,187,0.7991452991452992,0.20085470085470086,3.978723404255319,0.5982905982905984,0.493366548149239,0.48560968707222946
2026-05-13,62,250,0.8012820512820513,0.1987179487179487,4.03225806451613,0.6025641025641026,0.4877194175021084,0.4666841681467106
2026-05-12,116,244,0.6777777777777778,0.32222222222222224,2.103448275862069,0.35555555555555557,0.4824942505122355,0.4541628967671715
2026-05-11,82,152,0.6495726495726496,0.3504273504273504,1.853658536585366,0.2991452991452992,0.4978183863971191,0.45352850700234704
2026-05-10,60,110,0.6470588235294118,0.35294117647058826,1.8333333333333333,0.29411764705882354,0.4851465172035108,0.46178884569746825
2026-05-09,23,67,0.7444444444444445,0.25555555555555554,2.91304347826087,0.48888888888888893,0.49778628385397256,0.47386761659976856
2026-05-08,48,94,0.6619718309859155,0.3380281690140845,1.9583333333333335,0.323943661971831,0.5158213139579682,0.4758400722486948
2026-05-07,35,131,0.7891566265060241,0.21084337349397592,3.742857142857143,0.5783132530120483,0.5352995277787078,0.4797986060602599
2026-05-06,39,127,0.7650602409638554,0.23493975903614459,3.256410256410256,0.5301204819277108,0.539351188017159,0.47104932321459153
2026-05-05,59,197,0.76953125,0.23046875,3.3389830508474576,0.5390625,0.5483160920989545,0.4570812150355588
2026-05-04,67,151,0.6926605504587156,0.3073394495412844,2.253731343283582,0.38532110091743116,0.5438070441615978,0.45604566553891457
2026-05-03,19,112,0.8549618320610687,0.1450381679389313,5.894736842105264,0.7099236641221374,0.5484029962053669,0.4514341386171291
2026-05-02,26,100,0.7936507936507936,0.20634920634920634,3.8461538461538463,0.5873015873015872,0.5427704459941464,0.4341154363270528
2026-05-01,37,155,0.8072916666666666,0.19270833333333334,4.189189189189189,0.6145833333333333,0.5108557517417898,0.42058718814834867
2026-04-30,50,158,0.7596153846153846,0.2403846153846154,3.1599999999999997,0.5192307692307692,0.47785282599522005,0.41318804793670844
2026-04-29,64,208,0.7647058823529411,0.23529411764705882,3.25,0.5294117647058822,0.44564891879131274,0.4083125222278494
2026-04-28,46,168,0.7850467289719626,0.21495327102803738,3.652173913043478,0.5700934579439252,0.4258315430221074,0.4103409197937723
2026-04-27,101,129,0.5608695652173913,0.4391304347826087,1.277227722772277,0.12173913043478257,0.40923862760757485,0.4056809222447053
2026-04-26,32,89,0.7355371900826446,0.2644628099173554,2.78125,0.47107438016528924,0.43843117419142574,0.42004057915094606
2026-04-25,15,101,0.8706896551724138,0.12931034482758622,6.733333333333333,0.7413793103448276,0.4499489493455645,0.41426325519180385
2026-04-24,24,95,0.7983193277310925,0.20168067226890757,3.9583333333333335,0.596638655462185,0.43585883053942137,0.3952884238799688
2026-04-23,25,112,0.8175182481751825,0.18248175182481752,4.48,0.635036496350365,0.424297684341812,0.3884487649394696
2026-04-22,26,125,0.8278145695364238,0.17218543046357615,4.807692307692308,0.6556291390728477,0.402747458412024,0.36755460435552795
2026-04-21,49,138,0.7379679144385026,0.2620320855614973,2.816326530612245,0.4759358288770053,0.3658463379721633,0.3586895425103337
2026-04-20,41,108,0.7248322147651006,0.2751677852348993,2.6341463414634148,0.4496644295302013,0.3682842869162314,0.34466802481234543
2026-04-19,19,84,0.8155339805825242,0.18446601941747573,4.421052631578947,0.6310679611650485,0.3544652810288912,0.33718000947198107
2026-04-18,52,69,0.5702479338842975,0.4297520661157025,1.3269230769230769,0.14049586776859502,0.3254604266599591,0.32827823163816444
2026-04-17,75,102,0.576271186440678,0.423728813559322,1.36,0.15254237288135597,0.33031862455490757,0.33040337921785745
2026-04-16,109,125,0.5341880341880342,0.4658119658119658,1.146788990825688,0.06837606837606836,0.34852326987819693,0.32793162780542806
2026-04-15,95,159,0.6259842519685039,0.37401574803149606,1.6736842105263159,0.25196850393700787,0.3709761256643861,0.33059166617975216
2026-04-14,99,200,0.6688963210702341,0.3311036789297659,2.0202020202020203,0.3377926421404682,0.3948502965654373,0.34937056881692247
2026-04-13,108,352,0.7652173913043478,0.23478260869565218,3.259259259259259,0.5304347826086957,0.4021232168818359,0.3646174702530823
2026-04-12,91,404,0.8161616161616162,0.18383838383838383,4.43956043956044,0.6323232323232324,0.4016499841104664,0.3639660538010295
2026-04-11,31,105,0.7720588235294118,0.22794117647058823,3.3870967741935485,0.5441176470588236,0.37857756103804335,0.3702946458439073
2026-04-10,65,165,0.717391304347826,0.2826086956521739,2.5384615384615383,0.43478260869565216,0.3547180172205163,0.37800472987752076
2026-04-09,79,158,0.6666666666666666,0.3333333333333333,2,0.3333333333333333,0.35259984553712725,0.38798698364859435
2026-04-08,96,127,0.5695067264573991,0.4304932735426009,1.3229166666666665,0.13901345291479816,0.33236175029903203,0.4094923599926804
2026-04-07,73,225,0.7550335570469798,0.24496644295302014,3.0821917808219177,0.5100671140939597,0.3515327470485041,0.42925286854242656
2026-04-06,45,76,0.628099173553719,0.371900826446281,1.688888888888889,0.25619834710743805,0.32105176270845937,0.43881396367399156
2026-04-02,31,49,0.6125,0.3875,1.5806451612903227,0.22500000000000003,0.31989473791507095,0.4585755873317191
2026-04-01,93,142,0.6042553191489362,0.39574468085106385,1.5268817204301075,0.2085106382978723,0.3310960366163696,0.46722653501067163
2026-03-31,104,247,0.7037037037037037,0.2962962962962963,2.375,0.40740740740740744,0.33048813388080733,0.4841952768021085
2026-03-30,25,56,0.691358024691358,0.30864197530864196,2.24,0.38271604938271603,0.30733998573265914,0.5006561821519027
2026-03-29,48,184,0.7931034482758621,0.20689655172413793,3.8333333333333335,0.5862068965517242,0.2902072066951182,0.5208730480477809
2026-03-28,58,149,0.7198067632850241,0.28019323671497587,2.568965517241379,0.43961352657004826,0.30389084106840775,0.515996698343845
2026-03-27,55,176,0.7619047619047619,0.23809523809523808,3.2,0.5238095238095237,0.32711172362432867,0.4923073084708803
2026-03-26,115,218,0.6546546546546547,0.34534534534534533,1.8956521739130436,0.30930930930930933,0.32628212349159263,0.49310897593921443
2026-03-25,94,144,0.6050420168067226,0.3949579831932773,1.5319148936170213,0.21008403361344535,0.3620117306497712,0.46313455707590667
2026-03-24,58,137,0.7025641025641025,0.29743589743589743,2.362068965517241,0.4051282051282051,0.40129144253452503,0.4452526568410652
2026-03-23,19,21,0.525,0.475,1.105263157894737,0.050000000000000044,0.4233741217600615,0.4302479085029836
2026-03-22,8,19,0.7037037037037037,0.2962962962962963,2.375,0.40740740740740744,0.48662296968632873,0.45926025418199595
2026-03-21,22,26,0.5416666666666666,0.4583333333333333,1.1818181818181819,0.08333333333333331,0.5069729900363491,0.47297767530682444
2026-03-20,19,31,0.62,0.38,1.631578947368421,0.24,0.5565761646395238,0.4938563971659385
2026-03-19,17,38,0.6909090909090909,0.3090909090909091,2.235294117647059,0.38181818181818183,0.5972564367483673,0.5089326498892499
2026-03-18,22,33,0.6,0.4,1.4999999999999998,0.19999999999999996,0.6138286102045354,0.5116262525828527
2026-03-17,22,26,0.5416666666666666,0.4583333333333333,1.1818181818181819,0.08333333333333331,0.6497260461019713,0.5001036188379967
2026-03-16,9,12,0.5714285714285714,0.42857142857142855,1.3333333333333333,0.14285714285714285,0.7088428552187802,0.47740935594765543
2026-03-15,1,8,0.8888888888888888,0.1111111111111111,8,0.7777777777777777,0.7692824156583408,0.47211835065665014
2026-03-14,2,15,0.8823529411764706,0.11764705882352941,7.5,0.7647058823529411,0.744418390794316,0.46553398851673244
2026-03-13,10,31,0.7560975609756098,0.24390243902439024,3.1,0.5121951219512195,0.670210245997936,0.4223967336147717
2026-03-12,4,38,0.9047619047619048,0.09523809523809523,9.5,0.8095238095238095,0.6727686631904994,0.37892511941145013
2026-03-11,3,22,0.88,0.12,7.333333333333334,0.76,0.5720360624578988,0.3767205338735313
2026-03-10,1,6,0.8571428571428571,0.14285714285714285,6,0.7142857142857142,0.4925955030173394,0.35268761206283167
2026-03-09,1,30,0.967741935483871,0.03225806451612903,30,0.935483870967742,0.43765044807228437,0.3015412275831139
2026-03-08,2,11,0.8461538461538461,0.15384615384615385,5.5,0.6923076923076923,0.4297927144080991,0.2837286936415477
2026-03-07,2,16,0.8888888888888888,0.1111111111111111,8,0.7777777777777777,0.43636733636733643,0.2316326415454956
2026-03-06,4,38,0.9047619047619048,0.09523809523809523,9.5,0.8095238095238095,0.4263120321943852,0.18224992549611285
2026-03-05,NA,19,NA,NA,NA,NA,0.41381472557943144,0.1547366979828853
2026-03-04,1,5,0.8333333333333334,0.16666666666666666,5.000000000000001,0.6666666666666667,0.41672406336271883,0.15245714058739265
2026-03-03,2,25,0.9259259259259259,0.07407407407407407,12.5,0.8518518518518519,0.3611685078071633,0.1318943700246221
2026-03-02,1,27,0.9642857142857143,0.03571428571428571,27.000000000000004,0.9285714285714286,0.26250682091018224,0.10543934356959564
2026-03-01,3,8,0.7272727272727273,0.2727272727272727,2.666666666666667,0.4545454545454546,0.19618029029793735,0.04370464969204468
2026-02-28,3,2,0.4,0.6,0.6666666666666667,-0.19999999999999996,0.20656990068754774,0.015566121553516513
2026-02-27,5,17,0.7727272727272727,0.22727272727272727,3.4,0.5454545454545454,0.19228418640183345,0.044137550124945094
2026-02-26,3,1,0.25,0.75,0.3333333333333333,-0.5,0.10607040018804724,0.03814909413648908
2026-02-25,7,4,0.36363636363636365,0.6363636363636364,0.5714285714285715,-0.2727272727272727,0.1953561144737615,0.06314909413648909
2026-02-24,6,6,0.5,0.5,1,0,0.22277314189078898,0.0818179253053203
2026-02-23,1,11,0.9166666666666666,0.08333333333333333,11,0.8333333333333333,0.17515409427174136,0.09372268721008221
2026-02-22,1,8,0.8888888888888888,0.1111111111111111,8,0.7777777777777777,0.14809781721546425,0.08538935387674883
2026-02-21,3,14,0.8235294117647058,0.17647058823529413,4.666666666666666,0.6470588235294117,0.041521853496643425,0.0673518358392308
2026-02-20,3,14,0.8235294117647058,0.17647058823529413,4.666666666666666,0.6470588235294117,-0.04437917358085424,0.05317116357032324
2026-02-19,3,8,0.7272727272727273,0.2727272727272727,2.666666666666667,0.4545454545454546,-0.08583575621390746,0.045368042321823836
2026-02-18,5,4,0.4444444444444444,0.5555555555555556,0.7999999999999999,-0.11111111111111116,-0.11180978218793344,0.04500729196107347
2026-02-17,13,4,0.23529411764705882,0.7647058823529411,0.3076923076923077,-0.5294117647058822,-0.09737976775791901,0.05085524517744774
2026-02-16,2,2,0.5,0.5,1,0,-0.05162813377099091,0.0884702911958551
2026-02-15,1,4,0.8,0.2,4,0.6000000000000001,-0.10877099091384805,0.11398049527748776
2026-02-14,7,3,0.3,0.7,0.4285714285714286,-0.39999999999999997,-0.17543765758051474,0.0925519238489163
2026-02-13,54,11,0.16923076923076924,0.8307692307692308,0.2037037037037037,-0.6615384615384616,-0.1040090861519433,0.12826620956320203
2026-02-12,1,7,0.875,0.125,7,0.75,-0.029772211915069038,0.13205131334830586
2026-02-11,8,10,0.5555555555555556,0.4444444444444444,1.2500000000000002,0.11111111111111116,-0.06905792620078334,0.11240845620544869
2026-02-10,5,1,0.16666666666666666,0.8333333333333334,0.19999999999999998,-0.6666666666666667,-0.05913729128014843,0.12629734509433757
2026-02-09,3,8,0.7272727272727273,0.2727272727272727,2.666666666666667,0.4545454545454546,0.012291280148423008,0.14500482808753487
2026-02-08,6,1,0.14285714285714285,0.8571428571428571,0.16666666666666666,-0.7142857142857142,0.022680890538033384,0.14662820471091148
2026-02-07,7,2,0.2222222222222222,0.7777777777777778,0.2857142857142857,-0.5555555555555556,0.09318181818181817,0.184043170697306
2026-02-06,7,8,0.5333333333333333,0.4666666666666667,1.1428571428571428,0.06666666666666665,0.15072150072150073,0.22174158339571876
2026-02-05,5,6,0.5454545454545454,0.45454545454545453,1.2,0.09090909090909088,0.17657184085755517,0.21936063101476638
2026-02-04,5,6,0.5454545454545454,0.45454545454545453,1.2,0.09090909090909088,0.2018243661100804,0.20981135675960974
2026-02-03,4,5,0.5555555555555556,0.4444444444444444,1.2500000000000002,0.11111111111111116,0.1990902581128145,0.17561222256047548
2026-02-02,9,1,0.1,0.9,0.11111111111111112,-0.8,0.22856871616270116,0.17439122133947427
2026-02-01,6,3,0.3333333333333333,0.6666666666666666,0.5,-0.3333333333333333,0.33673198146882355,0.21010550705376002
2026-01-31,1,4,0.8,0.2,4,0.6000000000000001,0.36054150527834744,0.2252570222052752
2026-01-30,14,31,0.6888888888888889,0.3111111111111111,2.2142857142857144,0.37777777777777777,0.36054150527834733,0.20707520402345694
2026-01-29,10,15,0.6,0.4,1.4999999999999998,0.19999999999999996,0.2938748386116807,0.17215456910282198
2026-01-28,6,10,0.625,0.375,1.6666666666666667,0.25,0.29387483861168073,0.16501171195996486
2026-01-27,4,8,0.6666666666666666,0.3333333333333333,2,0.3333333333333333,0.3117319814688236,0.14077701808241386
2026-01-26,3,12,0.8,0.2,4,0.6000000000000001,0.2777183760266467,0.13601511332050906
2026-01-25,4,7,0.6363636363636364,0.36363636363636365,1.75,0.2727272727272727,0.27057551888378956,0.1074436847490806
2026-01-24,3,5,0.625,0.375,1.6666666666666667,0.25,0.2749045232127939,0.10132207037951793
2026-01-23,2,5,0.7142857142857143,0.2857142857142857,2.5,0.4285714285714286,0.29276166606993675,0.11851783757528514
2026-01-22,5,13,0.7222222222222222,0.2777777777777778,2.5999999999999996,0.4444444444444444,0.26214942117197754,0.11190408096152851
2026-01-21,18,20,0.5263157894736842,0.47368421052631576,1.1111111111111112,0.05263157894736842,0.2177983474091391,0.09911406698141634
2026-01-20,5,16,0.7619047619047619,0.23809523809523808,3.2,0.5238095238095237,0.15213418700813658,0.09708977548344064
2026-01-19,2,12,0.8571428571428571,0.14285714285714285,6,0.7142857142857142,0.12021372651624752,0.09442577281943797
2026-01-18,4,4,0.5,0.5,1,0,0.0834790326386965,0.08766330451850814
2026-01-17,1,4,0.8,0.2,4,0.6000000000000001,0.08997253913220297,0.08470472463685133
2026-01-16,21,6,0.2222222222222222,0.7777777777777778,0.2857142857142857,-0.5555555555555556,0.053608902768566606,0.08085857079069747
2026-01-15,16,24,0.6,0.4,1.4999999999999998,0.19999999999999996,0.05043429959396343,0.09306858300070966
2026-01-14,10,30,0.75,0.25,3,0.5,0.036148585308249145,0.06369795363008032
2026-01-13,16,12,0.42857142857142855,0.5714285714285714,0.75,-0.14285714285714285,-0.030177945303995757,0.053342924044281495
2026-01-12,5,15,0.75,0.25,3,0.5,-0.005688149385628417,0.04871597204890844
2026-01-11,2,4,0.6666666666666666,0.3333333333333333,2,0.3333333333333333,-0.055688149385628403,0.029485202818139225
2026-01-10,1,3,0.75,0.25,3,0.5,-0.08561287882554855,0.024356997689934087
2026-01-09,7,7,0.5,0.5,1,0,-0.06912936234203207,-3.6827703534064087e-4
2026-01-08,10,7,0.4117647058823529,0.5882352941176471,0.7,-0.17647058823529416,-0.04989859311126284,-0.014015919715241383
2026-01-07,14,1,0.06666666666666667,0.9333333333333333,0.07142857142857142,-0.8666666666666667,-0.03935092685092689,-0.009792691962601864
2026-01-06,6,7,0.5384615384615384,0.46153846153846156,1.1666666666666665,0.07692307692307687,0.032871295371295343,0.008747741962447465
2026-01-05,4,6,0.6,0.4,1.4999999999999998,0.19999999999999996,0.06433982683982682,0.0314301877218163
2026-01-04,5,6,0.5454545454545454,0.45454545454545453,1.2,0.09090909090909088,0.09254495504495504,0.013248369539998127
2026-01-03,5,6,0.5454545454545454,0.45454545454545453,1.2,0.09090909090909088,0.07855894105894105,0.017444173735802315
2026-01-02,4,1,0.2,0.8,0.25,-0.6000000000000001,0.11264985014985014,-0.007419851128222549
2026-01-01,5,5,0.5,0.5,1,0,0.14280858030858032,0.009246815538444123
2025-12-31,5,2,0.2857142857142857,0.7142857142857143,0.39999999999999997,-0.4285714285714286,0.09583888333888334,0.02046476425639284
2025-12-30,2,3,0.6,0.4,1.4999999999999998,0.19999999999999996,0.15078393828393827,0.04809427760019189
2025-12-29,6,4,0.4,0.6,0.6666666666666667,-0.19999999999999996,0.11218744705586813,0.04024104296871459
2025-12-28,NA,3,NA,NA,NA,NA,0.12885411372253477,0.04645406072019387
2025-12-27,1,6,0.8571428571428571,0.14285714285714285,6,0.7142857142857142,0.1343268742054167,0.04473353995277928
2025-12-26,3,5,0.625,0.375,1.6666666666666667,0.25,0.0683928082713508,-0.0064128445269385215
2025-12-25,NA,3,NA,NA,NA,NA,0.02186675368078008,-0.01567210378619778
2025-12-24,6,6,0.5,0.5,1,0,0.015542937941676743,-0.015112385793833574
2025-12-23,3,8,0.7272727272727273,0.2727272727272727,2.666666666666667,0.4545454545454546,-0.011929589530850727,-0.011144131825579605
2025-12-22,3,10,0.7692307692307693,0.23076923076923078,3.3333333333333335,0.5384615384615385,0.0032219256206644153,-0.02808371398255308
2025-12-21,7,6,0.46153846153846156,0.5384615384615384,0.8571428571428572,-0.07692307692307687,-0.054720132321393535,-0.0450735868547789
2025-12-20,2,6,0.75,0.25,3,0.5,-0.034939912541173755,-0.04428328126995277
2025-12-19,13,8,0.38095238095238093,0.6190476190476191,0.6153846153846153,-0.23809523809523814,-0.11033673793799914,-0.05499756698423847
2025-12-18,43,12,0.21818181818181817,0.7818181818181819,0.27906976744186046,-0.5636363636363637,-0.10523469712167263,-0.062208451337979975
2025-12-17,5,8,0.6153846153846154,0.38461538461538464,1.6,0.23076923076923078,-0.044141623528599024,-0.02488281401234265
2025-12-16,12,7,0.3684210526315789,0.631578947368421,0.5833333333333334,-0.2631578947368421,-0.039925431557305026,-0.03312457225410089
2025-12-15,7,7,0.5,0.5,1,0,-0.021427303391702714,-0.016583218870642236
2025-12-14,2,3,0.6,0.4,1.4999999999999998,0.19999999999999996,-0.024174556138955465,-0.013011790299213663
2025-12-13,4,3,0.42857142857142855,0.5714285714285714,0.75,-0.14285714285714285,-0.03846027042466975,-0.022255487778205265
2025-12-12,21,10,0.3225806451612903,0.6774193548387096,0.4761904761904762,-0.3548387096774193,-0.07587523641106432,-0.0024475646089375603
2025-12-11,8,7,0.4666666666666667,0.5333333333333333,0.875,-0.06666666666666665,-0.05052961429124866,0.010225246450970272
2025-12-10,18,8,0.3076923076923077,0.6923076923076923,0.4444444444444445,-0.3846153846153846,-0.0457677095293439,0.00630367782351929
2025-12-09,2,10,0.8333333333333334,0.16666666666666666,5.000000000000001,0.6666666666666667,-0.010358674120308482,0.026342462568186394
2025-12-08,7,4,0.36363636363636365,0.6363636363636364,0.5714285714285715,-0.2727272727272727,-0.05938935358577056,-0.0019313469556231327
2025-12-07,2,3,0.6,0.4,1.4999999999999998,0.19999999999999996,-0.035427041388164264,0.014951769927493742
2025-12-06,7,2,0.2222222222222222,0.7777777777777778,0.2857142857142857,-0.5555555555555556,-0.053626649998731776,0.02311503523361619
2025-12-05,7,5,0.4166666666666667,0.5833333333333334,0.7142857142857143,-0.16666666666666669,3.4160396952220444e-4,0.04295630507488605
2025-12-04,17,31,0.6458333333333334,0.3541666666666667,1.8235294117647058,0.2916666666666667,-0.019182205554287318,0.04616143328001425
2025-12-03,174,316,0.6448979591836734,0.3551020408163265,1.8160919540229885,0.2897959183673469,-0.0056240044960862556,0.040846807429674115
2025-12-02,240,238,0.497907949790795,0.502092050209205,0.9916666666666668,-0.004184100418409997,-0.02632371295089676,0.042401715107030766
2025-12-01,108,100,0.4807692307692308,0.5192307692307693,0.9259259259259258,-0.03846153846153849,-0.011739134349581765,0.060408290121973976
2025-11-30,4,4,0.5,0.5,1,0,-0.001849024459471866,0.05285334506702893
2025-11-29,5,1,0.16666666666666666,0.8333333333333334,0.19999999999999998,-0.6666666666666667,-0.0060507051317407745,0.04690096411464797
2025-11-28,3,3,0.5,0.5,1,0,0.07098010719318922,0.08856763078131465
2025-11-27,1,1,0.5,0.5,1,0,0.07098010719318922,0.10047239268607655
2025-11-26,4,5,0.5555555555555556,0.4444444444444444,1.2500000000000002,0.11111111111111116,0.05837506517638248,0.11237715459083845
2025-11-25,129,124,0.4901185770750988,0.5098814229249012,0.9612403100775193,-0.019762845849802424,0.06304359925668127,0.10126604347972733
2025-11-24,239,271,0.5313725490196078,0.46862745098039216,1.1338912133891212,0.06274509803921569,0.055526659674524304,0.11727798185191417
2025-11-23,77,69,0.4726027397260274,0.5273972602739726,0.8961038961038961,-0.0547945205479452,0.06533058124315175,0.14654969053538755
2025-11-22,4,6,0.6,0.4,1.4999999999999998,0.19999999999999996,0.09985672046596417,0.16279235198352845
2025-11-21,18,7,0.28,0.72,0.38888888888888895,-0.43999999999999995,0.08557100618024989,0.1556494948406713
2025-11-20,7,20,0.7407407407407407,0.25925925925925924,2.857142857142857,0.48148148148148145,0.11150507211431582,0.1735959234120999
2025-11-19,3,3,0.5,0.5,1,0,0.08731761935543447,0.1545204569682124
2025-11-18,2,3,0.6,0.4,1.4999999999999998,0.19999999999999996,0.11112714316495828,0.17237759982535525
2025-11-17,9,11,0.55,0.45,1.2222222222222223,0.10000000000000003,0.13255571459352972,0.17713950458726
2025-11-16,9,8,0.47058823529411764,0.5294117647058824,0.8888888888888888,-0.05882352941176472,0.10755571459352972,0.1934093458571013
2025-11-15,5,12,0.7058823529411765,0.29411764705882354,2.4,0.411764705882353,0.09985263336103671,0.1865816147646643
2025-11-14,2,2,0.5,0.5,1,0,0.10615515436944008,0.19568525622124694
2025-11-13,10,7,0.4117647058823529,0.5882352941176471,0.7,-0.17647058823529416,0.12996467817896387,0.19997097050696122
2025-11-12,7,10,0.5882352941176471,0.4117647058823529,1.4285714285714286,0.17647058823529416,0.1663792440052944,0.21817825342012645
2025-11-11,9,7,0.4375,0.5625,0.7777777777777778,-0.125,0.13948848770277342,0.20949478003077074
2025-11-10,6,9,0.6,0.4,1.4999999999999998,0.19999999999999996,0.17902930402930403,0.22188347558746596
2025-11-09,8,20,0.7142857142857143,0.2857142857142857,2.5,0.4285714285714286,0.22776879982762338,0.23669829040228077
2025-11-08,7,7,0.5,0.5,1,0,0.22572798350109274,0.2208252745292649
2025-11-07,7,6,0.46153846153846156,0.5384615384615384,0.8571428571428572,-0.07692307692307687,0.22572798350109274,0.23766029136428177
2025-11-06,6,8,0.5714285714285714,0.42857142857142855,1.3333333333333333,0.14285714285714285,0.23568677470988392,0.23521828892227928
2025-11-05,4,8,0.6666666666666666,0.3333333333333333,2,0.3333333333333333,0.22172329458099024,0.24721123424855798
2025-11-04,2,6,0.75,0.25,3,0.5,0.23362805648575216,0.2692570896277467
2025-11-03,5,3,0.375,0.625,0.6,-0.25,0.2217232945809903,0.2603823623057369
2025-11-02,7,5,0.4166666666666667,0.5833333333333334,0.7142857142857143,-0.16666666666666669,0.27926297712067283,0.26519005461342926
2025-11-01,1,3,0.75,0.25,3,0.5,0.2733105961682919,0.2990728384962132
2025-10-31,3,6,0.6666666666666666,0.3333333333333333,2,0.3333333333333333,0.2852153580730538,0.25536654478991944
2025-10-30,5,10,0.6666666666666666,0.3333333333333333,2,0.3333333333333333,0.2699772628349586,0.251421771614377
2025-10-29,9,6,0.4,0.6,0.6666666666666667,-0.19999999999999996,0.26997726283495865,0.2652284777287755
2025-10-28,4,10,0.7142857142857143,0.2857142857142857,2.5,0.4285714285714286,0.2795010723587681,0.2942883067886045
2025-10-27,1,16,0.9411764705882353,0.058823529411764705,16,0.8823529411764706,0.2680341218808711,0.2891170074996582
2025-10-26,3,7,0.7,0.3,2.3333333333333335,0.39999999999999997,0.2463146648672965,0.27554234686617396
2025-10-25,6,6,0.5,0.5,1,0,0.2155454340980657,0.27664124796507505
2025-10-24,30,34,0.53125,0.46875,1.1333333333333333,0.0625,0.25051046906310065,0.26125663258045967
2025-10-23,10,9,0.47368421052631576,0.5263157894736842,0.9,-0.05263157894736842,0.23471376576639738,0.27102415935748014
2025-10-22,3,9,0.75,0.25,3,0.5,0.2746597846597847,0.28110925232943096
2025-10-21,4,8,0.6666666666666666,0.3333333333333333,2,0.3333333333333333,0.3076268176268177,0.27238418110435975
2025-10-20,2,7,0.7777777777777778,0.2222222222222222,3.5000000000000004,0.5555555555555556,0.305484607984608,0.26755567627585486
2025-10-19,5,3,0.375,0.625,0.6,-0.25,0.24877164502164506,0.25532923804044805
2025-10-18,1,5,0.8333333333333334,0.16666666666666666,5.000000000000001,0.6666666666666667,0.3291287878787879,0.27554240756206594
2025-10-17,11,14,0.56,0.44,1.272727272727273,0.12000000000000005,0.2205429292929293,0.2728757408953993
2025-10-16,3,6,0.6666666666666666,0.3333333333333333,2,0.3333333333333333,0.22977369852369853,0.2654090742287326
2025-10-15,8,7,0.4666666666666667,0.5333333333333333,0.875,-0.06666666666666665,0.2596882284382285,0.258742407562066
2025-10-14,NA,5,NA,NA,NA,NA,0.3115400802900803,0.23907141189107028
2025-10-13,1,4,0.8,0.2,4,0.6000000000000001,0.31019989311844515,0.2505864167591652
2025-10-12,4,4,0.5,0.5,1,0,0.30477002886505145,0.2170199831927317
2025-10-11,3,8,0.7272727272727273,0.2727272727272727,2.666666666666667,0.4545454545454546,0.3377370618320844,0.2170199831927317
2025-10-10,16,12,0.42857142857142855,0.5714285714285714,0.75,-0.14285714285714285,0.27200279609781874,0.21002697619972466
2025-10-09,4,11,0.7333333333333333,0.26666666666666666,2.75,0.4666666666666666,0.3073345529485629,0.2225144886872371
2025-10-08,1,27,0.9642857142857143,0.03571428571428571,27.000000000000004,0.9285714285714286,0.2875587199990773,0.19174525791800642
2025-10-07,NA,6,NA,NA,NA,NA,0.23714154458190181,0.14875446492721348
2025-10-06,9,7,0.4375,0.5625,0.7777777777777778,-0.125,0.23504516338263798,0.13583763289287223
2025-10-05,1,6,0.8571428571428571,0.14285714285714285,6,0.7142857142857142,0.2609500320565649,0.13761825967349903
2025-10-04,9,2,0.18181818181818182,0.8181818181818182,0.2222222222222222,-0.6363636363636365,0.22607805650047652,0.13761825967349892
2025-10-03,5,8,0.6153846153846154,0.38461538461538464,1.6,0.23076923076923078,0.32118295160537164,0.17802230007753939
2025-10-02,2,11,0.8461538461538461,0.15384615384615385,5.5,0.6923076923076923,0.29830326718722566,0.18978592474438985
2025-10-01,2,7,0.7777777777777778,0.2222222222222222,3.5000000000000004,0.5555555555555556,0.25786934213791607,0.17472690968537477
2025-09-30,6,11,0.6470588235294118,0.35294117647058826,1.8333333333333333,0.29411764705882354,0.17217725644583032,0.15878040762776158
2025-09-29,4,13,0.7647058823529411,0.23529411764705882,3.25,0.5294117647058822,0.1909729403998853,0.1647221782754146
2025-09-28,2,5,0.7142857142857143,0.2857142857142857,2.5,0.4285714285714286,0.12926993752041188,0.17597853266902394
2025-09-27,7,3,0.3,0.7,0.4285714285714286,-0.39999999999999997,0.09630290455337892,0.16010551679600804
2025-09-26,162,312,0.6582278481012658,0.34177215189873417,1.9259259259259258,0.3164556962025316,0.14805115630163065,0.20056135725184848
2025-09-25,198,303,0.6047904191616766,0.39520958083832336,1.5303030303030303,0.20958083832335328,0.13769442442591145,0.1817485773294537
2025-09-24,157,275,0.6365740740740741,0.36342592592592593,1.7515923566878981,0.27314814814814814,0.09593179583693558,0.19456245574546122
2025-09-23,244,372,0.6038961038961039,0.3961038961038961,1.5245901639344261,0.2077922077922078,0.060367385272525005,0.20296437618441868
2025-09-22,85,138,0.6188340807174888,0.3811659192825112,1.6235294117647059,0.2376681614349776,0.028998753903893632,0.22375839697843947
2025-09-21,NA,1,NA,NA,NA,NA,0.004799427876350985,0.20569661322158847
2025-09-20,2,8,0.8,0.2,4,0.6000000000000001,0.055477019762734066,0.20430268655891268
2025-09-19,8,7,0.4666666666666667,0.5333333333333333,0.875,-0.06666666666666665,0.045087409373123666,0.19979140836342396
2025-09-18,5,7,0.5833333333333334,0.4166666666666667,1.4000000000000001,0.16666666666666669,0.08901982104747083,0.20319276890764162
2025-09-17,60,17,0.22077922077922077,0.7792207792207793,0.2833333333333333,-0.5584415584415585,0.09752322240801505,0.21672090743578018
2025-09-16,6,20,0.7692307692307693,0.23076923076923078,3.3333333333333335,0.5384615384615385,0.1463404765824121,0.2485700107134549
2025-09-15,7,4,0.36363636363636365,0.6363636363636364,0.5714285714285715,-0.2727272727272727,0.14034647058840607,0.2221963843398285
2025-09-14,2,2,0.5,0.5,1,0,0.21935079959273507,0.24687170901515312
2025-09-13,4,7,0.6363636363636364,0.36363636363636365,1.75,0.2727272727272727,0.21935079959273507,0.26181922156649956
2025-09-12,18,26,0.5909090909090909,0.4090909090909091,1.4444444444444444,0.18181818181818182,0.24932082956276508,0.26822101186659497
2025-09-11,20,10,0.3333333333333333,0.6666666666666666,0.5,-0.3333333333333333,0.22265600502560012,0.2807187880630013
2025-09-10,22,15,0.40540540540540543,0.5945945945945946,0.6818181818181818,-0.1891891891891892,0.28614806851766356,0.31238545472966794
2025-09-09,6,4,0.4,0.6,0.6666666666666667,-0.19999999999999996,0.33537586774546285,0.3278081778729793
2025-09-08,7,6,0.46153846153846156,0.5384615384615384,0.8571428571428572,-0.07692307692307687,0.40460663697623206,0.3478081778729793
2025-09-07,1,6,0.8571428571428571,0.14285714285714285,6,0.7142857142857142,0.3922439996135947,0.36763617596184694
2025-09-06,3,8,0.7272727272727273,0.2727272727272727,2.666666666666667,0.4545454545454546,0.3531283533550913,0.3393787191329615
2025-09-05,7,24,0.7741935483870968,0.22580645161290322,3.4285714285714284,0.5483870967741935,0.3544954073537242,0.32314495289919526
2025-09-04,5,9,0.6428571428571429,0.35714285714285715,1.8,0.28571428571428575,0.3173657167678124,0.32246726246818413
2025-09-03,14,18,0.5625,0.4375,1.2857142857142858,0.125,0.3359185924635453,0.34167494554141353
2025-09-02,3,8,0.7272727272727273,0.2727272727272727,2.666666666666667,0.4545454545454546,0.35079954484449766,0.35931950336454277
2025-09-01,1,11,0.9166666666666666,0.08333333333333333,11,0.8333333333333333,0.30404629809125083,0.3597524037974432
2025-08-31,2,2,0.5,0.5,1,0,0.27439261843757123,0.3462242652693047
2025-08-30,2,11,0.8461538461538461,0.15384615384615385,5.5,0.6923076923076923,0.3042876435402641,0.3559645250095645
2025-08-29,28,19,0.40425531914893614,0.5957446808510638,0.6785714285714286,-0.19148936170212766,0.2871211941704249,0.3550487740938136
2025-08-28,4,14,0.7777777777777778,0.2222222222222222,3.5000000000000004,0.5555555555555556,0.3387815711004025,0.3756239436051533
2025-08-27,5,15,0.75,0.25,3,0.5,0.33862284094167233,0.36142177150824434
2025-08-26,3,23,0.8846153846153846,0.11538461538461539,7.666666666666666,0.7692307692307692,0.3202404880004958,0.36369449878097165
2025-08-25,5,3,0.375,0.625,0.6,-0.25,0.29100971876972664,0.35193625702272985
2025-08-24,5,7,0.5833333333333334,0.4166666666666667,1.4000000000000001,0.16666666666666669,0.3430283523100993,0.3842917795720142
2025-08-23,5,14,0.7368421052631579,0.2631578947368421,2.8,0.47368421052631576,0.325629084910832,0.3959721249597205
2025-08-22,51,54,0.5142857142857142,0.4857142857142857,1.0588235294117647,0.028571428571428525,0.2917944984446665,0.3944057089196202
2025-08-21,5,17,0.7727272727272727,0.22727272727272727,3.4,0.5454545454545454,0.32756880816855605,0.41006873469330996
2025-08-20,5,10,0.6666666666666666,0.3333333333333333,2,0.3333333333333333,0.34743129861928174,0.40683471381223024
2025-08-19,6,4,0.4,0.6,0.6666666666666667,-0.19999999999999996,0.3678394618845879,0.41000416341025125
2025-08-18,16,39,0.7090909090909091,0.2909090909090909,2.4375,0.4181818181818182,0.41545850950363544,0.43329806695893186
2025-08-17,91,222,0.7092651757188498,0.29073482428115016,2.4395604395604393,0.4185303514376997,0.4180559121010381,0.43583473892006425
2025-08-16,97,257,0.7259887005649718,0.2740112994350282,2.6494845360824746,0.45197740112994356,0.40764140647886477,0.435565913377502
2025-08-15,188,615,0.7658779576587795,0.23412204234122042,3.2712765957446805,0.5317559153175591,0.4229763540172022,0.434610289813896
2025-08-14,268,932,0.7766666666666666,0.22333333333333333,3.4776119402985075,0.5533333333333332,0.4124663161099039,0.42466988775020614
2025-08-13,103,169,0.6213235294117647,0.3786764705882353,1.6407766990291264,0.24264705882352944,0.38422070207481623,0.41926843568956135
2025-08-12,16,34,0.68,0.32,2.125,0.36000000000000004,0.40714850956144727,0.42527370511367285
2025-08-11,6,17,0.7391304347826086,0.2608695652173913,2.833333333333333,0.47826086956521735,0.412862795275733,0.42866856867707576
2025-08-10,7,6,0.46153846153846156,0.5384615384615384,0.8571428571428572,-0.07692307692307687,0.42555520683392895,0.430767717515355
2025-08-09,7,7,0.5,0.5,1,0,0.46631516500860887,0.44635236328433253
2025-08-08,4,13,0.7647058823529411,0.23529411764705882,3.25,0.5294117647058822,0.49701691939457376,0.465323177416437
2025-08-07,3,31,0.9117647058823529,0.08823529411764706,10.333333333333332,0.8235294117647058,0.49256866121806386,0.464556203960388
2025-08-06,4,17,0.8095238095238095,0.19047619047619047,4.25,0.6190476190476191,0.4662381290051787,0.45045056170348513
2025-08-05,4,11,0.7333333333333333,0.26666666666666666,2.75,0.4666666666666666,0.4521688649359147,0.4318431187262943
2025-08-04,6,16,0.7272727272727273,0.2727272727272727,2.666666666666667,0.4545454545454546,0.4511376244142283,0.4406866561412602
2025-08-03,4,7,0.6363636363636364,0.36363636363636365,1.75,0.2727272727272727,0.45361356573909045,0.43635765181225583
2025-08-02,3,15,0.8333333333333334,0.16666666666666666,5.000000000000001,0.6666666666666667,0.46349042027613907,0.44552495509720613
2025-08-01,24,54,0.6923076923076923,0.3076923076923077,2.25,0.3846153846153846,0.4462442256105895,0.43362019319244427
2025-07-31,16,22,0.5789473684210527,0.42105263157894735,1.3750000000000002,0.1578947368421053,0.43687345939050826,0.45162996120221227
2025-07-30,12,43,0.7818181818181819,0.21818181818181817,3.5833333333333335,0.5636363636363637,0.4543161693043062,0.45392737139435935
2025-07-29,7,18,0.72,0.28,2.571428571428571,0.43999999999999995,0.4433989006658981,0.4438707613377493
2025-07-28,91,438,0.8279773156899811,0.1720226843100189,4.813186813186813,0.6559546313799622,0.4444743420784182,0.445163278344552
2025-07-27,141,416,0.7468581687612208,0.25314183123877915,2.9503546099290783,0.49371633752244165,0.4359802281967808,0.4295003023791186
2025-07-26,130,326,0.7149122807017544,0.2850877192982456,2.5076923076923077,0.4298245614035088,0.4263895615600561,0.4271219307071437
2025-07-25,227,625,0.7335680751173709,0.2664319248826291,2.753303964757709,0.46713615023474175,0.43362943543829996,0.4297210210255322
2025-07-24,139,371,0.7274509803921568,0.2725490196078431,2.669064748201439,0.4549019607843137,0.43654374670271184,0.39817466788293493
2025-07-23,178,438,0.711038961038961,0.288961038961039,2.460674157303371,0.42207792207792205,0.43466299440179146,0.39367212612549124
2025-07-22,172,456,0.7261146496815286,0.27388535031847133,2.6511627906976742,0.4522292993630573,0.4115173725166738,0.3833306157839808
2025-07-21,142,414,0.7446043165467626,0.25539568345323743,2.9154929577464785,0.4892086330935252,0.43023568786829214,0.3653042432660642
2025-07-20,91,218,0.7055016181229773,0.29449838187702265,2.3956043956043955,0.41100323624595464,0.4191017378854212,0.32635207167000774
2025-07-19,98,243,0.7126099706744868,0.2873900293255132,2.4795918367346936,0.4252199413489736,0.4275594899182732,0.34353713699423166
2025-07-18,218,366,0.6267123287671232,0.3732876712328767,1.6788990825688073,0.25342465753424653,0.4209961607742989,0.3378892603786131
2025-07-17,200,469,0.7010463378176383,0.29895366218236175,2.3449999999999998,0.4020926756352765,0.4663864630139162,0.32196721423900054
2025-07-16,393,941,0.7053973013493253,0.2946026986506747,2.3944020356234095,0.41079460269865065,0.4535385734844124,0.31448230032658286
2025-07-15,388,1036,0.7275280898876404,0.27247191011235955,2.670103092783505,0.45505617977528084,0.44434262200960034,0.29750401698148293
2025-07-14,125,415,0.7685185185185185,0.23148148148148148,3.32,0.537037037037037,0.44585221461068564,0.2903966730911704
2025-07-13,139,295,0.6797235023041475,0.32027649769585254,2.1223021582733814,0.35944700460829493,0.4230203765614564,0.2806074225611792
2025-07-12,109,356,0.7655913978494624,0.23440860215053763,3.2660550458715596,0.5311827956989248,0.42791063594246886,0.29863360187768107
2025-07-11,93,285,0.753968253968254,0.24603174603174602,3.064516129032258,0.5079365079365079,0.42551195935024383,0.2789601649999431
2025-07-10,4,10,0.7142857142857143,0.2857142857142857,2.5,0.4285714285714286,0.35685412146163675,0.2508884424837761
2025-07-09,23,28,0.5490196078431373,0.45098039215686275,1.2173913043478262,0.09803921568627455,0.34952811413562934,0.24983024142557508
2025-07-08,1,6,0.8571428571428571,0.14285714285714285,6,0.7142857142857142,0.352975646994927,0.2497833887538015
2025-07-07,3,6,0.6666666666666666,0.3333333333333333,2,0.3333333333333333,0.2953780721559728,0.24184688081729358
2025-07-06,4,13,0.7647058823529411,0.23529411764705882,3.25,0.5294117647058822,0.22646781574571642,0.22421019651394258
2025-07-05,2,4,0.6666666666666666,0.3333333333333333,2,0.3333333333333333,0.25305152615295623,0.209893358667693
2025-07-04,1,17,0.9444444444444444,0.05555555555555555,17,0.8888888888888888,0.24838952149095156,0.21236249447016212
2025-07-03,7,11,0.6111111111111112,0.3888888888888889,1.5714285714285716,0.22222222222222227,0.16643879248139898,0.1839890918277536
2025-07-02,14,25,0.6410256410256411,0.358974358974359,1.7857142857142858,0.2820512820512821,0.16472939077199727,0.19890678730100464
2025-07-01,11,31,0.7380952380952381,0.2619047619047619,2.8181818181818183,0.4761904761904762,0.1393701346435104,0.2025089748112381
2025-06-30,9,14,0.6086956521739131,0.391304347826087,1.5555555555555556,0.2173913043478261,0.12298301299323083,0.1941315497671464
2025-06-29,NA,7,NA,NA,NA,NA,0.12723962594549595,0.19301208573208134
2025-06-28,2,6,0.75,0.25,3,0.5,0.17859064167466385,0.20018051920581112
2025-06-27,27,12,0.3076923076923077,0.6923076923076923,0.4444444444444445,-0.3846153846153846,0.14287635596037812,0.19314236192335416
2025-06-26,6,12,0.6666666666666666,0.3333333333333333,2,0.3333333333333333,0.15249174057576273,0.20759006561408574
2025-06-25,9,12,0.5714285714285714,0.42857142857142855,1.3333333333333333,0.14285714285714285,0.15725364533766753,0.20461387513789528
2025-06-24,15,14,0.4827586206896552,0.5172413793103449,0.9333333333333333,-0.03448275862068967,0.1539620061013278,0.2069011615186639
2025-06-23,50,14,0.21875,0.78125,0.28,-0.5625,0.19213934600280563,0.19393328648182334
2025-06-22,2,30,0.9375,0.0625,15,0.875,0.22211383579872399,0.22402587907441593
2025-06-21,4,7,0.6363636363636364,0.36363636363636365,1.75,0.2727272727272727,0.16981791743137706,0.1989884128849704
2025-06-20,20,14,0.4117647058823529,0.5882352941176471,0.7,-0.17647058823529416,0.17890882652228615,0.19603885849127828
2025-06-19,10,15,0.6,0.4,1.4999999999999998,0.19999999999999996,0.20028579836365426,0.2164310153540234
2025-06-18,11,10,0.47619047619047616,0.5238095238095238,0.909090909090909,-0.04761904761904767,0.23064294122079712,0.23843101535402336
2025-06-17,7,12,0.631578947368421,0.3684210526315789,1.7142857142857142,0.2631578947368421,0.26113789782412816,0.2714468883698964
2025-06-16,4,7,0.6363636363636364,0.36363636363636365,1.75,0.2727272727272727,0.260198048200068,0.2718296634895136
2025-06-15,1,12,0.9230769230769231,0.07692307692307693,12,0.8461538461538463,0.25408651267676774,0.2808008121013808
2025-06-14,3,3,0.5,0.5,1,0,0.22177039673695842,0.26728878713350857
2025-06-13,30,18,0.375,0.625,0.6,-0.25,0.24340836788633022,0.2842660128063864
2025-06-12,6,14,0.7,0.3,2.3333333333333335,0.39999999999999997,0.2626883906524088,0.31380593161558806
2025-06-11,28,34,0.5483870967741935,0.45161290322580644,1.2142857142857142,0.09677419354838707,0.25197410493812306,0.30289684070649714
2025-06-10,3,9,0.75,0.25,3,0.5,0.26391255966041044,0.30312559595625144
2025-06-09,4,3,0.42857142857142855,0.5714285714285714,0.75,-0.14285714285714285,0.19586522238230394,0.27606677242683964
2025-06-08,3,4,0.5714285714285714,0.42857142857142855,1.3333333333333333,0.14285714285714285,0.2260850026020842,0.2937810581411253
2025-06-07,3,7,0.7,0.3,2.3333333333333335,0.39999999999999997,0.23302065758082927,0.30006955461129126
2025-06-06,25,32,0.5614035087719298,0.43859649122807015,1.28,0.12280701754385964,0.21784071736090468,0.30423622127795796
2025-06-05,6,26,0.8125,0.1875,4.333333333333333,0.625,0.23697947334176594,0.32117808574304224
2025-06-04,9,20,0.6896551724137931,0.3103448275862069,2.2222222222222223,0.37931034482758624,0.2483431097054023,0.32754382648378294
2025-06-03,9,15,0.625,0.375,1.6666666666666667,0.25,0.28456742179178335,0.33951700656041134
2025-06-02,152,222,0.5935828877005348,0.40641711229946526,1.4605263157894737,0.18716577540106955,0.2866335374942626,0.35514200656041134
2025-06-01,87,200,0.6968641114982579,0.30313588850174217,2.298850574712644,0.3937282229965157,0.31480082955088834,0.35113131137324555
2025-05-31,107,200,0.6514657980456026,0.3485342019543974,1.8691588785046729,0.3029315960912052,0.32522128400184513,0.3347259687483907
2025-05-30,246,256,0.5099601593625498,0.4900398406374502,1.040650406504065,0.019920318725099584,0.3362666517955489,0.34988159668903496
2025-05-29,3,5,0.625,0.375,1.6666666666666667,0.25,0.3788646201141799,0.33979232414956323
2025-05-28,NA,10,NA,NA,NA,NA,0.36770759532079145,0.3488201019273409
2025-05-27,9,4,0.3076923076923077,0.6923076923076923,0.4444444444444445,-0.3846153846153846,0.34560638527674575,0.34906084623734407
2025-05-26,3,5,0.625,0.375,1.6666666666666667,0.25,0.36295178497508657,0.3802530217594166
2025-05-25,NA,4,NA,NA,NA,NA,0.3671184516417532,0.3794837909901858
2025-05-24,NA,6,NA,NA,NA,NA,0.3671184516417532,0.374503645182871
2025-05-23,8,16,0.6666666666666666,0.3333333333333333,2,0.3333333333333333,0.3773401092077722,0.3729788188180733
2025-05-22,4,28,0.875,0.125,7,0.75,0.39242306546719913,0.3582690736118742
2025-05-21,1,8,0.8888888888888888,0.1111111111111111,8,0.7777777777777777,0.39455981760395126,0.3569463222891229
2025-05-20,4,7,0.6363636363636364,0.36363636363636365,1.75,0.2727272727272727,0.38601280905694274,0.34238475217199715
2025-05-19,42,125,0.7485029940119761,0.25149700598802394,2.9761904761904763,0.49700598802395213,0.4131107111548449,0.3527237309320286
2025-05-18,103,316,0.7541766109785203,0.2458233890214797,3.0679611650485437,0.5083532219570406,0.3818724882998555,0.3505697654816344
2025-05-17,139,344,0.7122153209109731,0.28778467908902694,2.474820143884892,0.4244306418219461,0.3427683943031601,0.35206385306464544
2025-05-16,189,550,0.7442489851150202,0.2557510148849797,2.91005291005291,0.48849797023004055,0.3614019346758309,0.351594744326142
2025-05-15,312,403,0.5636363636363636,0.43636363636363634,1.2916666666666667,0.12727272727272726,0.30673115064104145,0.34970593061391825
2025-05-14,162,199,0.5512465373961218,0.4487534626038781,1.228395061728395,0.10249307479224373,0.3328383767482676,0.3655105405279251
2025-05-13,20,14,0.4117647058823529,0.5882352941176471,0.7,-0.17647058823529416,0.35224957943174257,0.38586696005844945
2025-05-12,7,13,0.65,0.35,1.8571428571428574,0.30000000000000004,0.3962233941757211,0.4081871483873231
2025-05-11,NA,4,NA,NA,NA,NA,0.39089795038873887,0.416969292977328
2025-05-10,1,3,0.75,0.25,3,0.5,0.38083381107525754,0.41916852732761906
2025-05-09,4,13,0.7647058823529411,0.23529411764705882,3.25,0.5294117647058822,0.3689290491704956,0.4192957753764822
2025-05-08,2,16,0.8888888888888888,0.1111111111111111,8,0.7777777777777777,0.32655465260335814,0.42135911787595354
2025-05-07,1,5,0.8333333333333334,0.16666666666666666,5.000000000000001,0.6666666666666667,0.32201950521106787,0.40310760168416954
2025-05-06,3,13,0.8125,0.1875,4.333333333333333,0.625,0.30187298506454774,0.40500779297291406
2025-05-05,5,6,0.5454545454545454,0.45454545454545453,1.2,0.09090909090909088,0.29665010643941336,0.40580666515336505
2025-05-04,4,4,0.5,0.5,1,0,0.3215029514361433,0.41947478596434307
2025-05-03,1,5,0.8333333333333334,0.16666666666666666,5.000000000000001,0.6666666666666667,0.3606953504860245,0.4387996391933059
2025-05-02,11,7,0.3888888888888889,0.6111111111111112,0.6363636363636364,-0.22222222222222227,0.3424880675728593,0.43730202522234446
2025-05-01,4,11,0.7333333333333333,0.26666666666666666,2.75,0.4666666666666666,0.3896110834458752,0.46917684063242593
2025-04-30,10,21,0.6774193548387096,0.3225806451612903,2.1,0.3548387096774193,0.3958489783233213,0.4771153693220685
2025-04-29,176,406,0.697594501718213,0.3024054982817869,2.3068181818181817,0.3951890034364261,0.41708309921181996,0.49076420958381195
2025-04-28,5,8,0.6153846153846154,0.38461538461538464,1.6,0.23076923076923078,0.4192963487266677,0.5002282302596742
2025-04-27,6,10,0.625,0.375,1.6666666666666667,0.25,0.4411783968095892,0.5164058165931626
2025-04-26,2,4,0.6666666666666666,0.3333333333333333,2,0.3333333333333333,0.45750324357998057,0.5306451949792476
2025-04-25,25,22,0.46808510638297873,0.5319148936170213,0.88,-0.06382978723404253,0.46966250158246897,0.5400403043743569
2025-04-24,2,12,0.8571428571428571,0.14285714285714285,6,0.7142857142857142,0.5161635831485488,0.5647159110082789
2025-04-23,4,9,0.6923076923076923,0.3076923076923077,2.25,0.3846153846153846,0.48419569815727115,0.5577183983468267
2025-04-22,149,516,0.7759398496240602,0.22406015037593985,3.4630872483221475,0.5518796992481203,0.5081426008812803,0.5621575235780311
2025-04-21,273,700,0.7194244604316546,0.2805755395683453,2.5641025641025643,0.43884892086330934,0.5149632238673167,0.5581618200334553
2025-04-20,95,326,0.7743467933491687,0.22565320665083136,3.431578947368421,0.5486935866983373,0.5174466204925429,0.556926334257942
2025-04-19,130,312,0.7058823529411765,0.29411764705882354,2.4,0.411764705882353,0.5169039279005871,0.5523989529579658
2025-04-18,207,529,0.71875,0.28125,2.5555555555555554,0.4375,0.5321159828718294,0.5515367188134935
2025-04-17,318,1108,0.7769985974754559,0.22300140252454417,3.4842767295597485,0.5539971949509117,0.5487425978189766,0.544996931846075
2025-04-16,263,1249,0.826058201058201,0.17394179894179895,4.749049429657794,0.6521164021164021,0.5583817603208158,0.5420880054094523
2025-04-15,171,425,0.7130872483221476,0.28691275167785235,2.4853801169590644,0.4261744966442953,0.564445319955804,0.5333998190833877
2025-04-14,159,528,0.7685589519650655,0.2314410480349345,3.320754716981132,0.537117903930131,0.5811601117926808,0.5271670023867727
2025-04-13,158,448,0.7392739273927392,0.2607260726072607,2.8354430379746836,0.4785478547854785,0.591633236376736,0.5200274094723245
2025-04-12,209,633,0.7517814726840855,0.24821852731591448,3.028708133971292,0.5035629453681709,0.6037871463785146,0.5110177493822279
2025-04-11,451,1734,0.7935926773455377,0.20640732265446224,3.844789356984479,0.5871853546910755,0.6104181071662451,0.50712750188071
2025-04-10,712,1230,0.6333676622039135,0.3666323377960865,1.7275280898876404,0.266735324407827,0.6132682388680089,0.4972380990207888
2025-04-09,394,2419,0.8599360113757554,0.14006398862424457,6.1395939086294415,0.7198720227515107,0.6312410985363821,0.4899515468778943
2025-04-08,335,1565,0.8236842105263158,0.1763157894736842,4.6716417910447765,0.6473684210526316,0.616172446274782,0.4636293455077666
2025-04-07,818,2290,0.7368082368082368,0.2631917631917632,2.799511002444988,0.47361647361647363,0.6013604161995938,0.4534085441782973
2025-04-06,402,1350,0.7705479452054794,0.22945205479452055,3.3582089552238803,0.5410958904109588,0.5964060480233411,0.4509774532351984
2025-04-05,440,1905,0.8123667377398721,0.18763326226012794,4.329545454545454,0.6247334754797442,0.5878939780153444,0.4417754389507306
2025-04-04,762,3860,0.8351363046300303,0.1648636953699697,5.065616797900263,0.6702726092600606,0.5709574547551578,0.43174823022665665
2025-04-03,733,3980,0.8444727349883302,0.15552726501166986,5.429740791268759,0.6889454699766604,0.5412512658731735,0.42155199463468984
2025-04-02,253,1671,0.8685031185031185,0.1314968814968815,6.604743083003952,0.7370062370062369,0.5257942504980888,0.412871043852079
2025-04-01,131,640,0.8300907911802854,0.16990920881971466,4.885496183206107,0.6601815823605708,0.5023543182109715,0.3975006349520826
2025-03-31,142,756,0.8418708240534521,0.15812917594654788,5.323943661971831,0.6837416481069043,0.47317389298086454,0.3932504523887849
2025-03-30,88,413,0.8243512974051896,0.17564870259481039,4.693181818181818,0.6487025948103793,0.4484215825679129,0.3814084551366484
2025-03-29,112,443,0.79819819819819815,0.2018018018018018,3.955357142857143,0.5963963963963963,0.41824835238594116,0.3711534881046817
2025-03-28,201,877,0.813543599257885,0.18645640074211503,4.36318407960199,0.62708719851577,0.4038368965951751,0.3635440929952866
2025-03-27,164,517,0.7591776798825257,0.24082232011747431,3.152439024390244,0.5183553597650514,0.381207959173569,0.3533035100909013
2025-03-26,124,381,0.7544554455445545,0.24554455445544554,3.0725806451612905,0.5089108910891089,0.3486619952194067,0.3508641653026067
2025-03-25,126,324,0.72,0.28,2.571428571428571,0.43999999999999995,0.31108624474075136,0.3473729557920452
2025-03-24,168,396,0.7021276595744681,0.2978723404255319,2.357142857142857,0.4042553191489362,0.305456672157001,0.34712755701903913
2025-03-23,87,214,0.7109634551495017,0.28903654485049834,2.4597701149425286,0.4219269102990033,0.3055488584470559,0.34263768179176957
2025-03-22,94,213,0.6938110749185668,0.30618892508143325,2.2659574468085104,0.3876221498371335,0.29565689988611704,0.33893512250980073
2025-03-21,170,286,0.6271929824561403,0.37280701754385964,1.6823529411764704,0.25438596491228066,0.29253900569815566,0.33675140819776944
2025-03-20,293,818,0.7362736273627363,0.26372637263726373,2.7918088737201363,0.47254725472547254,0.30185272339620633,0.3435602707635851
2025-03-19,441,1051,0.7044235924932976,0.2955764075067024,2.383219954648526,0.40884718498659517,0.2999478372060694,0.33772254413377917
2025-03-18,226,378,0.6258278145695364,0.3741721854304636,1.6725663716814159,0.2516556291390728,0.29264695169319366,0.3363181798334515
2025-03-17,228,460,0.6686046511627907,0.3313953488372093,2.017543859649123,0.3372093023255814,0.31332701179670536,0.33760025193807996
2025-03-16,212,336,0.6131386861313869,0.38686131386861317,1.5849056603773584,0.22627737226277372,0.3143953277053839,0.3326797136099235
2025-03-15,158,364,0.6973180076628352,0.30268199233716475,2.3037974683544302,0.3946360153256705,0.32405862382342215,0.3338302843515411
2025-03-14,379,720,0.6551410373066424,0.3448589626933576,1.899736147757256,0.31028207461328483,0.323251289395398,0.32663686733930464
2025-03-13,553,627,0.5313559322033898,0.46864406779661016,1.1338155515370705,0.06271186440677967,0.3253990610082336,0.3239153351687663
2025-03-12,860,831,0.4914251921939681,0.5085748078060319,0.9662790697674419,-0.01714961561206385,0.3530663353858067,0.3277546530812901
2025-03-11,474,1010,0.6805929919137467,0.3194070080862534,2.130801687763713,0.3611859838274933,0.383659666843339,0.3460836747862203
2025-03-10,343,811,0.7027729636048526,0.2972270363951473,2.3644314868804663,0.40554592720970534,0.3887984418810772,0.3386786808583153
2025-03-09,225,403,0.64171974522293,0.35828025477707004,1.7911111111111113,0.2834394904458599,0.3797265051364831,0.33469909942435533
2025-03-08,185,379,0.6719858156028369,0.3280141843971631,2.0486486486486486,0.34397163120567376,0.3822133451334843,0.32182900773260753
2025-03-07,291,655,0.6923890063424947,0.30761099365750527,2.2508591065292096,0.3847780126849894,0.3809638106973832,0.323280570354383
2025-03-06,279,728,0.7229394240317776,0.2770605759682224,2.609318996415771,0.44587884806355516,0.3852678181309638,0.2939707329050107
2025-03-05,580,1093,0.653317393903168,0.34668260609683205,1.8844827586206898,0.30663478780633596,0.375497251061489,0.2851893454741694
2025-03-04,546,1834,0.7705882352941177,0.22941176470588234,3.3589743589743595,0.5411764705882354,0.3799894079737095,0.26709524590965744
2025-03-03,344,718,0.6760828625235404,0.3239171374764595,2.087209302325581,0.35216572504708094,0.3618734920794547,0.25776751481722043
2025-03-02,196,418,0.6807817589576547,0.31921824104234525,2.13265306122449,0.36156351791530944,0.3509640995144632,0.2691948513348598
2025-03-01,185,415,0.6916666666666667,0.30833333333333335,2.243243243243243,0.3833333333333333,0.34360194487965995,0.2816441873927499
2025-02-28,282,573,0.6701754385964912,0.3298245614035088,2.031914893617021,0.3403508771929824,0.33002244528321123,0.294739425487988
2025-02-27,256,675,0.7250268528464017,0.2749731471535983,2.63671875,0.4500537056928034,0.3224316093292989,0.2971343015670746
2025-02-26,285,683,0.7055785123966942,0.2944214876033058,2.3964912280701753,0.41115702479338845,0.30244297077677357,0.2834419073161412
2025-02-25,231,584,0.7165644171779141,0.28343558282208586,2.5281385281385282,0.4331288343558282,0.3085076827291018,0.2720044811059877
2025-02-24,237,420,0.639269406392694,0.3607305936073059,1.7721518987341771,0.2785388127853881,0.2885589198355536,0.27082130845042235
2025-02-23,211,408,0.6591276252019386,0.3408723747980614,1.933649289099526,0.3182552504038772,0.2896716937122275,0.2698020651366585
2025-02-22,262,516,0.6632390745501285,0.33676092544987146,1.9694656488549618,0.3264781491002571,0.26144467033173074,0.26557866333651997
2025-02-21,366,953,0.7225170583775588,0.27748294162244125,2.6038251366120218,0.4450341167551175,0.2655973300113827,0.2686246117930235
2025-02-20,532,1008,0.6545454545454545,0.34545454545454546,1.894736842105263,0.3090909090909091,0.20267364767905752,0.2566987901628804
2025-02-19,511,1110,0.6847624922887107,0.31523750771128933,2.172211350293542,0.36952498457742133,0.19488143988684975,0.25129892686828026
2025-02-18,249,450,0.6437768240343348,0.3562231759656652,1.8072289156626506,0.28755364806866957,0.15420108384560535,0.24405398694289618
2025-02-17,283,424,0.5997171145685997,0.4002828854314003,1.498233215547703,0.19943422913719938,0.1536615375549861,0.24378421379758655
2025-02-16,251,426,0.6292466765140325,0.3707533234859675,1.697211155378486,0.25849335302806503,0.18742560315525642,0.22475680085221036
2025-02-15,238,352,0.5966101694915255,0.4033898305084746,1.4789915966386555,0.19322033898305085,0.21968642990583978,0.2194931493551763
2025-02-14,445,717,0.617039586919105,0.382960413080895,1.6112359550561797,0.23407917383820998,0.2594564056927647,0.23640194677244827
2025-02-13,78,110,0.5851063829787234,0.4148936170212766,1.4102564102564104,0.17021276595744683,0.27183699380485027,0.24512272161984144
2025-02-12,32,95,0.7480314960629921,0.25196850393700787,2.96875,0.49606299212598426,0.26444084385550876,0.23904369426421837
2025-02-11,11,15,0.5769230769230769,0.4230769230769231,1.3636363636363635,0.1538461538461538,0.23550127948287353,0.22132715883114745
2025-02-10,6,11,0.6470588235294118,0.35294117647058826,1.8333333333333333,0.29411764705882354,0.25308369706529116,0.20496308811925065
2025-02-09,7,6,0.46153846153846156,0.5384615384615384,0.8571428571428572,-0.07692307692307687,0.2499324365610894,0.22692641890611084
2025-02-08,4,9,0.6923076923076923,0.3076923076923077,2.25,0.3846153846153846,0.2697126563413092,0.23681652879622073
2025-02-07,28,11,0.28205128205128205,0.717948717948718,0.39285714285714285,-0.4358974358974359,0.27165189357466407,0.2320088364885284
2025-02-06,6,9,0.6,0.4,1.4999999999999998,0.19999999999999996,0.31072393264670317,0.2720864059778626
2025-02-05,3,2,0.4,0.6,0.6666666666666667,-0.19999999999999996,0.3077164138497107,0.27270752399028503
2025-02-04,9,16,0.64,0.36,1.777777777777778,0.28,0.33390689004018687,0.2810819082267382
2025-02-03,10,51,0.8360655737704918,0.16393442622950818,5.1000000000000005,0.6721311475409837,0.33390689004018687,0.2710819082267382
2025-02-02,10,59,0.855072463768116,0.14492753623188406,5.9,0.7101449275362319,0.2620879985491642,0.26047008152884593
2025-02-01,4,28,0.875,0.125,7,0.75,0.21929986880451274,0.25296490554540907
2025-01-31,8,19,0.7037037037037037,0.2962962962962963,2.375,0.40740740740740744,0.2133474878521318,0.2301474452279487
2025-01-30,7,8,0.5333333333333333,0.4666666666666667,1.1428571428571428,0.06666666666666665,0.21840844943483254,0.22988289496339848
2025-01-29,10,12,0.5454545454545454,0.45454545454545453,1.2,0.09090909090909088,0.2136465446729278,0.2275019425824461
2025-01-28,6,14,0.7,0.3,2.3333333333333335,0.39999999999999997,0.2071530381794213,0.23139804647854997
2025-01-27,6,10,0.625,0.375,1.6666666666666667,0.25,0.15684247917321012,0.2463331114136149
2025-01-26,8,12,0.6,0.4,1.4999999999999998,0.19999999999999996,0.2039204012511322,0.26518231776282125
2025-01-25,5,12,0.7058823529411765,0.29411764705882354,2.4,0.411764705882353,0.20392040125113223,0.26314150143629067
2025-01-24,8,10,0.5555555555555556,0.4444444444444444,1.2500000000000002,0.11111111111111116,0.19236577940239272,0.2752213333690638
2025-01-23,8,11,0.5789473684210527,0.42105263157894735,1.3750000000000002,0.1578947368421053,0.233448879309022,0.28748684563457605
2025-01-22,10,14,0.5833333333333334,0.4166666666666667,1.4000000000000001,0.16666666666666669,0.2376986341308592,0.293752509794977
2025-01-21,9,16,0.64,0.36,1.777777777777778,0.28,0.2282569264132894,0.27589536693783423
2025-01-20,10,5,0.3333333333333333,0.6666666666666666,0.5,-0.3333333333333333,0.2082569264132894,0.2658953669378342
2025-01-19,4,5,0.5555555555555556,0.4444444444444444,1.2500000000000002,0.11111111111111116,0.2588521645085275,0.26955837060083787
2025-01-18,1,5,0.8333333333333334,0.16666666666666666,5.000000000000001,0.6666666666666667,0.2866299422863053,0.2893996404421077
2025-01-17,6,17,0.7391304347826086,0.2608695652173913,2.833333333333333,0.47826086956521735,0.2469474026037656,0.2854313864738537
2025-01-16,5,5,0.5,0.5,1,0,0.24135734049196436,0.27159739437899205
2025-01-15,27,27,0.5,0.5,1,0,0.24135734049196436,0.29082816360976127
2025-01-14,15,8,0.34782608695652173,0.6521739130434783,0.5333333333333333,-0.30434782608695654,0.2556430547776786,0.3100589328405305
2025-01-13,1,21,0.9545454545454546,0.045454545454545456,21,0.9090909090909092,0.3358237436540197,0.3306687577981816
2025-01-12,4,6,0.6,0.4,1.4999999999999998,0.19999999999999996,0.32644423427451036,0.29373693961636343
2025-01-11,3,5,0.625,0.375,1.6666666666666667,0.25,0.32236260162144914,0.30351137570658887
2025-01-10,8,43,0.8431372549019608,0.1568627450980392,5.375,0.6862745098039216,0.35807688733573484,0.29855105824627143
2025-01-09,9,14,0.6086956521739131,0.391304347826087,1.5555555555555556,0.2173913043478261,0.34152481196012996,0.28118411146755995
2025-01-08,14,15,0.5172413793103449,0.4827586206896552,1.0714285714285714,0.03448275862068967,0.34980638545909487,0.2871564000485442
2025-01-07,5,5,0.5,0.5,1,0,0.3235338074623789,0.29168524161854265
2025-01-06,5,11,0.6875,0.3125,2.2,0.375,0.3235338074623789,0.3016852416185426
2025-01-05,1,3,0.75,0.25,3,0.5,0.28026457669314814,0.3041654003487014
2025-01-04,4,5,0.5555555555555556,0.4444444444444444,1.2500000000000002,0.11111111111111116,0.29216933859791,0.3077368289201298
2025-01-03,3,7,0.7,0.3,2.3333333333333335,0.39999999999999997,0.32391537034394174,0.32360984479314575
2025-01-02,4,4,0.5,0.5,1,0,0.30183744826601966,0.32078057978548447
2025-01-01,2,3,0.6,0.4,1.4999999999999998,0.19999999999999996,0.3402989867275581,0.3331182943926185
2024-12-31,1,10,0.9090909090909091,0.09090909090909091,10,0.8181818181818181,0.36447481090338224,NA
2024-12-30,1,8,0.8888888888888888,0.1111111111111111,8,0.7777777777777777,0.3255137719423433,NA
2024-12-29,3,4,0.5714285714285714,0.42857142857142855,1.3333333333333333,0.14285714285714285,0.26102964495821634,NA
2024-12-28,1,7,0.875,0.125,7,0.75,0.28466014979172877,NA
2024-12-27,3,8,0.7272727272727273,0.2727272727272727,2.666666666666667,0.4545454545454546,0.2390252291568081,NA
2024-12-26,2,4,0.6666666666666666,0.3333333333333333,2,0.3333333333333333,0.22084341097498994,NA
2024-12-25,4,2,0.3333333333333333,0.6666666666666666,0.5,-0.3333333333333333,0.22450641463799362,NA
2024-12-24,2,2,0.5,0.5,1,0,0.2598366757747063,NA
2024-12-23,8,5,0.38461538461538464,0.6153846153846154,0.625,-0.23076923076923078,0.27983667577470633,NA
2024-12-22,1,5,0.8333333333333334,0.16666666666666666,5.000000000000001,0.6666666666666667,0.32806622400425456,NA
2024-12-21,2,7,0.7777777777777778,0.2222222222222222,3.5000000000000004,0.5555555555555556,0.32330431924234976,NA
2024-12-20,15,18,0.5454545454545454,0.45454545454545453,1.2,0.09090909090909088,0.3233043192423498,NA
2024-12-19,6,20,0.7692307692307693,0.23076923076923078,3.3333333333333335,0.5384615384615385,0.34118087526798513,NA
2024-12-18,3,10,0.7692307692307693,0.23076923076923078,3.3333333333333335,0.5384615384615385,0.3247408200018557,NA
2024-12-17,8,14,0.6363636363636364,0.36363636363636365,1.75,0.2727272727272727,NA,NA
2024-12-16,9,7,0.4375,0.5625,0.7777777777777778,-0.125,NA,NA
2024-12-15,5,14,0.7368421052631579,0.2631578947368421,2.8,0.47368421052631576,NA,NA
2024-12-14,8,10,0.5555555555555556,0.4444444444444444,1.2500000000000002,0.11111111111111116,NA,NA
2024-12-13,12,18,0.6,0.4,1.4999999999999998,0.19999999999999996,NA,NA
2024-12-12,8,18,0.6923076923076923,0.3076923076923077,2.25,0.3846153846153846,NA,NA
2024-12-11,26,36,0.5806451612903226,0.41935483870967744,1.3846153846153846,0.16129032258064518,NA,NA
2024-12-10,9,16,0.64,0.36,1.777777777777778,0.28,NA,NA
2024-12-09,5,13,0.7222222222222222,0.2777777777777778,2.5999999999999996,0.4444444444444444,NA,NA
2024-12-08,1,4,0.8,0.2,4,0.6000000000000001,NA,NA
2024-12-07,2,7,0.7777777777777778,0.2222222222222222,3.5000000000000004,0.5555555555555556,NA,NA
2024-12-06,1,NA,NA,NA,NA,NA,NA,NA
2024-12-01,NA,1,NA,NA,NA,NA,NA,NA
