date,Central bank,Policy rate,Today,Last month,Start of year
2022-01-01,Fed,0.125,,,
2022-01-02,Fed,0.125,,,
2022-01-03,Fed,0.125,,,
2022-01-04,Fed,0.125,,,
2022-01-05,Fed,0.125,,,
2022-01-06,Fed,0.125,,,
2022-01-07,Fed,0.125,,,
2022-01-08,Fed,0.125,,,
2022-01-09,Fed,0.125,,,
2022-01-10,Fed,0.125,,,
2022-01-11,Fed,0.125,,,
2022-01-12,Fed,0.125,,,
2022-01-13,Fed,0.125,,,
2022-01-14,Fed,0.125,,,
2022-01-15,Fed,0.125,,,
2022-01-16,Fed,0.125,,,
2022-01-17,Fed,0.125,,,
2022-01-18,Fed,0.125,,,
2022-01-19,Fed,0.125,,,
2022-01-20,Fed,0.125,,,
2022-01-21,Fed,0.125,,,
2022-01-22,Fed,0.125,,,
2022-01-23,Fed,0.125,,,
2022-01-24,Fed,0.125,,,
2022-01-25,Fed,0.125,,,
2022-01-26,Fed,0.125,,,
2022-01-27,Fed,0.125,,,
2022-01-28,Fed,0.125,,,
2022-01-29,Fed,0.125,,,
2022-01-30,Fed,0.125,,,
2022-01-31,Fed,0.125,,,
2022-02-01,Fed,0.125,,,
2022-02-02,Fed,0.125,,,
2022-02-03,Fed,0.125,,,
2022-02-04,Fed,0.125,,,
2022-02-05,Fed,0.125,,,
2022-02-06,Fed,0.125,,,
2022-02-07,Fed,0.125,,,
2022-02-08,Fed,0.125,,,
2022-02-09,Fed,0.125,,,
2022-02-10,Fed,0.125,,,
2022-02-11,Fed,0.125,,,
2022-02-12,Fed,0.125,,,
2022-02-13,Fed,0.125,,,
2022-02-14,Fed,0.125,,,
2022-02-15,Fed,0.125,,,
2022-02-16,Fed,0.125,,,
2022-02-17,Fed,0.125,,,
2022-02-18,Fed,0.125,,,
2022-02-19,Fed,0.125,,,
2022-02-20,Fed,0.125,,,
2022-02-21,Fed,0.125,,,
2022-02-22,Fed,0.125,,,
2022-02-23,Fed,0.125,,,
2022-02-24,Fed,0.125,,,
2022-02-25,Fed,0.125,,,
2022-02-26,Fed,0.125,,,
2022-02-27,Fed,0.125,,,
2022-02-28,Fed,0.125,,,
2022-03-01,Fed,0.125,,,
2022-03-02,Fed,0.125,,,
2022-03-03,Fed,0.125,,,
2022-03-04,Fed,0.125,,,
2022-03-05,Fed,0.125,,,
2022-03-06,Fed,0.125,,,
2022-03-07,Fed,0.125,,,
2022-03-08,Fed,0.125,,,
2022-03-09,Fed,0.125,,,
2022-03-10,Fed,0.125,,,
2022-03-11,Fed,0.125,,,
2022-03-12,Fed,0.125,,,
2022-03-13,Fed,0.125,,,
2022-03-14,Fed,0.125,,,
2022-03-15,Fed,0.125,,,
2022-03-16,Fed,0.125,,,
2022-03-17,Fed,0.375,,,
2022-03-18,Fed,0.375,,,
2022-03-19,Fed,0.375,,,
2022-03-20,Fed,0.375,,,
2022-03-21,Fed,0.375,,,
2022-03-22,Fed,0.375,,,
2022-03-23,Fed,0.375,,,
2022-03-24,Fed,0.375,,,
2022-03-25,Fed,0.375,,,
2022-03-26,Fed,0.375,,,
2022-03-27,Fed,0.375,,,
2022-03-28,Fed,0.375,,,
2022-03-29,Fed,0.375,,,
2022-03-30,Fed,0.375,,,
2022-03-31,Fed,0.375,,,
2022-04-01,Fed,0.375,,,
2022-04-02,Fed,0.375,,,
2022-04-03,Fed,0.375,,,
2022-04-04,Fed,0.375,,,
2022-04-05,Fed,0.375,,,
2022-04-06,Fed,0.375,,,
2022-04-07,Fed,0.375,,,
2022-04-08,Fed,0.375,,,
2022-04-09,Fed,0.375,,,
2022-04-10,Fed,0.375,,,
2022-04-11,Fed,0.375,,,
2022-04-12,Fed,0.375,,,
2022-04-13,Fed,0.375,,,
2022-04-14,Fed,0.375,,,
2022-04-15,Fed,0.375,,,
2022-04-16,Fed,0.375,,,
2022-04-17,Fed,0.375,,,
2022-04-18,Fed,0.375,,,
2022-04-19,Fed,0.375,,,
2022-04-20,Fed,0.375,,,
2022-04-21,Fed,0.375,,,
2022-04-22,Fed,0.375,,,
2022-04-23,Fed,0.375,,,
2022-04-24,Fed,0.375,,,
2022-04-25,Fed,0.375,,,
2022-04-26,Fed,0.375,,,
2022-04-27,Fed,0.375,,,
2022-04-28,Fed,0.375,,,
2022-04-29,Fed,0.375,,,
2022-04-30,Fed,0.375,,,
2022-05-01,Fed,0.375,,,
2022-05-02,Fed,0.375,,,
2022-05-03,Fed,0.375,,,
2022-05-04,Fed,0.375,,,
2022-05-05,Fed,0.875,,,
2022-05-06,Fed,0.875,,,
2022-05-07,Fed,0.875,,,
2022-05-08,Fed,0.875,,,
2022-05-09,Fed,0.875,,,
2022-05-10,Fed,0.875,,,
2022-05-11,Fed,0.875,,,
2022-05-12,Fed,0.875,,,
2022-05-13,Fed,0.875,,,
2022-05-14,Fed,0.875,,,
2022-05-15,Fed,0.875,,,
2022-05-16,Fed,0.875,,,
2022-05-17,Fed,0.875,,,
2022-05-18,Fed,0.875,,,
2022-05-19,Fed,0.875,,,
2022-05-20,Fed,0.875,,,
2022-05-21,Fed,0.875,,,
2022-05-22,Fed,0.875,,,
2022-05-23,Fed,0.875,,,
2022-05-24,Fed,0.875,,,
2022-05-25,Fed,0.875,,,
2022-05-26,Fed,0.875,,,
2022-05-27,Fed,0.875,,,
2022-05-28,Fed,0.875,,,
2022-05-29,Fed,0.875,,,
2022-05-30,Fed,0.875,,,
2022-05-31,Fed,0.875,,,
2022-06-01,Fed,0.875,,,
2022-06-02,Fed,0.875,,,
2022-06-03,Fed,0.875,,,
2022-06-04,Fed,0.875,,,
2022-06-05,Fed,0.875,,,
2022-06-06,Fed,0.875,,,
2022-06-07,Fed,0.875,,,
2022-06-08,Fed,0.875,,,
2022-06-09,Fed,0.875,,,
2022-06-10,Fed,0.875,,,
2022-06-11,Fed,0.875,,,
2022-06-12,Fed,0.875,,,
2022-06-13,Fed,0.875,,,
2022-06-14,Fed,0.875,,,
2022-06-15,Fed,0.875,,,
2022-06-16,Fed,1.625,,,
2022-06-17,Fed,1.625,,,
2022-06-18,Fed,1.625,,,
2022-06-19,Fed,1.625,,,
2022-06-20,Fed,1.625,,,
2022-06-21,Fed,1.625,,,
2022-06-22,Fed,1.625,,,
2022-06-23,Fed,1.625,,,
2022-06-24,Fed,1.625,,,
2022-06-25,Fed,1.625,,,
2022-06-26,Fed,1.625,,,
2022-06-27,Fed,1.625,,,
2022-06-28,Fed,1.625,,,
2022-06-29,Fed,1.625,,,
2022-06-30,Fed,1.625,,,
2022-07-01,Fed,1.625,,,
2022-07-02,Fed,1.625,,,
2022-07-03,Fed,1.625,,,
2022-07-04,Fed,1.625,,,
2022-07-05,Fed,1.625,,,
2022-07-06,Fed,1.625,,,
2022-07-07,Fed,1.625,,,
2022-07-08,Fed,1.625,,,
2022-07-09,Fed,1.625,,,
2022-07-10,Fed,1.625,,,
2022-07-11,Fed,1.625,,,
2022-07-12,Fed,1.625,,,
2022-07-13,Fed,1.625,,,
2022-07-14,Fed,1.625,,,
2022-07-15,Fed,1.625,,,
2022-07-16,Fed,1.625,,,
2022-07-17,Fed,1.625,,,
2022-07-18,Fed,1.625,,,
2022-07-19,Fed,1.625,,,
2022-07-20,Fed,1.625,,,
2022-07-21,Fed,1.625,,,
2022-07-22,Fed,1.625,,,
2022-07-23,Fed,1.625,,,
2022-07-24,Fed,1.625,,,
2022-07-25,Fed,1.625,,,
2022-07-26,Fed,1.625,,,
2022-07-27,Fed,1.625,,,
2022-07-28,Fed,2.375,,,
2022-07-29,Fed,2.375,,,
2022-07-30,Fed,2.375,,,
2022-07-31,Fed,2.375,,,
2022-08-01,Fed,2.375,,,
2022-08-02,Fed,2.375,,,
2022-08-03,Fed,2.375,,,
2022-08-04,Fed,2.375,,,
2022-08-05,Fed,2.375,,,
2022-08-06,Fed,2.375,,,
2022-08-07,Fed,2.375,,,
2022-08-08,Fed,2.375,,,
2022-08-09,Fed,2.375,,,
2022-08-10,Fed,2.375,,,
2022-08-11,Fed,2.375,,,
2022-08-12,Fed,2.375,,,
2022-08-13,Fed,2.375,,,
2022-08-14,Fed,2.375,,,
2022-08-15,Fed,2.375,,,
2022-08-16,Fed,2.375,,,
2022-08-17,Fed,2.375,,,
2022-08-18,Fed,2.375,,,
2022-08-19,Fed,2.375,,,
2022-08-20,Fed,2.375,,,
2022-08-21,Fed,2.375,,,
2022-08-22,Fed,2.375,,,
2022-08-23,Fed,2.375,,,
2022-08-24,Fed,2.375,,,
2022-08-25,Fed,2.375,,,
2022-08-26,Fed,2.375,,,
2022-08-27,Fed,2.375,,,
2022-08-28,Fed,2.375,,,
2022-08-29,Fed,2.375,,,
2022-08-30,Fed,2.375,,,
2022-08-31,Fed,2.375,,,
2022-09-01,Fed,2.375,,,
2022-09-02,Fed,2.375,,,
2022-09-03,Fed,2.375,,,
2022-09-04,Fed,2.375,,,
2022-09-05,Fed,2.375,,,
2022-09-06,Fed,2.375,,,
2022-09-07,Fed,2.375,,,
2022-09-08,Fed,2.375,,,
2022-09-09,Fed,2.375,,,
2022-09-10,Fed,2.375,,,
2022-09-11,Fed,2.375,,,
2022-09-12,Fed,2.375,,,
2022-09-13,Fed,2.375,,,
2022-09-14,Fed,2.375,,,
2022-09-15,Fed,2.375,,,
2022-09-16,Fed,2.375,,,
2022-09-17,Fed,2.375,,,
2022-09-18,Fed,2.375,,,
2022-09-19,Fed,2.375,,,
2022-09-20,Fed,2.375,,,
2022-09-21,Fed,2.375,,,
2022-09-22,Fed,3.125,,,
2022-09-23,Fed,3.125,,,
2022-09-24,Fed,3.125,,,
2022-09-25,Fed,3.125,,,
2022-09-26,Fed,3.125,,,
2022-09-27,Fed,3.125,,,
2022-09-28,Fed,3.125,,,
2022-09-29,Fed,3.125,,,
2022-09-30,Fed,3.125,,,
2022-10-01,Fed,3.125,,,
2022-10-02,Fed,3.125,,,
2022-10-03,Fed,3.125,,,
2022-10-04,Fed,3.125,,,
2022-10-05,Fed,3.125,,,
2022-10-06,Fed,3.125,,,
2022-10-07,Fed,3.125,,,
2022-10-08,Fed,3.125,,,
2022-10-09,Fed,3.125,,,
2022-10-10,Fed,3.125,,,
2022-10-11,Fed,3.125,,,
2022-10-12,Fed,3.125,,,
2022-10-13,Fed,3.125,,,
2022-10-14,Fed,3.125,,,
2022-10-15,Fed,3.125,,,
2022-10-16,Fed,3.125,,,
2022-10-17,Fed,3.125,,,
2022-10-18,Fed,3.125,,,
2022-10-19,Fed,3.125,,,
2022-10-20,Fed,3.125,,,
2022-10-21,Fed,3.125,,,
2022-10-22,Fed,3.125,,,
2022-10-23,Fed,3.125,,,
2022-10-24,Fed,3.125,,,
2022-10-25,Fed,3.125,,,
2022-10-26,Fed,3.125,,,
2022-10-27,Fed,3.125,,,
2022-10-28,Fed,3.125,,,
2022-10-29,Fed,3.125,,,
2022-10-30,Fed,3.125,,,
2022-10-31,Fed,3.125,,,
2022-11-01,Fed,3.125,,,
2022-11-02,Fed,3.125,,,
2022-11-03,Fed,3.875,,,
2022-11-04,Fed,3.875,,,
2022-11-05,Fed,3.875,,,
2022-11-06,Fed,3.875,,,
2022-11-07,Fed,3.875,,,
2022-11-08,Fed,3.875,,,
2022-11-09,Fed,3.875,,,
2022-11-10,Fed,3.875,,,
2022-11-11,Fed,3.875,,,
2022-11-12,Fed,3.875,,,
2022-11-13,Fed,3.875,,,
2022-11-14,Fed,3.875,,,
2022-11-15,Fed,3.875,,,
2022-11-16,Fed,3.875,,,
2022-11-17,Fed,3.875,,,
2022-11-18,Fed,3.875,,,
2022-11-19,Fed,3.875,,,
2022-11-20,Fed,3.875,,,
2022-11-21,Fed,3.875,,,
2022-11-22,Fed,3.875,,,
2022-11-23,Fed,3.875,,,
2022-11-24,Fed,3.875,,,
2022-11-25,Fed,3.875,,,
2022-11-26,Fed,3.875,,,
2022-11-27,Fed,3.875,,,
2022-11-28,Fed,3.875,,,
2022-11-29,Fed,3.875,,,
2022-11-30,Fed,3.875,,,
2022-12-01,Fed,3.875,,,
2022-12-02,Fed,3.875,,,
2022-12-03,Fed,3.875,,,
2022-12-04,Fed,3.875,,,
2022-12-05,Fed,3.875,,,
2022-12-06,Fed,3.875,,,
2022-12-07,Fed,3.875,,,
2022-12-08,Fed,3.875,,,
2022-12-09,Fed,3.875,,,
2022-12-10,Fed,3.875,,,
2022-12-11,Fed,3.875,,,
2022-12-12,Fed,3.875,,,
2022-12-13,Fed,3.875,,,
2022-12-14,Fed,3.875,,,
2022-12-15,Fed,4.375,,,
2022-12-16,Fed,4.375,,,
2022-12-17,Fed,4.375,,,
2022-12-18,Fed,4.375,,,
2022-12-19,Fed,4.375,,,
2022-12-20,Fed,4.375,,,
2022-12-21,Fed,4.375,,,
2022-12-22,Fed,4.375,,,
2022-12-23,Fed,4.375,,,
2022-12-24,Fed,4.375,,,
2022-12-25,Fed,4.375,,,
2022-12-26,Fed,4.375,,,
2022-12-27,Fed,4.375,,,
2022-12-28,Fed,4.375,,,
2022-12-29,Fed,4.375,,,
2022-12-30,Fed,4.375,,,
2022-12-31,Fed,4.375,,,
2023-01-01,Fed,4.375,,,
2023-01-02,Fed,4.375,,,
2023-01-03,Fed,4.375,,,
2023-01-04,Fed,4.375,,,
2023-01-05,Fed,4.375,,,
2023-01-06,Fed,4.375,,,
2023-01-07,Fed,4.375,,,
2023-01-08,Fed,4.375,,,
2023-01-09,Fed,4.375,,,
2023-01-10,Fed,4.375,,,
2023-01-11,Fed,4.375,,,
2023-01-12,Fed,4.375,,,
2023-01-13,Fed,4.375,,,
2023-01-14,Fed,4.375,,,
2023-01-15,Fed,4.375,,,
2023-01-16,Fed,4.375,,,
2023-01-17,Fed,4.375,,,
2023-01-18,Fed,4.375,,,
2023-01-19,Fed,4.375,,,
2023-01-20,Fed,4.375,,,
2023-01-21,Fed,4.375,,,
2023-01-22,Fed,4.375,,,
2023-01-23,Fed,4.375,,,
2023-01-24,Fed,4.375,,,
2023-01-25,Fed,4.375,,,
2023-01-26,Fed,4.375,,,
2023-01-27,Fed,4.375,,,
2023-01-28,Fed,4.375,,,
2023-01-29,Fed,4.375,,,
2023-01-30,Fed,4.375,,,
2023-01-31,Fed,4.375,,,
2023-02-01,Fed,4.375,,,
2023-02-02,Fed,4.625,,,
2023-02-03,Fed,4.625,,,
2023-02-04,Fed,4.625,,,
2023-02-05,Fed,4.625,,,
2023-02-06,Fed,4.625,,,
2023-02-07,Fed,4.625,,,
2023-02-08,Fed,4.625,,,
2023-02-09,Fed,4.625,,,
2023-02-10,Fed,4.625,,,
2023-02-11,Fed,4.625,,,
2023-02-12,Fed,4.625,,,
2023-02-13,Fed,4.625,,,
2023-02-14,Fed,4.625,,,
2023-02-15,Fed,4.625,,,
2023-02-16,Fed,4.625,,,
2023-02-17,Fed,4.625,,,
2023-02-18,Fed,4.625,,,
2023-02-19,Fed,4.625,,,
2023-02-20,Fed,4.625,,,
2023-02-21,Fed,4.625,,,
2023-02-22,Fed,4.625,,,
2023-02-23,Fed,4.625,,,
2023-02-24,Fed,4.625,,,
2023-02-25,Fed,4.625,,,
2023-02-26,Fed,4.625,,,
2023-02-27,Fed,4.625,,,
2023-02-28,Fed,4.625,,,
2023-03-01,Fed,4.625,,,
2023-03-02,Fed,4.625,,,
2023-03-03,Fed,4.625,,,
2023-03-04,Fed,4.625,,,
2023-03-05,Fed,4.625,,,
2023-03-06,Fed,4.625,,,
2023-03-07,Fed,4.625,,,
2023-03-08,Fed,4.625,,,
2023-03-09,Fed,4.625,,,
2023-03-10,Fed,4.625,,,
2023-03-11,Fed,4.625,,,
2023-03-12,Fed,4.625,,,
2023-03-13,Fed,4.625,,,
2023-03-14,Fed,4.625,,,
2023-03-15,Fed,4.625,,,
2023-03-16,Fed,4.625,,,
2023-03-17,Fed,4.625,,,
2023-03-18,Fed,4.625,,,
2023-03-19,Fed,4.625,,,
2023-03-20,Fed,4.625,,,
2023-03-21,Fed,4.625,,,
2023-03-22,Fed,4.625,,,
2023-03-23,Fed,4.875,,,
2023-03-24,Fed,4.875,,,
2023-03-25,Fed,4.875,,,
2023-03-26,Fed,4.875,,,
2023-03-27,Fed,4.875,,,
2023-03-28,Fed,4.875,,,
2023-03-29,Fed,4.875,,,
2023-03-30,Fed,4.875,,,
2023-03-31,Fed,4.875,,,
2023-04-01,Fed,4.875,,,
2023-04-02,Fed,4.875,,,
2023-04-03,Fed,4.875,,,
2023-04-04,Fed,4.875,,,
2023-04-05,Fed,4.875,,,
2023-04-06,Fed,4.875,,,
2023-04-07,Fed,4.875,,,
2023-04-08,Fed,4.875,,,
2023-04-09,Fed,4.875,,,
2023-04-10,Fed,4.875,,,
2023-04-11,Fed,4.875,,,
2023-04-12,Fed,4.875,,,
2023-04-13,Fed,4.875,,,
2023-04-14,Fed,4.875,,,
2023-04-15,Fed,4.875,,,
2023-04-16,Fed,4.875,,,
2023-04-17,Fed,4.875,,,
2023-04-18,Fed,4.875,,,
2023-04-19,Fed,4.875,,,
2023-04-20,Fed,4.875,,,
2023-04-21,Fed,4.875,,,
2023-04-22,Fed,4.875,,,
2023-04-23,Fed,4.875,,,
2023-04-24,Fed,4.875,,,
2023-04-25,Fed,4.875,,,
2023-04-26,Fed,4.875,,,
2023-04-27,Fed,4.875,,,
2023-04-28,Fed,4.875,,,
2023-04-29,Fed,4.875,,,
2023-04-30,Fed,4.875,,,
2023-05-01,Fed,4.875,,,
2023-05-02,Fed,4.875,,,
2023-05-03,Fed,4.875,,,
2023-05-04,Fed,5.125,,,
2023-05-05,Fed,5.125,,,
2023-05-06,Fed,5.125,,,
2023-05-07,Fed,5.125,,,
2023-05-08,Fed,5.125,,,
2023-05-09,Fed,5.125,,,
2023-05-10,Fed,5.125,,,
2023-05-11,Fed,5.125,,,
2023-05-12,Fed,5.125,,,
2023-05-13,Fed,5.125,,,
2023-05-14,Fed,5.125,,,
2023-05-15,Fed,5.125,,,
2023-05-16,Fed,5.125,,,
2023-05-17,Fed,5.125,,,
2023-05-18,Fed,5.125,,,
2023-05-19,Fed,5.125,,,
2023-05-20,Fed,5.125,,,
2023-05-21,Fed,5.125,,,
2023-05-22,Fed,5.125,,,
2023-05-23,Fed,5.125,,,
2023-05-24,Fed,5.125,,,
2023-05-25,Fed,5.125,,,
2023-05-26,Fed,5.125,,,
2023-05-27,Fed,5.125,,,
2023-05-28,Fed,5.125,,,
2023-05-29,Fed,5.125,,,
2023-05-30,Fed,5.125,,,
2023-05-31,Fed,5.125,,,
2023-06-01,Fed,5.125,,,
2023-06-02,Fed,5.125,,,
2023-06-03,Fed,5.125,,,
2023-06-04,Fed,5.125,,,
2023-06-05,Fed,5.125,,,
2023-06-06,Fed,5.125,,,
2023-06-07,Fed,5.125,,,
2023-06-08,Fed,5.125,,,
2023-06-09,Fed,5.125,,,
2023-06-10,Fed,5.125,,,
2023-06-11,Fed,5.125,,,
2023-06-12,Fed,5.125,,,
2023-06-13,Fed,5.125,,,
2023-06-14,Fed,5.125,,,
2023-06-15,Fed,5.125,,,
2023-06-16,Fed,5.125,,,
2023-06-17,Fed,5.125,,,
2023-06-18,Fed,5.125,,,
2023-06-19,Fed,5.125,,,
2023-06-20,Fed,5.125,,,
2023-06-21,Fed,5.125,,,
2023-06-22,Fed,5.125,,,
2023-06-23,Fed,5.125,,,
2023-06-24,Fed,5.125,,,
2023-06-25,Fed,5.125,,,
2023-06-26,Fed,5.125,,,
2023-06-27,Fed,5.125,,,
2023-06-28,Fed,5.125,,,
2023-06-29,Fed,5.125,,,
2023-06-30,Fed,5.125,,,
2023-07-01,Fed,5.125,,,
2023-07-02,Fed,5.125,,,
2023-07-03,Fed,5.125,,,
2023-07-04,Fed,5.125,,,
2023-07-05,Fed,5.125,,,
2023-07-06,Fed,5.125,,,
2023-07-07,Fed,5.125,,,
2023-07-08,Fed,5.125,,,
2023-07-09,Fed,5.125,,,
2023-07-10,Fed,5.125,,,
2023-07-11,Fed,5.125,,,
2023-07-12,Fed,5.125,,,
2023-07-13,Fed,5.125,,,
2023-07-14,Fed,5.125,,,
2023-07-15,Fed,5.125,,,
2023-07-16,Fed,5.125,,,
2023-07-17,Fed,5.125,,,
2023-07-18,Fed,5.125,,,
2023-07-19,Fed,5.125,,,
2023-07-20,Fed,5.125,,,
2023-07-21,Fed,5.125,,,
2023-07-22,Fed,5.125,,,
2023-07-23,Fed,5.125,,,
2023-07-24,Fed,5.125,,,
2023-07-25,Fed,5.125,,,
2023-07-26,Fed,5.125,,,
2023-07-27,Fed,5.375,,,
2023-07-28,Fed,5.375,,,
2023-07-29,Fed,5.375,,,
2023-07-30,Fed,5.375,,,
2023-07-31,Fed,5.375,,,
2023-08-01,Fed,5.375,,,
2023-08-02,Fed,5.375,,,
2023-08-03,Fed,5.375,,,
2023-08-04,Fed,5.375,,,
2023-08-05,Fed,5.375,,,
2023-08-06,Fed,5.375,,,
2023-08-07,Fed,5.375,,,
2023-08-08,Fed,5.375,,,
2023-08-09,Fed,5.375,,,
2023-08-10,Fed,5.375,,,
2023-08-11,Fed,5.375,,,
2023-08-12,Fed,5.375,,,
2023-08-13,Fed,5.375,,,
2023-08-14,Fed,5.375,,,
2023-08-15,Fed,5.375,,,
2023-08-16,Fed,5.375,,,
2023-08-17,Fed,5.375,,,
2023-08-18,Fed,5.375,,,
2023-08-19,Fed,5.375,,,
2023-08-20,Fed,5.375,,,
2023-08-21,Fed,5.375,,,
2023-08-22,Fed,5.375,,,
2023-08-23,Fed,5.375,,,
2023-08-24,Fed,5.375,,,
2023-08-25,Fed,5.375,,,
2023-08-26,Fed,5.375,,,
2023-08-27,Fed,5.375,,,
2023-08-28,Fed,5.375,,,
2023-08-29,Fed,5.375,,,
2023-08-30,Fed,5.375,,,
2023-08-31,Fed,5.375,,,
2023-09-01,Fed,5.375,,,
2023-09-02,Fed,5.375,,,
2023-09-03,Fed,5.375,,,
2023-09-04,Fed,5.375,,,
2023-09-05,Fed,5.375,,,
2023-09-06,Fed,5.375,,,
2023-09-07,Fed,5.375,,,
2023-09-08,Fed,5.375,,,
2023-09-09,Fed,5.375,,,
2023-09-10,Fed,5.375,,,
2023-09-11,Fed,5.375,,,
2023-09-12,Fed,5.375,,,
2023-09-13,Fed,5.375,,,
2023-09-14,Fed,5.375,,,
2023-09-15,Fed,5.375,,,
2023-09-16,Fed,5.375,,,
2023-09-17,Fed,5.375,,,
2023-09-18,Fed,5.375,,,
2023-09-19,Fed,5.375,,,
2023-09-20,Fed,5.375,,,
2023-09-21,Fed,5.375,,,
2023-09-22,Fed,5.375,,,
2023-09-23,Fed,5.375,,,
2023-09-24,Fed,5.375,,,
2023-09-25,Fed,5.375,,,
2023-09-26,Fed,5.375,,,
2023-09-27,Fed,5.375,,,
2023-09-28,Fed,5.375,,,
2023-09-29,Fed,5.375,,,
2023-09-30,Fed,5.375,,,
2023-10-01,Fed,5.375,,,
2023-10-02,Fed,5.375,,,
2023-10-03,Fed,5.375,,,
2023-10-04,Fed,5.375,,,
2023-10-05,Fed,5.375,,,
2023-10-06,Fed,5.375,,,
2023-10-07,Fed,5.375,,,
2023-10-08,Fed,5.375,,,
2023-10-09,Fed,5.375,,,
2023-10-10,Fed,5.375,,,
2023-10-11,Fed,5.375,,,
2023-10-12,Fed,5.375,,,
2023-10-13,Fed,5.375,,,
2023-10-14,Fed,5.375,,,
2023-10-15,Fed,5.375,,,
2023-10-16,Fed,5.375,,,
2023-10-17,Fed,5.375,,,
2023-10-18,Fed,5.375,,,
2023-10-19,Fed,5.375,,,
2023-10-20,Fed,5.375,,,
2023-10-21,Fed,5.375,,,
2023-10-22,Fed,5.375,,,
2023-10-23,Fed,5.375,,,
2023-10-24,Fed,5.375,,,
2023-10-25,Fed,5.375,,,
2023-10-26,Fed,5.375,,,
2023-10-27,Fed,5.375,,,
2023-10-28,Fed,5.375,,,
2023-10-29,Fed,5.375,,,
2023-10-30,Fed,5.375,,,
2023-10-31,Fed,5.375,,,
2023-11-01,Fed,5.375,,,
2023-11-02,Fed,5.375,,,
2023-11-03,Fed,5.375,,,
2023-11-04,Fed,5.375,,,
2023-11-05,Fed,5.375,,,
2023-11-06,Fed,5.375,,,
2023-11-07,Fed,5.375,,,
2023-11-08,Fed,5.375,,,
2023-11-09,Fed,5.375,,,
2023-11-10,Fed,5.375,,,
2023-11-11,Fed,5.375,,,
2023-11-12,Fed,5.375,,,
2023-11-13,Fed,5.375,,,
2023-11-14,Fed,5.375,,,
2023-11-15,Fed,5.375,,,
2023-11-16,Fed,5.375,,,
2023-11-17,Fed,5.375,,,
2023-11-18,Fed,5.375,,,
2023-11-19,Fed,5.375,,,
2023-11-20,Fed,5.375,,,
2023-11-21,Fed,5.375,,,
2023-11-22,Fed,5.375,,,
2023-11-23,Fed,5.375,,,
2023-11-24,Fed,5.375,,,
2023-11-25,Fed,5.375,,,
2023-11-26,Fed,5.375,,,
2023-11-27,Fed,5.375,,,
2023-11-28,Fed,5.375,,,
2023-11-29,Fed,5.375,,,
2023-11-30,Fed,5.375,,,
2023-12-01,Fed,5.375,,,
2023-12-02,Fed,5.375,,,
2023-12-03,Fed,5.375,,,
2023-12-04,Fed,5.375,,,
2023-12-05,Fed,5.375,,,
2023-12-06,Fed,5.375,,,
2023-12-07,Fed,5.375,,,
2023-12-08,Fed,5.375,,,
2023-12-09,Fed,5.375,,,
2023-12-10,Fed,5.375,,,
2023-12-11,Fed,5.375,,,
2023-12-12,Fed,5.375,,,
2023-12-13,Fed,5.375,,,
2023-12-14,Fed,5.375,,,
2023-12-15,Fed,5.375,,,
2023-12-16,Fed,5.375,,,
2023-12-17,Fed,5.375,,,
2023-12-18,Fed,5.375,,,
2023-12-19,Fed,5.375,,,
2023-12-20,Fed,5.375,,,
2023-12-21,Fed,5.375,,,
2023-12-22,Fed,5.375,,,
2023-12-23,Fed,5.375,,,
2023-12-24,Fed,5.375,,,
2023-12-25,Fed,5.375,,,
2023-12-26,Fed,5.375,,,
2023-12-27,Fed,5.375,,,
2023-12-28,Fed,5.375,,,
2023-12-29,Fed,5.375,,,
2023-12-30,Fed,5.375,,,
2023-12-31,Fed,5.375,,,
2024-01-01,Fed,5.375,,,
2024-01-02,Fed,5.375,,,
2024-01-03,Fed,5.375,,,
2024-01-04,Fed,5.375,,,
2024-01-05,Fed,5.375,,,
2024-01-06,Fed,5.375,,,
2024-01-07,Fed,5.375,,,
2024-01-08,Fed,5.375,,,
2024-01-09,Fed,5.375,,,
2024-01-10,Fed,5.375,,,
2024-01-11,Fed,5.375,,,
2024-01-12,Fed,5.375,,,
2024-01-13,Fed,5.375,,,
2024-01-14,Fed,5.375,,,
2024-01-15,Fed,5.375,,,
2024-01-16,Fed,5.375,,,
2024-01-17,Fed,5.375,,,
2024-01-18,Fed,5.375,,,
2024-01-19,Fed,5.375,,,
2024-01-20,Fed,5.375,,,
2024-01-21,Fed,5.375,,,
2024-01-22,Fed,5.375,,,
2024-01-23,Fed,5.375,,,
2024-01-24,Fed,5.375,,,
2024-01-25,Fed,5.375,,,
2024-01-26,Fed,5.375,,,
2024-01-27,Fed,5.375,,,
2024-01-28,Fed,5.375,,,
2024-01-29,Fed,5.375,,,
2024-01-30,Fed,5.375,,,
2024-01-31,Fed,5.375,,,
2024-02-01,Fed,5.375,,,
2024-02-02,Fed,5.375,,,
2024-02-03,Fed,5.375,,,
2024-02-04,Fed,5.375,,,
2024-02-05,Fed,5.375,,,
2024-02-06,Fed,5.375,,,
2024-02-07,Fed,5.375,,,
2024-02-08,Fed,5.375,,,
2024-02-09,Fed,5.375,,,
2024-02-10,Fed,5.375,,,
2024-02-11,Fed,5.375,,,
2024-02-12,Fed,5.375,,,
2024-02-13,Fed,5.375,,,
2024-02-14,Fed,5.375,,,
2024-02-15,Fed,5.375,,,
2024-02-16,Fed,5.375,,,
2024-02-17,Fed,5.375,,,
2024-02-18,Fed,5.375,,,
2024-02-19,Fed,5.375,,,
2024-02-20,Fed,5.375,,,
2024-02-21,Fed,5.375,,,
2024-02-22,Fed,5.375,,,
2024-02-23,Fed,5.375,,,
2024-02-24,Fed,5.375,,,
2024-02-25,Fed,5.375,,,
2024-02-26,Fed,5.375,,,
2024-02-27,Fed,5.375,,,
2024-02-28,Fed,5.375,,,
2024-02-29,Fed,5.375,,,
2024-03-01,Fed,5.375,,,
2024-03-02,Fed,5.375,,,
2024-03-03,Fed,5.375,,,
2024-03-04,Fed,5.375,,,
2024-03-05,Fed,5.375,,,
2024-03-06,Fed,5.375,,,
2024-03-07,Fed,5.375,,,
2024-03-08,Fed,5.375,,,
2024-03-09,Fed,5.375,,,
2024-03-10,Fed,5.375,,,
2024-03-11,Fed,5.375,,,
2024-03-12,Fed,5.375,,,
2024-03-13,Fed,5.375,,,
2024-03-14,Fed,5.375,,,
2024-03-15,Fed,5.375,,,
2024-03-16,Fed,5.375,,,
2024-03-17,Fed,5.375,,,
2024-03-18,Fed,5.375,,,
2024-03-19,Fed,5.375,,,
2024-03-20,Fed,5.375,,,
2024-03-21,Fed,5.375,,,
2024-03-22,Fed,5.375,,,
2024-03-23,Fed,5.375,,,
2024-03-24,Fed,5.375,,,
2024-03-25,Fed,5.375,,,
2024-03-26,Fed,5.375,,,
2024-03-27,Fed,5.375,,,
2024-03-28,Fed,5.375,,,
2024-03-29,Fed,5.375,,,
2024-03-30,Fed,5.375,,,
2024-03-31,Fed,5.375,,,
2024-04-01,Fed,5.375,,,
2024-04-02,Fed,5.375,,,
2024-04-03,Fed,5.375,,,
2024-04-04,Fed,5.375,,,
2024-04-05,Fed,5.375,,,
2024-04-06,Fed,5.375,,,
2024-04-07,Fed,5.375,,,
2024-04-08,Fed,5.375,,,
2024-04-09,Fed,5.375,,,
2024-04-10,Fed,5.375,,,
2024-04-11,Fed,5.375,,,
2024-04-12,Fed,5.375,,,
2024-04-13,Fed,5.375,,,
2024-04-14,Fed,5.375,,,
2024-04-15,Fed,5.375,,,
2024-04-16,Fed,5.375,,,
2024-04-17,Fed,5.375,,,
2024-04-18,Fed,5.375,,,
2024-04-19,Fed,5.375,,,
2024-04-20,Fed,5.375,,,
2024-04-21,Fed,5.375,,,
2024-04-22,Fed,5.375,,,
2024-04-23,Fed,5.375,,,
2024-04-24,Fed,5.375,,,
2024-04-25,Fed,5.375,,,
2024-04-26,Fed,5.375,,,
2024-04-27,Fed,5.375,,,
2024-04-28,Fed,5.375,,,
2024-04-29,Fed,5.375,,,
2024-04-30,Fed,5.375,,,
2024-05-01,Fed,5.375,,,
2024-05-02,Fed,5.375,,,
2024-05-03,Fed,5.375,,,
2024-05-04,Fed,5.375,,,
2024-05-05,Fed,5.375,,,
2024-05-06,Fed,5.375,,,
2024-05-07,Fed,5.375,,,
2024-05-08,Fed,5.375,,,
2024-05-09,Fed,5.375,,,
2024-05-10,Fed,5.375,,,
2024-05-11,Fed,5.375,,,
2024-05-12,Fed,5.375,,,
2024-05-13,Fed,5.375,,,
2024-05-14,Fed,5.375,,,
2024-05-15,Fed,5.375,,,
2024-05-16,Fed,5.375,,,
2024-05-17,Fed,5.375,,,
2024-05-18,Fed,5.375,,,
2024-05-19,Fed,5.375,,,
2024-05-20,Fed,5.375,,,
2024-05-21,Fed,5.375,,,
2024-05-22,Fed,5.375,,,
2024-05-23,Fed,5.375,,,
2024-05-24,Fed,5.375,,,
2024-05-25,Fed,5.375,,,
2024-05-26,Fed,5.375,,,
2024-05-27,Fed,5.375,,,
2024-05-28,Fed,5.375,,,
2024-05-29,Fed,5.375,,,
2024-05-30,Fed,5.375,,,
2024-05-31,Fed,5.375,,,
2024-06-01,Fed,5.375,,,
2024-06-02,Fed,5.375,,,
2024-06-03,Fed,5.375,,,
2024-06-04,Fed,5.375,,,
2024-06-05,Fed,5.375,,,
2024-06-06,Fed,5.375,,,
2024-06-07,Fed,5.375,,,
2024-06-08,Fed,5.375,,,
2024-06-09,Fed,5.375,,,
2024-06-10,Fed,5.375,,,
2024-06-11,Fed,5.375,,,
2024-06-12,Fed,5.375,,,
2024-06-13,Fed,5.375,,,
2024-06-14,Fed,5.375,,,
2024-06-15,Fed,5.375,,,
2024-06-16,Fed,5.375,,,
2024-06-17,Fed,5.375,,,
2024-06-18,Fed,5.375,,,
2024-06-19,Fed,5.375,,,
2024-06-20,Fed,5.375,,,
2024-06-21,Fed,5.375,,,
2024-06-22,Fed,5.375,,,
2024-06-23,Fed,5.375,,,
2024-06-24,Fed,5.375,,,
2024-06-25,Fed,5.375,,,
2024-06-26,Fed,5.375,,,
2024-06-27,Fed,5.375,,,
2024-06-28,Fed,5.375,,,
2024-06-29,Fed,5.375,,,
2024-06-30,Fed,5.375,,,
2024-07-01,Fed,5.375,,,
2024-07-02,Fed,5.375,,,
2024-07-03,Fed,5.375,,,
2024-07-04,Fed,5.375,,,
2024-07-05,Fed,5.375,,,
2024-07-06,Fed,5.375,,,
2024-07-07,Fed,5.375,,,
2024-07-08,Fed,5.375,,,
2024-07-09,Fed,5.375,,,
2024-07-10,Fed,5.375,,,
2024-07-11,Fed,5.375,,,
2024-07-12,Fed,5.375,,,
2024-07-13,Fed,5.375,,,
2024-07-14,Fed,5.375,,,
2024-07-15,Fed,5.375,,,
2024-07-16,Fed,5.375,,,
2024-07-17,Fed,5.375,,,
2024-07-18,Fed,5.375,,,
2024-07-19,Fed,5.375,,,
2024-07-20,Fed,5.375,,,
2024-07-21,Fed,5.375,,,
2024-07-22,Fed,5.375,,,
2024-07-23,Fed,5.375,,,
2024-07-24,Fed,5.375,,,
2024-07-25,Fed,5.375,,,
2024-07-26,Fed,5.375,,,
2024-07-27,Fed,5.375,,,
2024-07-28,Fed,5.375,,,
2024-07-29,Fed,5.375,,,
2024-07-30,Fed,5.375,,,
2024-07-31,Fed,5.375,,,
2024-08-01,Fed,5.375,,,
2024-08-02,Fed,5.375,,,
2024-08-03,Fed,5.375,,,
2024-08-04,Fed,5.375,,,
2024-08-05,Fed,5.375,,,
2024-08-06,Fed,5.375,,,
2024-08-07,Fed,5.375,,,
2024-08-08,Fed,5.375,,,
2024-08-09,Fed,5.375,,,
2024-08-10,Fed,5.375,,,
2024-08-11,Fed,5.375,,,
2024-08-12,Fed,5.375,,,
2024-08-13,Fed,5.375,,,
2024-08-14,Fed,5.375,,,
2024-08-15,Fed,5.375,,,
2024-08-16,Fed,5.375,,,
2024-08-17,Fed,5.375,,,
2024-08-18,Fed,5.375,,,
2024-08-19,Fed,5.375,,,
2024-08-20,Fed,5.375,,,
2024-08-21,Fed,5.375,,,
2024-08-22,Fed,5.375,,,
2024-08-23,Fed,5.375,,,
2024-08-24,Fed,5.375,,,
2024-08-25,Fed,5.375,,,
2024-08-26,Fed,5.375,,,
2024-08-27,Fed,5.375,,,
2024-08-28,Fed,5.375,,,
2024-08-29,Fed,5.375,,,
2024-08-30,Fed,5.375,,,
2024-08-31,Fed,5.375,,,
2024-09-01,Fed,5.375,,,
2024-09-02,Fed,5.375,,,
2024-09-03,Fed,5.375,,,
2024-09-04,Fed,5.375,,,
2024-09-05,Fed,5.375,,,
2024-09-06,Fed,5.375,,,
2024-09-07,Fed,5.375,,,
2024-09-08,Fed,5.375,,,
2024-09-09,Fed,5.375,,,
2024-09-10,Fed,5.375,,,
2024-09-11,Fed,5.375,,,
2024-09-12,Fed,5.375,,,
2024-09-13,Fed,5.375,,,
2024-09-14,Fed,5.375,,,
2024-09-15,Fed,5.375,,,
2024-09-16,Fed,5.375,,,
2024-09-17,Fed,5.375,,,
2024-09-18,Fed,5.375,,,
2024-09-19,Fed,4.875,,,
2024-09-20,Fed,4.875,,,
2024-09-21,Fed,4.875,,,
2024-09-22,Fed,4.875,,,
2024-09-23,Fed,4.875,,,
2024-09-24,Fed,4.875,,,
2024-09-25,Fed,4.875,,,
2024-09-26,Fed,4.875,,,
2024-09-27,Fed,4.875,,,
2024-09-28,Fed,4.875,,,
2024-09-29,Fed,4.875,,,
2024-09-30,Fed,4.875,,,
2024-10-01,Fed,4.875,,,
2024-10-02,Fed,4.875,,,
2024-10-03,Fed,4.875,,,
2024-10-04,Fed,4.875,,,
2024-10-05,Fed,4.875,,,
2024-10-06,Fed,4.875,,,
2024-10-07,Fed,4.875,,,
2024-10-08,Fed,4.875,,,
2024-10-09,Fed,4.875,,,
2024-10-10,Fed,4.875,,,
2024-10-11,Fed,4.875,,,
2024-10-12,Fed,4.875,,,
2024-10-13,Fed,4.875,,,
2024-10-14,Fed,4.875,,,
2024-10-15,Fed,4.875,,,
2024-10-16,Fed,4.875,,,
2024-10-17,Fed,4.875,,,
2024-10-18,Fed,4.875,,,
2024-10-19,Fed,4.875,,,
2024-10-20,Fed,4.875,,,
2024-10-21,Fed,4.875,,,
2024-10-22,Fed,4.875,,,
2024-10-23,Fed,4.875,,,
2024-10-24,Fed,4.875,,,
2024-10-25,Fed,4.875,,,
2024-10-26,Fed,4.875,,,
2024-10-27,Fed,4.875,,,
2024-10-28,Fed,4.875,,,
2024-10-29,Fed,4.875,,,
2024-11-01,Fed,4.875,,,
2024-12-31,Fed,,4.379997253418,4.02500000000001,3.73
2025-03-31,Fed,,4.06500244140619,3.5,3.42
2025-06-30,Fed,,3.8450012207031,3.185,3.20999999999999
2025-09-30,Fed,,3.7200012207031,3.02500000000001,3.09999999999999
2025-12-31,Fed,,3.6600036621094,2.95,3.065
2026-03-31,Fed,,3.6350021362305,2.92,3.06999999999999
2026-06-30,Fed,,3.6350021362305,2.925,3.09
2026-09-30,Fed,,3.65000152587891,2.94499999999999,3.11
2026-12-31,Fed,,3.6699981689453,2.98,3.13
2022-01-01,ECB,-0.5,,,
2022-01-02,ECB,-0.5,,,
2022-01-03,ECB,-0.5,,,
2022-01-04,ECB,-0.5,,,
2022-01-05,ECB,-0.5,,,
2022-01-06,ECB,-0.5,,,
2022-01-07,ECB,-0.5,,,
2022-01-08,ECB,-0.5,,,
2022-01-09,ECB,-0.5,,,
2022-01-10,ECB,-0.5,,,
2022-01-11,ECB,-0.5,,,
2022-01-12,ECB,-0.5,,,
2022-01-13,ECB,-0.5,,,
2022-01-14,ECB,-0.5,,,
2022-01-15,ECB,-0.5,,,
2022-01-16,ECB,-0.5,,,
2022-01-17,ECB,-0.5,,,
2022-01-18,ECB,-0.5,,,
2022-01-19,ECB,-0.5,,,
2022-01-20,ECB,-0.5,,,
2022-01-21,ECB,-0.5,,,
2022-01-22,ECB,-0.5,,,
2022-01-23,ECB,-0.5,,,
2022-01-24,ECB,-0.5,,,
2022-01-25,ECB,-0.5,,,
2022-01-26,ECB,-0.5,,,
2022-01-27,ECB,-0.5,,,
2022-01-28,ECB,-0.5,,,
2022-01-29,ECB,-0.5,,,
2022-01-30,ECB,-0.5,,,
2022-01-31,ECB,-0.5,,,
2022-02-01,ECB,-0.5,,,
2022-02-02,ECB,-0.5,,,
2022-02-03,ECB,-0.5,,,
2022-02-04,ECB,-0.5,,,
2022-02-05,ECB,-0.5,,,
2022-02-06,ECB,-0.5,,,
2022-02-07,ECB,-0.5,,,
2022-02-08,ECB,-0.5,,,
2022-02-09,ECB,-0.5,,,
2022-02-10,ECB,-0.5,,,
2022-02-11,ECB,-0.5,,,
2022-02-12,ECB,-0.5,,,
2022-02-13,ECB,-0.5,,,
2022-02-14,ECB,-0.5,,,
2022-02-15,ECB,-0.5,,,
2022-02-16,ECB,-0.5,,,
2022-02-17,ECB,-0.5,,,
2022-02-18,ECB,-0.5,,,
2022-02-19,ECB,-0.5,,,
2022-02-20,ECB,-0.5,,,
2022-02-21,ECB,-0.5,,,
2022-02-22,ECB,-0.5,,,
2022-02-23,ECB,-0.5,,,
2022-02-24,ECB,-0.5,,,
2022-02-25,ECB,-0.5,,,
2022-02-26,ECB,-0.5,,,
2022-02-27,ECB,-0.5,,,
2022-02-28,ECB,-0.5,,,
2022-03-01,ECB,-0.5,,,
2022-03-02,ECB,-0.5,,,
2022-03-03,ECB,-0.5,,,
2022-03-04,ECB,-0.5,,,
2022-03-05,ECB,-0.5,,,
2022-03-06,ECB,-0.5,,,
2022-03-07,ECB,-0.5,,,
2022-03-08,ECB,-0.5,,,
2022-03-09,ECB,-0.5,,,
2022-03-10,ECB,-0.5,,,
2022-03-11,ECB,-0.5,,,
2022-03-12,ECB,-0.5,,,
2022-03-13,ECB,-0.5,,,
2022-03-14,ECB,-0.5,,,
2022-03-15,ECB,-0.5,,,
2022-03-16,ECB,-0.5,,,
2022-03-17,ECB,-0.5,,,
2022-03-18,ECB,-0.5,,,
2022-03-19,ECB,-0.5,,,
2022-03-20,ECB,-0.5,,,
2022-03-21,ECB,-0.5,,,
2022-03-22,ECB,-0.5,,,
2022-03-23,ECB,-0.5,,,
2022-03-24,ECB,-0.5,,,
2022-03-25,ECB,-0.5,,,
2022-03-26,ECB,-0.5,,,
2022-03-27,ECB,-0.5,,,
2022-03-28,ECB,-0.5,,,
2022-03-29,ECB,-0.5,,,
2022-03-30,ECB,-0.5,,,
2022-03-31,ECB,-0.5,,,
2022-04-01,ECB,-0.5,,,
2022-04-02,ECB,-0.5,,,
2022-04-03,ECB,-0.5,,,
2022-04-04,ECB,-0.5,,,
2022-04-05,ECB,-0.5,,,
2022-04-06,ECB,-0.5,,,
2022-04-07,ECB,-0.5,,,
2022-04-08,ECB,-0.5,,,
2022-04-09,ECB,-0.5,,,
2022-04-10,ECB,-0.5,,,
2022-04-11,ECB,-0.5,,,
2022-04-12,ECB,-0.5,,,
2022-04-13,ECB,-0.5,,,
2022-04-14,ECB,-0.5,,,
2022-04-15,ECB,-0.5,,,
2022-04-16,ECB,-0.5,,,
2022-04-17,ECB,-0.5,,,
2022-04-18,ECB,-0.5,,,
2022-04-19,ECB,-0.5,,,
2022-04-20,ECB,-0.5,,,
2022-04-21,ECB,-0.5,,,
2022-04-22,ECB,-0.5,,,
2022-04-23,ECB,-0.5,,,
2022-04-24,ECB,-0.5,,,
2022-04-25,ECB,-0.5,,,
2022-04-26,ECB,-0.5,,,
2022-04-27,ECB,-0.5,,,
2022-04-28,ECB,-0.5,,,
2022-04-29,ECB,-0.5,,,
2022-04-30,ECB,-0.5,,,
2022-05-01,ECB,-0.5,,,
2022-05-02,ECB,-0.5,,,
2022-05-03,ECB,-0.5,,,
2022-05-04,ECB,-0.5,,,
2022-05-05,ECB,-0.5,,,
2022-05-06,ECB,-0.5,,,
2022-05-07,ECB,-0.5,,,
2022-05-08,ECB,-0.5,,,
2022-05-09,ECB,-0.5,,,
2022-05-10,ECB,-0.5,,,
2022-05-11,ECB,-0.5,,,
2022-05-12,ECB,-0.5,,,
2022-05-13,ECB,-0.5,,,
2022-05-14,ECB,-0.5,,,
2022-05-15,ECB,-0.5,,,
2022-05-16,ECB,-0.5,,,
2022-05-17,ECB,-0.5,,,
2022-05-18,ECB,-0.5,,,
2022-05-19,ECB,-0.5,,,
2022-05-20,ECB,-0.5,,,
2022-05-21,ECB,-0.5,,,
2022-05-22,ECB,-0.5,,,
2022-05-23,ECB,-0.5,,,
2022-05-24,ECB,-0.5,,,
2022-05-25,ECB,-0.5,,,
2022-05-26,ECB,-0.5,,,
2022-05-27,ECB,-0.5,,,
2022-05-28,ECB,-0.5,,,
2022-05-29,ECB,-0.5,,,
2022-05-30,ECB,-0.5,,,
2022-05-31,ECB,-0.5,,,
2022-06-01,ECB,-0.5,,,
2022-06-02,ECB,-0.5,,,
2022-06-03,ECB,-0.5,,,
2022-06-04,ECB,-0.5,,,
2022-06-05,ECB,-0.5,,,
2022-06-06,ECB,-0.5,,,
2022-06-07,ECB,-0.5,,,
2022-06-08,ECB,-0.5,,,
2022-06-09,ECB,-0.5,,,
2022-06-10,ECB,-0.5,,,
2022-06-11,ECB,-0.5,,,
2022-06-12,ECB,-0.5,,,
2022-06-13,ECB,-0.5,,,
2022-06-14,ECB,-0.5,,,
2022-06-15,ECB,-0.5,,,
2022-06-16,ECB,-0.5,,,
2022-06-17,ECB,-0.5,,,
2022-06-18,ECB,-0.5,,,
2022-06-19,ECB,-0.5,,,
2022-06-20,ECB,-0.5,,,
2022-06-21,ECB,-0.5,,,
2022-06-22,ECB,-0.5,,,
2022-06-23,ECB,-0.5,,,
2022-06-24,ECB,-0.5,,,
2022-06-25,ECB,-0.5,,,
2022-06-26,ECB,-0.5,,,
2022-06-27,ECB,-0.5,,,
2022-06-28,ECB,-0.5,,,
2022-06-29,ECB,-0.5,,,
2022-06-30,ECB,-0.5,,,
2022-07-01,ECB,-0.5,,,
2022-07-02,ECB,-0.5,,,
2022-07-03,ECB,-0.5,,,
2022-07-04,ECB,-0.5,,,
2022-07-05,ECB,-0.5,,,
2022-07-06,ECB,-0.5,,,
2022-07-07,ECB,-0.5,,,
2022-07-08,ECB,-0.5,,,
2022-07-09,ECB,-0.5,,,
2022-07-10,ECB,-0.5,,,
2022-07-11,ECB,-0.5,,,
2022-07-12,ECB,-0.5,,,
2022-07-13,ECB,-0.5,,,
2022-07-14,ECB,-0.5,,,
2022-07-15,ECB,-0.5,,,
2022-07-16,ECB,-0.5,,,
2022-07-17,ECB,-0.5,,,
2022-07-18,ECB,-0.5,,,
2022-07-19,ECB,-0.5,,,
2022-07-20,ECB,-0.5,,,
2022-07-21,ECB,-0.5,,,
2022-07-22,ECB,-0.5,,,
2022-07-23,ECB,-0.5,,,
2022-07-24,ECB,-0.5,,,
2022-07-25,ECB,-0.5,,,
2022-07-26,ECB,-0.5,,,
2022-07-27,ECB,0,,,
2022-07-28,ECB,0,,,
2022-07-29,ECB,0,,,
2022-07-30,ECB,0,,,
2022-07-31,ECB,0,,,
2022-08-01,ECB,0,,,
2022-08-02,ECB,0,,,
2022-08-03,ECB,0,,,
2022-08-04,ECB,0,,,
2022-08-05,ECB,0,,,
2022-08-06,ECB,0,,,
2022-08-07,ECB,0,,,
2022-08-08,ECB,0,,,
2022-08-09,ECB,0,,,
2022-08-10,ECB,0,,,
2022-08-11,ECB,0,,,
2022-08-12,ECB,0,,,
2022-08-13,ECB,0,,,
2022-08-14,ECB,0,,,
2022-08-15,ECB,0,,,
2022-08-16,ECB,0,,,
2022-08-17,ECB,0,,,
2022-08-18,ECB,0,,,
2022-08-19,ECB,0,,,
2022-08-20,ECB,0,,,
2022-08-21,ECB,0,,,
2022-08-22,ECB,0,,,
2022-08-23,ECB,0,,,
2022-08-24,ECB,0,,,
2022-08-25,ECB,0,,,
2022-08-26,ECB,0,,,
2022-08-27,ECB,0,,,
2022-08-28,ECB,0,,,
2022-08-29,ECB,0,,,
2022-08-30,ECB,0,,,
2022-08-31,ECB,0,,,
2022-09-01,ECB,0,,,
2022-09-02,ECB,0,,,
2022-09-03,ECB,0,,,
2022-09-04,ECB,0,,,
2022-09-05,ECB,0,,,
2022-09-06,ECB,0,,,
2022-09-07,ECB,0,,,
2022-09-08,ECB,0,,,
2022-09-09,ECB,0,,,
2022-09-10,ECB,0,,,
2022-09-11,ECB,0,,,
2022-09-12,ECB,0,,,
2022-09-13,ECB,0,,,
2022-09-14,ECB,0.75,,,
2022-09-15,ECB,0.75,,,
2022-09-16,ECB,0.75,,,
2022-09-17,ECB,0.75,,,
2022-09-18,ECB,0.75,,,
2022-09-19,ECB,0.75,,,
2022-09-20,ECB,0.75,,,
2022-09-21,ECB,0.75,,,
2022-09-22,ECB,0.75,,,
2022-09-23,ECB,0.75,,,
2022-09-24,ECB,0.75,,,
2022-09-25,ECB,0.75,,,
2022-09-26,ECB,0.75,,,
2022-09-27,ECB,0.75,,,
2022-09-28,ECB,0.75,,,
2022-09-29,ECB,0.75,,,
2022-09-30,ECB,0.75,,,
2022-10-01,ECB,0.75,,,
2022-10-02,ECB,0.75,,,
2022-10-03,ECB,0.75,,,
2022-10-04,ECB,0.75,,,
2022-10-05,ECB,0.75,,,
2022-10-06,ECB,0.75,,,
2022-10-07,ECB,0.75,,,
2022-10-08,ECB,0.75,,,
2022-10-09,ECB,0.75,,,
2022-10-10,ECB,0.75,,,
2022-10-11,ECB,0.75,,,
2022-10-12,ECB,0.75,,,
2022-10-13,ECB,0.75,,,
2022-10-14,ECB,0.75,,,
2022-10-15,ECB,0.75,,,
2022-10-16,ECB,0.75,,,
2022-10-17,ECB,0.75,,,
2022-10-18,ECB,0.75,,,
2022-10-19,ECB,0.75,,,
2022-10-20,ECB,0.75,,,
2022-10-21,ECB,0.75,,,
2022-10-22,ECB,0.75,,,
2022-10-23,ECB,0.75,,,
2022-10-24,ECB,0.75,,,
2022-10-25,ECB,0.75,,,
2022-10-26,ECB,0.75,,,
2022-10-27,ECB,0.75,,,
2022-10-28,ECB,0.75,,,
2022-10-29,ECB,0.75,,,
2022-10-30,ECB,0.75,,,
2022-10-31,ECB,0.75,,,
2022-11-01,ECB,0.75,,,
2022-11-02,ECB,1.5,,,
2022-11-03,ECB,1.5,,,
2022-11-04,ECB,1.5,,,
2022-11-05,ECB,1.5,,,
2022-11-06,ECB,1.5,,,
2022-11-07,ECB,1.5,,,
2022-11-08,ECB,1.5,,,
2022-11-09,ECB,1.5,,,
2022-11-10,ECB,1.5,,,
2022-11-11,ECB,1.5,,,
2022-11-12,ECB,1.5,,,
2022-11-13,ECB,1.5,,,
2022-11-14,ECB,1.5,,,
2022-11-15,ECB,1.5,,,
2022-11-16,ECB,1.5,,,
2022-11-17,ECB,1.5,,,
2022-11-18,ECB,1.5,,,
2022-11-19,ECB,1.5,,,
2022-11-20,ECB,1.5,,,
2022-11-21,ECB,1.5,,,
2022-11-22,ECB,1.5,,,
2022-11-23,ECB,1.5,,,
2022-11-24,ECB,1.5,,,
2022-11-25,ECB,1.5,,,
2022-11-26,ECB,1.5,,,
2022-11-27,ECB,1.5,,,
2022-11-28,ECB,1.5,,,
2022-11-29,ECB,1.5,,,
2022-11-30,ECB,1.5,,,
2022-12-01,ECB,1.5,,,
2022-12-02,ECB,1.5,,,
2022-12-03,ECB,1.5,,,
2022-12-04,ECB,1.5,,,
2022-12-05,ECB,1.5,,,
2022-12-06,ECB,1.5,,,
2022-12-07,ECB,1.5,,,
2022-12-08,ECB,1.5,,,
2022-12-09,ECB,1.5,,,
2022-12-10,ECB,1.5,,,
2022-12-11,ECB,1.5,,,
2022-12-12,ECB,1.5,,,
2022-12-13,ECB,1.5,,,
2022-12-14,ECB,1.5,,,
2022-12-15,ECB,1.5,,,
2022-12-16,ECB,1.5,,,
2022-12-17,ECB,1.5,,,
2022-12-18,ECB,1.5,,,
2022-12-19,ECB,1.5,,,
2022-12-20,ECB,1.5,,,
2022-12-21,ECB,2,,,
2022-12-22,ECB,2,,,
2022-12-23,ECB,2,,,
2022-12-24,ECB,2,,,
2022-12-25,ECB,2,,,
2022-12-26,ECB,2,,,
2022-12-27,ECB,2,,,
2022-12-28,ECB,2,,,
2022-12-29,ECB,2,,,
2022-12-30,ECB,2,,,
2022-12-31,ECB,2,,,
2023-01-01,ECB,2,,,
2023-01-02,ECB,2,,,
2023-01-03,ECB,2,,,
2023-01-04,ECB,2,,,
2023-01-05,ECB,2,,,
2023-01-06,ECB,2,,,
2023-01-07,ECB,2,,,
2023-01-08,ECB,2,,,
2023-01-09,ECB,2,,,
2023-01-10,ECB,2,,,
2023-01-11,ECB,2,,,
2023-01-12,ECB,2,,,
2023-01-13,ECB,2,,,
2023-01-14,ECB,2,,,
2023-01-15,ECB,2,,,
2023-01-16,ECB,2,,,
2023-01-17,ECB,2,,,
2023-01-18,ECB,2,,,
2023-01-19,ECB,2,,,
2023-01-20,ECB,2,,,
2023-01-21,ECB,2,,,
2023-01-22,ECB,2,,,
2023-01-23,ECB,2,,,
2023-01-24,ECB,2,,,
2023-01-25,ECB,2,,,
2023-01-26,ECB,2,,,
2023-01-27,ECB,2,,,
2023-01-28,ECB,2,,,
2023-01-29,ECB,2,,,
2023-01-30,ECB,2,,,
2023-01-31,ECB,2,,,
2023-02-01,ECB,2,,,
2023-02-02,ECB,2,,,
2023-02-03,ECB,2,,,
2023-02-04,ECB,2,,,
2023-02-05,ECB,2,,,
2023-02-06,ECB,2,,,
2023-02-07,ECB,2,,,
2023-02-08,ECB,2.5,,,
2023-02-09,ECB,2.5,,,
2023-02-10,ECB,2.5,,,
2023-02-11,ECB,2.5,,,
2023-02-12,ECB,2.5,,,
2023-02-13,ECB,2.5,,,
2023-02-14,ECB,2.5,,,
2023-02-15,ECB,2.5,,,
2023-02-16,ECB,2.5,,,
2023-02-17,ECB,2.5,,,
2023-02-18,ECB,2.5,,,
2023-02-19,ECB,2.5,,,
2023-02-20,ECB,2.5,,,
2023-02-21,ECB,2.5,,,
2023-02-22,ECB,2.5,,,
2023-02-23,ECB,2.5,,,
2023-02-24,ECB,2.5,,,
2023-02-25,ECB,2.5,,,
2023-02-26,ECB,2.5,,,
2023-02-27,ECB,2.5,,,
2023-02-28,ECB,2.5,,,
2023-03-01,ECB,2.5,,,
2023-03-02,ECB,2.5,,,
2023-03-03,ECB,2.5,,,
2023-03-04,ECB,2.5,,,
2023-03-05,ECB,2.5,,,
2023-03-06,ECB,2.5,,,
2023-03-07,ECB,2.5,,,
2023-03-08,ECB,2.5,,,
2023-03-09,ECB,2.5,,,
2023-03-10,ECB,2.5,,,
2023-03-11,ECB,2.5,,,
2023-03-12,ECB,2.5,,,
2023-03-13,ECB,2.5,,,
2023-03-14,ECB,2.5,,,
2023-03-15,ECB,2.5,,,
2023-03-16,ECB,2.5,,,
2023-03-17,ECB,2.5,,,
2023-03-18,ECB,2.5,,,
2023-03-19,ECB,2.5,,,
2023-03-20,ECB,2.5,,,
2023-03-21,ECB,2.5,,,
2023-03-22,ECB,3,,,
2023-03-23,ECB,3,,,
2023-03-24,ECB,3,,,
2023-03-25,ECB,3,,,
2023-03-26,ECB,3,,,
2023-03-27,ECB,3,,,
2023-03-28,ECB,3,,,
2023-03-29,ECB,3,,,
2023-03-30,ECB,3,,,
2023-03-31,ECB,3,,,
2023-04-01,ECB,3,,,
2023-04-02,ECB,3,,,
2023-04-03,ECB,3,,,
2023-04-04,ECB,3,,,
2023-04-05,ECB,3,,,
2023-04-06,ECB,3,,,
2023-04-07,ECB,3,,,
2023-04-08,ECB,3,,,
2023-04-09,ECB,3,,,
2023-04-10,ECB,3,,,
2023-04-11,ECB,3,,,
2023-04-12,ECB,3,,,
2023-04-13,ECB,3,,,
2023-04-14,ECB,3,,,
2023-04-15,ECB,3,,,
2023-04-16,ECB,3,,,
2023-04-17,ECB,3,,,
2023-04-18,ECB,3,,,
2023-04-19,ECB,3,,,
2023-04-20,ECB,3,,,
2023-04-21,ECB,3,,,
2023-04-22,ECB,3,,,
2023-04-23,ECB,3,,,
2023-04-24,ECB,3,,,
2023-04-25,ECB,3,,,
2023-04-26,ECB,3,,,
2023-04-27,ECB,3,,,
2023-04-28,ECB,3,,,
2023-04-29,ECB,3,,,
2023-04-30,ECB,3,,,
2023-05-01,ECB,3,,,
2023-05-02,ECB,3,,,
2023-05-03,ECB,3,,,
2023-05-04,ECB,3,,,
2023-05-05,ECB,3,,,
2023-05-06,ECB,3,,,
2023-05-07,ECB,3,,,
2023-05-08,ECB,3,,,
2023-05-09,ECB,3,,,
2023-05-10,ECB,3.25,,,
2023-05-11,ECB,3.25,,,
2023-05-12,ECB,3.25,,,
2023-05-13,ECB,3.25,,,
2023-05-14,ECB,3.25,,,
2023-05-15,ECB,3.25,,,
2023-05-16,ECB,3.25,,,
2023-05-17,ECB,3.25,,,
2023-05-18,ECB,3.25,,,
2023-05-19,ECB,3.25,,,
2023-05-20,ECB,3.25,,,
2023-05-21,ECB,3.25,,,
2023-05-22,ECB,3.25,,,
2023-05-23,ECB,3.25,,,
2023-05-24,ECB,3.25,,,
2023-05-25,ECB,3.25,,,
2023-05-26,ECB,3.25,,,
2023-05-27,ECB,3.25,,,
2023-05-28,ECB,3.25,,,
2023-05-29,ECB,3.25,,,
2023-05-30,ECB,3.25,,,
2023-05-31,ECB,3.25,,,
2023-06-01,ECB,3.25,,,
2023-06-02,ECB,3.25,,,
2023-06-03,ECB,3.25,,,
2023-06-04,ECB,3.25,,,
2023-06-05,ECB,3.25,,,
2023-06-06,ECB,3.25,,,
2023-06-07,ECB,3.25,,,
2023-06-08,ECB,3.25,,,
2023-06-09,ECB,3.25,,,
2023-06-10,ECB,3.25,,,
2023-06-11,ECB,3.25,,,
2023-06-12,ECB,3.25,,,
2023-06-13,ECB,3.25,,,
2023-06-14,ECB,3.25,,,
2023-06-15,ECB,3.25,,,
2023-06-16,ECB,3.25,,,
2023-06-17,ECB,3.25,,,
2023-06-18,ECB,3.25,,,
2023-06-19,ECB,3.25,,,
2023-06-20,ECB,3.25,,,
2023-06-21,ECB,3.5,,,
2023-06-22,ECB,3.5,,,
2023-06-23,ECB,3.5,,,
2023-06-24,ECB,3.5,,,
2023-06-25,ECB,3.5,,,
2023-06-26,ECB,3.5,,,
2023-06-27,ECB,3.5,,,
2023-06-28,ECB,3.5,,,
2023-06-29,ECB,3.5,,,
2023-06-30,ECB,3.5,,,
2023-07-01,ECB,3.5,,,
2023-07-02,ECB,3.5,,,
2023-07-03,ECB,3.5,,,
2023-07-04,ECB,3.5,,,
2023-07-05,ECB,3.5,,,
2023-07-06,ECB,3.5,,,
2023-07-07,ECB,3.5,,,
2023-07-08,ECB,3.5,,,
2023-07-09,ECB,3.5,,,
2023-07-10,ECB,3.5,,,
2023-07-11,ECB,3.5,,,
2023-07-12,ECB,3.5,,,
2023-07-13,ECB,3.5,,,
2023-07-14,ECB,3.5,,,
2023-07-15,ECB,3.5,,,
2023-07-16,ECB,3.5,,,
2023-07-17,ECB,3.5,,,
2023-07-18,ECB,3.5,,,
2023-07-19,ECB,3.5,,,
2023-07-20,ECB,3.5,,,
2023-07-21,ECB,3.5,,,
2023-07-22,ECB,3.5,,,
2023-07-23,ECB,3.5,,,
2023-07-24,ECB,3.5,,,
2023-07-25,ECB,3.5,,,
2023-07-26,ECB,3.5,,,
2023-07-27,ECB,3.5,,,
2023-07-28,ECB,3.5,,,
2023-07-29,ECB,3.5,,,
2023-07-30,ECB,3.5,,,
2023-07-31,ECB,3.5,,,
2023-08-01,ECB,3.5,,,
2023-08-02,ECB,3.75,,,
2023-08-03,ECB,3.75,,,
2023-08-04,ECB,3.75,,,
2023-08-05,ECB,3.75,,,
2023-08-06,ECB,3.75,,,
2023-08-07,ECB,3.75,,,
2023-08-08,ECB,3.75,,,
2023-08-09,ECB,3.75,,,
2023-08-10,ECB,3.75,,,
2023-08-11,ECB,3.75,,,
2023-08-12,ECB,3.75,,,
2023-08-13,ECB,3.75,,,
2023-08-14,ECB,3.75,,,
2023-08-15,ECB,3.75,,,
2023-08-16,ECB,3.75,,,
2023-08-17,ECB,3.75,,,
2023-08-18,ECB,3.75,,,
2023-08-19,ECB,3.75,,,
2023-08-20,ECB,3.75,,,
2023-08-21,ECB,3.75,,,
2023-08-22,ECB,3.75,,,
2023-08-23,ECB,3.75,,,
2023-08-24,ECB,3.75,,,
2023-08-25,ECB,3.75,,,
2023-08-26,ECB,3.75,,,
2023-08-27,ECB,3.75,,,
2023-08-28,ECB,3.75,,,
2023-08-29,ECB,3.75,,,
2023-08-30,ECB,3.75,,,
2023-08-31,ECB,3.75,,,
2023-09-01,ECB,3.75,,,
2023-09-02,ECB,3.75,,,
2023-09-03,ECB,3.75,,,
2023-09-04,ECB,3.75,,,
2023-09-05,ECB,3.75,,,
2023-09-06,ECB,3.75,,,
2023-09-07,ECB,3.75,,,
2023-09-08,ECB,3.75,,,
2023-09-09,ECB,3.75,,,
2023-09-10,ECB,3.75,,,
2023-09-11,ECB,3.75,,,
2023-09-12,ECB,3.75,,,
2023-09-13,ECB,3.75,,,
2023-09-14,ECB,3.75,,,
2023-09-15,ECB,3.75,,,
2023-09-16,ECB,3.75,,,
2023-09-17,ECB,3.75,,,
2023-09-18,ECB,3.75,,,
2023-09-19,ECB,3.75,,,
2023-09-20,ECB,4,,,
2023-09-21,ECB,4,,,
2023-09-22,ECB,4,,,
2023-09-23,ECB,4,,,
2023-09-24,ECB,4,,,
2023-09-25,ECB,4,,,
2023-09-26,ECB,4,,,
2023-09-27,ECB,4,,,
2023-09-28,ECB,4,,,
2023-09-29,ECB,4,,,
2023-09-30,ECB,4,,,
2023-10-01,ECB,4,,,
2023-10-02,ECB,4,,,
2023-10-03,ECB,4,,,
2023-10-04,ECB,4,,,
2023-10-05,ECB,4,,,
2023-10-06,ECB,4,,,
2023-10-07,ECB,4,,,
2023-10-08,ECB,4,,,
2023-10-09,ECB,4,,,
2023-10-10,ECB,4,,,
2023-10-11,ECB,4,,,
2023-10-12,ECB,4,,,
2023-10-13,ECB,4,,,
2023-10-14,ECB,4,,,
2023-10-15,ECB,4,,,
2023-10-16,ECB,4,,,
2023-10-17,ECB,4,,,
2023-10-18,ECB,4,,,
2023-10-19,ECB,4,,,
2023-10-20,ECB,4,,,
2023-10-21,ECB,4,,,
2023-10-22,ECB,4,,,
2023-10-23,ECB,4,,,
2023-10-24,ECB,4,,,
2023-10-25,ECB,4,,,
2023-10-26,ECB,4,,,
2023-10-27,ECB,4,,,
2023-10-28,ECB,4,,,
2023-10-29,ECB,4,,,
2023-10-30,ECB,4,,,
2023-10-31,ECB,4,,,
2023-11-01,ECB,4,,,
2023-11-02,ECB,4,,,
2023-11-03,ECB,4,,,
2023-11-04,ECB,4,,,
2023-11-05,ECB,4,,,
2023-11-06,ECB,4,,,
2023-11-07,ECB,4,,,
2023-11-08,ECB,4,,,
2023-11-09,ECB,4,,,
2023-11-10,ECB,4,,,
2023-11-11,ECB,4,,,
2023-11-12,ECB,4,,,
2023-11-13,ECB,4,,,
2023-11-14,ECB,4,,,
2023-11-15,ECB,4,,,
2023-11-16,ECB,4,,,
2023-11-17,ECB,4,,,
2023-11-18,ECB,4,,,
2023-11-19,ECB,4,,,
2023-11-20,ECB,4,,,
2023-11-21,ECB,4,,,
2023-11-22,ECB,4,,,
2023-11-23,ECB,4,,,
2023-11-24,ECB,4,,,
2023-11-25,ECB,4,,,
2023-11-26,ECB,4,,,
2023-11-27,ECB,4,,,
2023-11-28,ECB,4,,,
2023-11-29,ECB,4,,,
2023-11-30,ECB,4,,,
2023-12-01,ECB,4,,,
2023-12-02,ECB,4,,,
2023-12-03,ECB,4,,,
2023-12-04,ECB,4,,,
2023-12-05,ECB,4,,,
2023-12-06,ECB,4,,,
2023-12-07,ECB,4,,,
2023-12-08,ECB,4,,,
2023-12-09,ECB,4,,,
2023-12-10,ECB,4,,,
2023-12-11,ECB,4,,,
2023-12-12,ECB,4,,,
2023-12-13,ECB,4,,,
2023-12-14,ECB,4,,,
2023-12-15,ECB,4,,,
2023-12-16,ECB,4,,,
2023-12-17,ECB,4,,,
2023-12-18,ECB,4,,,
2023-12-19,ECB,4,,,
2023-12-20,ECB,4,,,
2023-12-21,ECB,4,,,
2023-12-22,ECB,4,,,
2023-12-23,ECB,4,,,
2023-12-24,ECB,4,,,
2023-12-25,ECB,4,,,
2023-12-26,ECB,4,,,
2023-12-27,ECB,4,,,
2023-12-28,ECB,4,,,
2023-12-29,ECB,4,,,
2023-12-30,ECB,4,,,
2023-12-31,ECB,4,,,
2024-01-01,ECB,4,,,
2024-01-02,ECB,4,,,
2024-01-03,ECB,4,,,
2024-01-04,ECB,4,,,
2024-01-05,ECB,4,,,
2024-01-06,ECB,4,,,
2024-01-07,ECB,4,,,
2024-01-08,ECB,4,,,
2024-01-09,ECB,4,,,
2024-01-10,ECB,4,,,
2024-01-11,ECB,4,,,
2024-01-12,ECB,4,,,
2024-01-13,ECB,4,,,
2024-01-14,ECB,4,,,
2024-01-15,ECB,4,,,
2024-01-16,ECB,4,,,
2024-01-17,ECB,4,,,
2024-01-18,ECB,4,,,
2024-01-19,ECB,4,,,
2024-01-20,ECB,4,,,
2024-01-21,ECB,4,,,
2024-01-22,ECB,4,,,
2024-01-23,ECB,4,,,
2024-01-24,ECB,4,,,
2024-01-25,ECB,4,,,
2024-01-26,ECB,4,,,
2024-01-27,ECB,4,,,
2024-01-28,ECB,4,,,
2024-01-29,ECB,4,,,
2024-01-30,ECB,4,,,
2024-01-31,ECB,4,,,
2024-02-01,ECB,4,,,
2024-02-02,ECB,4,,,
2024-02-03,ECB,4,,,
2024-02-04,ECB,4,,,
2024-02-05,ECB,4,,,
2024-02-06,ECB,4,,,
2024-02-07,ECB,4,,,
2024-02-08,ECB,4,,,
2024-02-09,ECB,4,,,
2024-02-10,ECB,4,,,
2024-02-11,ECB,4,,,
2024-02-12,ECB,4,,,
2024-02-13,ECB,4,,,
2024-02-14,ECB,4,,,
2024-02-15,ECB,4,,,
2024-02-16,ECB,4,,,
2024-02-17,ECB,4,,,
2024-02-18,ECB,4,,,
2024-02-19,ECB,4,,,
2024-02-20,ECB,4,,,
2024-02-21,ECB,4,,,
2024-02-22,ECB,4,,,
2024-02-23,ECB,4,,,
2024-02-24,ECB,4,,,
2024-02-25,ECB,4,,,
2024-02-26,ECB,4,,,
2024-02-27,ECB,4,,,
2024-02-28,ECB,4,,,
2024-02-29,ECB,4,,,
2024-03-01,ECB,4,,,
2024-03-02,ECB,4,,,
2024-03-03,ECB,4,,,
2024-03-04,ECB,4,,,
2024-03-05,ECB,4,,,
2024-03-06,ECB,4,,,
2024-03-07,ECB,4,,,
2024-03-08,ECB,4,,,
2024-03-09,ECB,4,,,
2024-03-10,ECB,4,,,
2024-03-11,ECB,4,,,
2024-03-12,ECB,4,,,
2024-03-13,ECB,4,,,
2024-03-14,ECB,4,,,
2024-03-15,ECB,4,,,
2024-03-16,ECB,4,,,
2024-03-17,ECB,4,,,
2024-03-18,ECB,4,,,
2024-03-19,ECB,4,,,
2024-03-20,ECB,4,,,
2024-03-21,ECB,4,,,
2024-03-22,ECB,4,,,
2024-03-23,ECB,4,,,
2024-03-24,ECB,4,,,
2024-03-25,ECB,4,,,
2024-03-26,ECB,4,,,
2024-03-27,ECB,4,,,
2024-03-28,ECB,4,,,
2024-03-29,ECB,4,,,
2024-03-30,ECB,4,,,
2024-03-31,ECB,4,,,
2024-04-01,ECB,4,,,
2024-04-02,ECB,4,,,
2024-04-03,ECB,4,,,
2024-04-04,ECB,4,,,
2024-04-05,ECB,4,,,
2024-04-06,ECB,4,,,
2024-04-07,ECB,4,,,
2024-04-08,ECB,4,,,
2024-04-09,ECB,4,,,
2024-04-10,ECB,4,,,
2024-04-11,ECB,4,,,
2024-04-12,ECB,4,,,
2024-04-13,ECB,4,,,
2024-04-14,ECB,4,,,
2024-04-15,ECB,4,,,
2024-04-16,ECB,4,,,
2024-04-17,ECB,4,,,
2024-04-18,ECB,4,,,
2024-04-19,ECB,4,,,
2024-04-20,ECB,4,,,
2024-04-21,ECB,4,,,
2024-04-22,ECB,4,,,
2024-04-23,ECB,4,,,
2024-04-24,ECB,4,,,
2024-04-25,ECB,4,,,
2024-04-26,ECB,4,,,
2024-04-27,ECB,4,,,
2024-04-28,ECB,4,,,
2024-04-29,ECB,4,,,
2024-04-30,ECB,4,,,
2024-05-01,ECB,4,,,
2024-05-02,ECB,4,,,
2024-05-03,ECB,4,,,
2024-05-04,ECB,4,,,
2024-05-05,ECB,4,,,
2024-05-06,ECB,4,,,
2024-05-07,ECB,4,,,
2024-05-08,ECB,4,,,
2024-05-09,ECB,4,,,
2024-05-10,ECB,4,,,
2024-05-11,ECB,4,,,
2024-05-12,ECB,4,,,
2024-05-13,ECB,4,,,
2024-05-14,ECB,4,,,
2024-05-15,ECB,4,,,
2024-05-16,ECB,4,,,
2024-05-17,ECB,4,,,
2024-05-18,ECB,4,,,
2024-05-19,ECB,4,,,
2024-05-20,ECB,4,,,
2024-05-21,ECB,4,,,
2024-05-22,ECB,4,,,
2024-05-23,ECB,4,,,
2024-05-24,ECB,4,,,
2024-05-25,ECB,4,,,
2024-05-26,ECB,4,,,
2024-05-27,ECB,4,,,
2024-05-28,ECB,4,,,
2024-05-29,ECB,4,,,
2024-05-30,ECB,4,,,
2024-05-31,ECB,4,,,
2024-06-01,ECB,4,,,
2024-06-02,ECB,4,,,
2024-06-03,ECB,4,,,
2024-06-04,ECB,4,,,
2024-06-05,ECB,4,,,
2024-06-06,ECB,4,,,
2024-06-07,ECB,4,,,
2024-06-08,ECB,4,,,
2024-06-09,ECB,4,,,
2024-06-10,ECB,4,,,
2024-06-11,ECB,4,,,
2024-06-12,ECB,3.75,,,
2024-06-13,ECB,3.75,,,
2024-06-14,ECB,3.75,,,
2024-06-15,ECB,3.75,,,
2024-06-16,ECB,3.75,,,
2024-06-17,ECB,3.75,,,
2024-06-18,ECB,3.75,,,
2024-06-19,ECB,3.75,,,
2024-06-20,ECB,3.75,,,
2024-06-21,ECB,3.75,,,
2024-06-22,ECB,3.75,,,
2024-06-23,ECB,3.75,,,
2024-06-24,ECB,3.75,,,
2024-06-25,ECB,3.75,,,
2024-06-26,ECB,3.75,,,
2024-06-27,ECB,3.75,,,
2024-06-28,ECB,3.75,,,
2024-06-29,ECB,3.75,,,
2024-06-30,ECB,3.75,,,
2024-07-01,ECB,3.75,,,
2024-07-02,ECB,3.75,,,
2024-07-03,ECB,3.75,,,
2024-07-04,ECB,3.75,,,
2024-07-05,ECB,3.75,,,
2024-07-06,ECB,3.75,,,
2024-07-07,ECB,3.75,,,
2024-07-08,ECB,3.75,,,
2024-07-09,ECB,3.75,,,
2024-07-10,ECB,3.75,,,
2024-07-11,ECB,3.75,,,
2024-07-12,ECB,3.75,,,
2024-07-13,ECB,3.75,,,
2024-07-14,ECB,3.75,,,
2024-07-15,ECB,3.75,,,
2024-07-16,ECB,3.75,,,
2024-07-17,ECB,3.75,,,
2024-07-18,ECB,3.75,,,
2024-07-19,ECB,3.75,,,
2024-07-20,ECB,3.75,,,
2024-07-21,ECB,3.75,,,
2024-07-22,ECB,3.75,,,
2024-07-23,ECB,3.75,,,
2024-07-24,ECB,3.75,,,
2024-07-25,ECB,3.75,,,
2024-07-26,ECB,3.75,,,
2024-07-27,ECB,3.75,,,
2024-07-28,ECB,3.75,,,
2024-07-29,ECB,3.75,,,
2024-07-30,ECB,3.75,,,
2024-07-31,ECB,3.75,,,
2024-08-01,ECB,3.75,,,
2024-08-02,ECB,3.75,,,
2024-08-03,ECB,3.75,,,
2024-08-04,ECB,3.75,,,
2024-08-05,ECB,3.75,,,
2024-08-06,ECB,3.75,,,
2024-08-07,ECB,3.75,,,
2024-08-08,ECB,3.75,,,
2024-08-09,ECB,3.75,,,
2024-08-10,ECB,3.75,,,
2024-08-11,ECB,3.75,,,
2024-08-12,ECB,3.75,,,
2024-08-13,ECB,3.75,,,
2024-08-14,ECB,3.75,,,
2024-08-15,ECB,3.75,,,
2024-08-16,ECB,3.75,,,
2024-08-17,ECB,3.75,,,
2024-08-18,ECB,3.75,,,
2024-08-19,ECB,3.75,,,
2024-08-20,ECB,3.75,,,
2024-08-21,ECB,3.75,,,
2024-08-22,ECB,3.75,,,
2024-08-23,ECB,3.75,,,
2024-08-24,ECB,3.75,,,
2024-08-25,ECB,3.75,,,
2024-08-26,ECB,3.75,,,
2024-08-27,ECB,3.75,,,
2024-08-28,ECB,3.75,,,
2024-08-29,ECB,3.75,,,
2024-08-30,ECB,3.75,,,
2024-08-31,ECB,3.75,,,
2024-09-01,ECB,3.75,,,
2024-09-02,ECB,3.75,,,
2024-09-03,ECB,3.75,,,
2024-09-04,ECB,3.75,,,
2024-09-05,ECB,3.75,,,
2024-09-06,ECB,3.75,,,
2024-09-07,ECB,3.75,,,
2024-09-08,ECB,3.75,,,
2024-09-09,ECB,3.75,,,
2024-09-10,ECB,3.75,,,
2024-09-11,ECB,3.75,,,
2024-09-12,ECB,3.75,,,
2024-09-13,ECB,3.75,,,
2024-09-14,ECB,3.75,,,
2024-09-15,ECB,3.75,,,
2024-09-16,ECB,3.75,,,
2024-09-17,ECB,3.75,,,
2024-09-18,ECB,3.5,,,
2024-09-19,ECB,3.5,,,
2024-09-20,ECB,3.5,,,
2024-09-21,ECB,3.5,,,
2024-09-22,ECB,3.5,,,
2024-09-23,ECB,3.5,,,
2024-09-24,ECB,3.5,,,
2024-09-25,ECB,3.5,,,
2024-09-26,ECB,3.5,,,
2024-09-27,ECB,3.5,,,
2024-09-28,ECB,3.5,,,
2024-09-29,ECB,3.5,,,
2024-09-30,ECB,3.5,,,
2024-10-01,ECB,3.5,,,
2024-10-02,ECB,3.5,,,
2024-10-03,ECB,3.5,,,
2024-10-04,ECB,3.5,,,
2024-10-05,ECB,3.5,,,
2024-10-06,ECB,3.5,,,
2024-10-07,ECB,3.5,,,
2024-10-08,ECB,3.5,,,
2024-10-09,ECB,3.5,,,
2024-10-10,ECB,3.5,,,
2024-10-11,ECB,3.5,,,
2024-10-12,ECB,3.5,,,
2024-10-13,ECB,3.5,,,
2024-10-14,ECB,3.5,,,
2024-10-15,ECB,3.5,,,
2024-10-16,ECB,3.5,,,
2024-10-17,ECB,3.5,,,
2024-10-18,ECB,3.5,,,
2024-10-19,ECB,3.5,,,
2024-10-20,ECB,3.5,,,
2024-10-21,ECB,3.5,,,
2024-10-22,ECB,3.5,,,
2024-10-23,ECB,3.25,,,
2024-10-24,ECB,3.25,,,
2024-10-25,ECB,3.25,,,
2024-10-26,ECB,3.25,,,
2024-10-27,ECB,3.25,,,
2024-10-28,ECB,3.25,,,
2024-10-29,ECB,3.25,,,
2024-11-01,ECB,3.25,,,
2024-11-30,ECB,,2.8874969482422,2.89749999999999,
2024-12-31,ECB,,2.7225036621094,2.7225,2.3425
2025-01-31,ECB,,2.5350036621094,2.52249999999999,
2025-02-28,ECB,,2.3649978637695,2.31999999999999,
2025-03-31,ECB,,2.245002746582,2.1425,2.11499999999999
2025-04-30,ECB,,2.13999938964839,,
2025-06-30,ECB,,2.0175018310547,1.8275,1.98999999999999
2025-09-30,ECB,,1.94000244140619,1.6925,1.94
2025-12-31,ECB,,1.9250030517578,1.64749999999999,1.9375
2026-03-31,ECB,,1.9649963378906,1.66,1.9675
2026-06-30,ECB,,2.0074996948242,1.69499999999999,2.0125
2026-09-30,ECB,,2.0524978637695,1.7375,2.0675
2026-12-31,ECB,,2.0924987792969,1.7825,2.0975
2022-01-01,BoE,0.25,,,
2022-01-02,BoE,0.25,,,
2022-01-03,BoE,0.25,,,
2022-01-04,BoE,0.25,,,
2022-01-05,BoE,0.25,,,
2022-01-06,BoE,0.25,,,
2022-01-07,BoE,0.25,,,
2022-01-08,BoE,0.25,,,
2022-01-09,BoE,0.25,,,
2022-01-10,BoE,0.25,,,
2022-01-11,BoE,0.25,,,
2022-01-12,BoE,0.25,,,
2022-01-13,BoE,0.25,,,
2022-01-14,BoE,0.25,,,
2022-01-15,BoE,0.25,,,
2022-01-16,BoE,0.25,,,
2022-01-17,BoE,0.25,,,
2022-01-18,BoE,0.25,,,
2022-01-19,BoE,0.25,,,
2022-01-20,BoE,0.25,,,
2022-01-21,BoE,0.25,,,
2022-01-22,BoE,0.25,,,
2022-01-23,BoE,0.25,,,
2022-01-24,BoE,0.25,,,
2022-01-25,BoE,0.25,,,
2022-01-26,BoE,0.25,,,
2022-01-27,BoE,0.25,,,
2022-01-28,BoE,0.25,,,
2022-01-29,BoE,0.25,,,
2022-01-30,BoE,0.25,,,
2022-01-31,BoE,0.25,,,
2022-02-01,BoE,0.25,,,
2022-02-02,BoE,0.25,,,
2022-02-03,BoE,0.5,,,
2022-02-04,BoE,0.5,,,
2022-02-05,BoE,0.5,,,
2022-02-06,BoE,0.5,,,
2022-02-07,BoE,0.5,,,
2022-02-08,BoE,0.5,,,
2022-02-09,BoE,0.5,,,
2022-02-10,BoE,0.5,,,
2022-02-11,BoE,0.5,,,
2022-02-12,BoE,0.5,,,
2022-02-13,BoE,0.5,,,
2022-02-14,BoE,0.5,,,
2022-02-15,BoE,0.5,,,
2022-02-16,BoE,0.5,,,
2022-02-17,BoE,0.5,,,
2022-02-18,BoE,0.5,,,
2022-02-19,BoE,0.5,,,
2022-02-20,BoE,0.5,,,
2022-02-21,BoE,0.5,,,
2022-02-22,BoE,0.5,,,
2022-02-23,BoE,0.5,,,
2022-02-24,BoE,0.5,,,
2022-02-25,BoE,0.5,,,
2022-02-26,BoE,0.5,,,
2022-02-27,BoE,0.5,,,
2022-02-28,BoE,0.5,,,
2022-03-01,BoE,0.5,,,
2022-03-02,BoE,0.5,,,
2022-03-03,BoE,0.5,,,
2022-03-04,BoE,0.5,,,
2022-03-05,BoE,0.5,,,
2022-03-06,BoE,0.5,,,
2022-03-07,BoE,0.5,,,
2022-03-08,BoE,0.5,,,
2022-03-09,BoE,0.5,,,
2022-03-10,BoE,0.5,,,
2022-03-11,BoE,0.5,,,
2022-03-12,BoE,0.5,,,
2022-03-13,BoE,0.5,,,
2022-03-14,BoE,0.5,,,
2022-03-15,BoE,0.5,,,
2022-03-16,BoE,0.5,,,
2022-03-17,BoE,0.75,,,
2022-03-18,BoE,0.75,,,
2022-03-19,BoE,0.75,,,
2022-03-20,BoE,0.75,,,
2022-03-21,BoE,0.75,,,
2022-03-22,BoE,0.75,,,
2022-03-23,BoE,0.75,,,
2022-03-24,BoE,0.75,,,
2022-03-25,BoE,0.75,,,
2022-03-26,BoE,0.75,,,
2022-03-27,BoE,0.75,,,
2022-03-28,BoE,0.75,,,
2022-03-29,BoE,0.75,,,
2022-03-30,BoE,0.75,,,
2022-03-31,BoE,0.75,,,
2022-04-01,BoE,0.75,,,
2022-04-02,BoE,0.75,,,
2022-04-03,BoE,0.75,,,
2022-04-04,BoE,0.75,,,
2022-04-05,BoE,0.75,,,
2022-04-06,BoE,0.75,,,
2022-04-07,BoE,0.75,,,
2022-04-08,BoE,0.75,,,
2022-04-09,BoE,0.75,,,
2022-04-10,BoE,0.75,,,
2022-04-11,BoE,0.75,,,
2022-04-12,BoE,0.75,,,
2022-04-13,BoE,0.75,,,
2022-04-14,BoE,0.75,,,
2022-04-15,BoE,0.75,,,
2022-04-16,BoE,0.75,,,
2022-04-17,BoE,0.75,,,
2022-04-18,BoE,0.75,,,
2022-04-19,BoE,0.75,,,
2022-04-20,BoE,0.75,,,
2022-04-21,BoE,0.75,,,
2022-04-22,BoE,0.75,,,
2022-04-23,BoE,0.75,,,
2022-04-24,BoE,0.75,,,
2022-04-25,BoE,0.75,,,
2022-04-26,BoE,0.75,,,
2022-04-27,BoE,0.75,,,
2022-04-28,BoE,0.75,,,
2022-04-29,BoE,0.75,,,
2022-04-30,BoE,0.75,,,
2022-05-01,BoE,0.75,,,
2022-05-02,BoE,0.75,,,
2022-05-03,BoE,0.75,,,
2022-05-04,BoE,0.75,,,
2022-05-05,BoE,1,,,
2022-05-06,BoE,1,,,
2022-05-07,BoE,1,,,
2022-05-08,BoE,1,,,
2022-05-09,BoE,1,,,
2022-05-10,BoE,1,,,
2022-05-11,BoE,1,,,
2022-05-12,BoE,1,,,
2022-05-13,BoE,1,,,
2022-05-14,BoE,1,,,
2022-05-15,BoE,1,,,
2022-05-16,BoE,1,,,
2022-05-17,BoE,1,,,
2022-05-18,BoE,1,,,
2022-05-19,BoE,1,,,
2022-05-20,BoE,1,,,
2022-05-21,BoE,1,,,
2022-05-22,BoE,1,,,
2022-05-23,BoE,1,,,
2022-05-24,BoE,1,,,
2022-05-25,BoE,1,,,
2022-05-26,BoE,1,,,
2022-05-27,BoE,1,,,
2022-05-28,BoE,1,,,
2022-05-29,BoE,1,,,
2022-05-30,BoE,1,,,
2022-05-31,BoE,1,,,
2022-06-01,BoE,1,,,
2022-06-02,BoE,1,,,
2022-06-03,BoE,1,,,
2022-06-04,BoE,1,,,
2022-06-05,BoE,1,,,
2022-06-06,BoE,1,,,
2022-06-07,BoE,1,,,
2022-06-08,BoE,1,,,
2022-06-09,BoE,1,,,
2022-06-10,BoE,1,,,
2022-06-11,BoE,1,,,
2022-06-12,BoE,1,,,
2022-06-13,BoE,1,,,
2022-06-14,BoE,1,,,
2022-06-15,BoE,1,,,
2022-06-16,BoE,1.25,,,
2022-06-17,BoE,1.25,,,
2022-06-18,BoE,1.25,,,
2022-06-19,BoE,1.25,,,
2022-06-20,BoE,1.25,,,
2022-06-21,BoE,1.25,,,
2022-06-22,BoE,1.25,,,
2022-06-23,BoE,1.25,,,
2022-06-24,BoE,1.25,,,
2022-06-25,BoE,1.25,,,
2022-06-26,BoE,1.25,,,
2022-06-27,BoE,1.25,,,
2022-06-28,BoE,1.25,,,
2022-06-29,BoE,1.25,,,
2022-06-30,BoE,1.25,,,
2022-07-01,BoE,1.25,,,
2022-07-02,BoE,1.25,,,
2022-07-03,BoE,1.25,,,
2022-07-04,BoE,1.25,,,
2022-07-05,BoE,1.25,,,
2022-07-06,BoE,1.25,,,
2022-07-07,BoE,1.25,,,
2022-07-08,BoE,1.25,,,
2022-07-09,BoE,1.25,,,
2022-07-10,BoE,1.25,,,
2022-07-11,BoE,1.25,,,
2022-07-12,BoE,1.25,,,
2022-07-13,BoE,1.25,,,
2022-07-14,BoE,1.25,,,
2022-07-15,BoE,1.25,,,
2022-07-16,BoE,1.25,,,
2022-07-17,BoE,1.25,,,
2022-07-18,BoE,1.25,,,
2022-07-19,BoE,1.25,,,
2022-07-20,BoE,1.25,,,
2022-07-21,BoE,1.25,,,
2022-07-22,BoE,1.25,,,
2022-07-23,BoE,1.25,,,
2022-07-24,BoE,1.25,,,
2022-07-25,BoE,1.25,,,
2022-07-26,BoE,1.25,,,
2022-07-27,BoE,1.25,,,
2022-07-28,BoE,1.25,,,
2022-07-29,BoE,1.25,,,
2022-07-30,BoE,1.25,,,
2022-07-31,BoE,1.25,,,
2022-08-01,BoE,1.25,,,
2022-08-02,BoE,1.25,,,
2022-08-03,BoE,1.25,,,
2022-08-04,BoE,1.75,,,
2022-08-05,BoE,1.75,,,
2022-08-06,BoE,1.75,,,
2022-08-07,BoE,1.75,,,
2022-08-08,BoE,1.75,,,
2022-08-09,BoE,1.75,,,
2022-08-10,BoE,1.75,,,
2022-08-11,BoE,1.75,,,
2022-08-12,BoE,1.75,,,
2022-08-13,BoE,1.75,,,
2022-08-14,BoE,1.75,,,
2022-08-15,BoE,1.75,,,
2022-08-16,BoE,1.75,,,
2022-08-17,BoE,1.75,,,
2022-08-18,BoE,1.75,,,
2022-08-19,BoE,1.75,,,
2022-08-20,BoE,1.75,,,
2022-08-21,BoE,1.75,,,
2022-08-22,BoE,1.75,,,
2022-08-23,BoE,1.75,,,
2022-08-24,BoE,1.75,,,
2022-08-25,BoE,1.75,,,
2022-08-26,BoE,1.75,,,
2022-08-27,BoE,1.75,,,
2022-08-28,BoE,1.75,,,
2022-08-29,BoE,1.75,,,
2022-08-30,BoE,1.75,,,
2022-08-31,BoE,1.75,,,
2022-09-01,BoE,1.75,,,
2022-09-02,BoE,1.75,,,
2022-09-03,BoE,1.75,,,
2022-09-04,BoE,1.75,,,
2022-09-05,BoE,1.75,,,
2022-09-06,BoE,1.75,,,
2022-09-07,BoE,1.75,,,
2022-09-08,BoE,1.75,,,
2022-09-09,BoE,1.75,,,
2022-09-10,BoE,1.75,,,
2022-09-11,BoE,1.75,,,
2022-09-12,BoE,1.75,,,
2022-09-13,BoE,1.75,,,
2022-09-14,BoE,1.75,,,
2022-09-15,BoE,1.75,,,
2022-09-16,BoE,1.75,,,
2022-09-17,BoE,1.75,,,
2022-09-18,BoE,1.75,,,
2022-09-19,BoE,1.75,,,
2022-09-20,BoE,1.75,,,
2022-09-21,BoE,1.75,,,
2022-09-22,BoE,2.25,,,
2022-09-23,BoE,2.25,,,
2022-09-24,BoE,2.25,,,
2022-09-25,BoE,2.25,,,
2022-09-26,BoE,2.25,,,
2022-09-27,BoE,2.25,,,
2022-09-28,BoE,2.25,,,
2022-09-29,BoE,2.25,,,
2022-09-30,BoE,2.25,,,
2022-10-01,BoE,2.25,,,
2022-10-02,BoE,2.25,,,
2022-10-03,BoE,2.25,,,
2022-10-04,BoE,2.25,,,
2022-10-05,BoE,2.25,,,
2022-10-06,BoE,2.25,,,
2022-10-07,BoE,2.25,,,
2022-10-08,BoE,2.25,,,
2022-10-09,BoE,2.25,,,
2022-10-10,BoE,2.25,,,
2022-10-11,BoE,2.25,,,
2022-10-12,BoE,2.25,,,
2022-10-13,BoE,2.25,,,
2022-10-14,BoE,2.25,,,
2022-10-15,BoE,2.25,,,
2022-10-16,BoE,2.25,,,
2022-10-17,BoE,2.25,,,
2022-10-18,BoE,2.25,,,
2022-10-19,BoE,2.25,,,
2022-10-20,BoE,2.25,,,
2022-10-21,BoE,2.25,,,
2022-10-22,BoE,2.25,,,
2022-10-23,BoE,2.25,,,
2022-10-24,BoE,2.25,,,
2022-10-25,BoE,2.25,,,
2022-10-26,BoE,2.25,,,
2022-10-27,BoE,2.25,,,
2022-10-28,BoE,2.25,,,
2022-10-29,BoE,2.25,,,
2022-10-30,BoE,2.25,,,
2022-10-31,BoE,2.25,,,
2022-11-01,BoE,2.25,,,
2022-11-02,BoE,2.25,,,
2022-11-03,BoE,3,,,
2022-11-04,BoE,3,,,
2022-11-05,BoE,3,,,
2022-11-06,BoE,3,,,
2022-11-07,BoE,3,,,
2022-11-08,BoE,3,,,
2022-11-09,BoE,3,,,
2022-11-10,BoE,3,,,
2022-11-11,BoE,3,,,
2022-11-12,BoE,3,,,
2022-11-13,BoE,3,,,
2022-11-14,BoE,3,,,
2022-11-15,BoE,3,,,
2022-11-16,BoE,3,,,
2022-11-17,BoE,3,,,
2022-11-18,BoE,3,,,
2022-11-19,BoE,3,,,
2022-11-20,BoE,3,,,
2022-11-21,BoE,3,,,
2022-11-22,BoE,3,,,
2022-11-23,BoE,3,,,
2022-11-24,BoE,3,,,
2022-11-25,BoE,3,,,
2022-11-26,BoE,3,,,
2022-11-27,BoE,3,,,
2022-11-28,BoE,3,,,
2022-11-29,BoE,3,,,
2022-11-30,BoE,3,,,
2022-12-01,BoE,3,,,
2022-12-02,BoE,3,,,
2022-12-03,BoE,3,,,
2022-12-04,BoE,3,,,
2022-12-05,BoE,3,,,
2022-12-06,BoE,3,,,
2022-12-07,BoE,3,,,
2022-12-08,BoE,3,,,
2022-12-09,BoE,3,,,
2022-12-10,BoE,3,,,
2022-12-11,BoE,3,,,
2022-12-12,BoE,3,,,
2022-12-13,BoE,3,,,
2022-12-14,BoE,3,,,
2022-12-15,BoE,3.5,,,
2022-12-16,BoE,3.5,,,
2022-12-17,BoE,3.5,,,
2022-12-18,BoE,3.5,,,
2022-12-19,BoE,3.5,,,
2022-12-20,BoE,3.5,,,
2022-12-21,BoE,3.5,,,
2022-12-22,BoE,3.5,,,
2022-12-23,BoE,3.5,,,
2022-12-24,BoE,3.5,,,
2022-12-25,BoE,3.5,,,
2022-12-26,BoE,3.5,,,
2022-12-27,BoE,3.5,,,
2022-12-28,BoE,3.5,,,
2022-12-29,BoE,3.5,,,
2022-12-30,BoE,3.5,,,
2022-12-31,BoE,3.5,,,
2023-01-01,BoE,3.5,,,
2023-01-02,BoE,3.5,,,
2023-01-03,BoE,3.5,,,
2023-01-04,BoE,3.5,,,
2023-01-05,BoE,3.5,,,
2023-01-06,BoE,3.5,,,
2023-01-07,BoE,3.5,,,
2023-01-08,BoE,3.5,,,
2023-01-09,BoE,3.5,,,
2023-01-10,BoE,3.5,,,
2023-01-11,BoE,3.5,,,
2023-01-12,BoE,3.5,,,
2023-01-13,BoE,3.5,,,
2023-01-14,BoE,3.5,,,
2023-01-15,BoE,3.5,,,
2023-01-16,BoE,3.5,,,
2023-01-17,BoE,3.5,,,
2023-01-18,BoE,3.5,,,
2023-01-19,BoE,3.5,,,
2023-01-20,BoE,3.5,,,
2023-01-21,BoE,3.5,,,
2023-01-22,BoE,3.5,,,
2023-01-23,BoE,3.5,,,
2023-01-24,BoE,3.5,,,
2023-01-25,BoE,3.5,,,
2023-01-26,BoE,3.5,,,
2023-01-27,BoE,3.5,,,
2023-01-28,BoE,3.5,,,
2023-01-29,BoE,3.5,,,
2023-01-30,BoE,3.5,,,
2023-01-31,BoE,3.5,,,
2023-02-01,BoE,3.5,,,
2023-02-02,BoE,4,,,
2023-02-03,BoE,4,,,
2023-02-04,BoE,4,,,
2023-02-05,BoE,4,,,
2023-02-06,BoE,4,,,
2023-02-07,BoE,4,,,
2023-02-08,BoE,4,,,
2023-02-09,BoE,4,,,
2023-02-10,BoE,4,,,
2023-02-11,BoE,4,,,
2023-02-12,BoE,4,,,
2023-02-13,BoE,4,,,
2023-02-14,BoE,4,,,
2023-02-15,BoE,4,,,
2023-02-16,BoE,4,,,
2023-02-17,BoE,4,,,
2023-02-18,BoE,4,,,
2023-02-19,BoE,4,,,
2023-02-20,BoE,4,,,
2023-02-21,BoE,4,,,
2023-02-22,BoE,4,,,
2023-02-23,BoE,4,,,
2023-02-24,BoE,4,,,
2023-02-25,BoE,4,,,
2023-02-26,BoE,4,,,
2023-02-27,BoE,4,,,
2023-02-28,BoE,4,,,
2023-03-01,BoE,4,,,
2023-03-02,BoE,4,,,
2023-03-03,BoE,4,,,
2023-03-04,BoE,4,,,
2023-03-05,BoE,4,,,
2023-03-06,BoE,4,,,
2023-03-07,BoE,4,,,
2023-03-08,BoE,4,,,
2023-03-09,BoE,4,,,
2023-03-10,BoE,4,,,
2023-03-11,BoE,4,,,
2023-03-12,BoE,4,,,
2023-03-13,BoE,4,,,
2023-03-14,BoE,4,,,
2023-03-15,BoE,4,,,
2023-03-16,BoE,4,,,
2023-03-17,BoE,4,,,
2023-03-18,BoE,4,,,
2023-03-19,BoE,4,,,
2023-03-20,BoE,4,,,
2023-03-21,BoE,4,,,
2023-03-22,BoE,4,,,
2023-03-23,BoE,4.25,,,
2023-03-24,BoE,4.25,,,
2023-03-25,BoE,4.25,,,
2023-03-26,BoE,4.25,,,
2023-03-27,BoE,4.25,,,
2023-03-28,BoE,4.25,,,
2023-03-29,BoE,4.25,,,
2023-03-30,BoE,4.25,,,
2023-03-31,BoE,4.25,,,
2023-04-01,BoE,4.25,,,
2023-04-02,BoE,4.25,,,
2023-04-03,BoE,4.25,,,
2023-04-04,BoE,4.25,,,
2023-04-05,BoE,4.25,,,
2023-04-06,BoE,4.25,,,
2023-04-07,BoE,4.25,,,
2023-04-08,BoE,4.25,,,
2023-04-09,BoE,4.25,,,
2023-04-10,BoE,4.25,,,
2023-04-11,BoE,4.25,,,
2023-04-12,BoE,4.25,,,
2023-04-13,BoE,4.25,,,
2023-04-14,BoE,4.25,,,
2023-04-15,BoE,4.25,,,
2023-04-16,BoE,4.25,,,
2023-04-17,BoE,4.25,,,
2023-04-18,BoE,4.25,,,
2023-04-19,BoE,4.25,,,
2023-04-20,BoE,4.25,,,
2023-04-21,BoE,4.25,,,
2023-04-22,BoE,4.25,,,
2023-04-23,BoE,4.25,,,
2023-04-24,BoE,4.25,,,
2023-04-25,BoE,4.25,,,
2023-04-26,BoE,4.25,,,
2023-04-27,BoE,4.25,,,
2023-04-28,BoE,4.25,,,
2023-04-29,BoE,4.25,,,
2023-04-30,BoE,4.25,,,
2023-05-01,BoE,4.25,,,
2023-05-02,BoE,4.25,,,
2023-05-03,BoE,4.25,,,
2023-05-04,BoE,4.25,,,
2023-05-05,BoE,4.25,,,
2023-05-06,BoE,4.25,,,
2023-05-07,BoE,4.25,,,
2023-05-08,BoE,4.25,,,
2023-05-09,BoE,4.25,,,
2023-05-10,BoE,4.25,,,
2023-05-11,BoE,4.5,,,
2023-05-12,BoE,4.5,,,
2023-05-13,BoE,4.5,,,
2023-05-14,BoE,4.5,,,
2023-05-15,BoE,4.5,,,
2023-05-16,BoE,4.5,,,
2023-05-17,BoE,4.5,,,
2023-05-18,BoE,4.5,,,
2023-05-19,BoE,4.5,,,
2023-05-20,BoE,4.5,,,
2023-05-21,BoE,4.5,,,
2023-05-22,BoE,4.5,,,
2023-05-23,BoE,4.5,,,
2023-05-24,BoE,4.5,,,
2023-05-25,BoE,4.5,,,
2023-05-26,BoE,4.5,,,
2023-05-27,BoE,4.5,,,
2023-05-28,BoE,4.5,,,
2023-05-29,BoE,4.5,,,
2023-05-30,BoE,4.5,,,
2023-05-31,BoE,4.5,,,
2023-06-01,BoE,4.5,,,
2023-06-02,BoE,4.5,,,
2023-06-03,BoE,4.5,,,
2023-06-04,BoE,4.5,,,
2023-06-05,BoE,4.5,,,
2023-06-06,BoE,4.5,,,
2023-06-07,BoE,4.5,,,
2023-06-08,BoE,4.5,,,
2023-06-09,BoE,4.5,,,
2023-06-10,BoE,4.5,,,
2023-06-11,BoE,4.5,,,
2023-06-12,BoE,4.5,,,
2023-06-13,BoE,4.5,,,
2023-06-14,BoE,4.5,,,
2023-06-15,BoE,4.5,,,
2023-06-16,BoE,4.5,,,
2023-06-17,BoE,4.5,,,
2023-06-18,BoE,4.5,,,
2023-06-19,BoE,4.5,,,
2023-06-20,BoE,4.5,,,
2023-06-21,BoE,4.5,,,
2023-06-22,BoE,5,,,
2023-06-23,BoE,5,,,
2023-06-24,BoE,5,,,
2023-06-25,BoE,5,,,
2023-06-26,BoE,5,,,
2023-06-27,BoE,5,,,
2023-06-28,BoE,5,,,
2023-06-29,BoE,5,,,
2023-06-30,BoE,5,,,
2023-07-01,BoE,5,,,
2023-07-02,BoE,5,,,
2023-07-03,BoE,5,,,
2023-07-04,BoE,5,,,
2023-07-05,BoE,5,,,
2023-07-06,BoE,5,,,
2023-07-07,BoE,5,,,
2023-07-08,BoE,5,,,
2023-07-09,BoE,5,,,
2023-07-10,BoE,5,,,
2023-07-11,BoE,5,,,
2023-07-12,BoE,5,,,
2023-07-13,BoE,5,,,
2023-07-14,BoE,5,,,
2023-07-15,BoE,5,,,
2023-07-16,BoE,5,,,
2023-07-17,BoE,5,,,
2023-07-18,BoE,5,,,
2023-07-19,BoE,5,,,
2023-07-20,BoE,5,,,
2023-07-21,BoE,5,,,
2023-07-22,BoE,5,,,
2023-07-23,BoE,5,,,
2023-07-24,BoE,5,,,
2023-07-25,BoE,5,,,
2023-07-26,BoE,5,,,
2023-07-27,BoE,5,,,
2023-07-28,BoE,5,,,
2023-07-29,BoE,5,,,
2023-07-30,BoE,5,,,
2023-07-31,BoE,5,,,
2023-08-01,BoE,5,,,
2023-08-02,BoE,5,,,
2023-08-03,BoE,5.25,,,
2023-08-04,BoE,5.25,,,
2023-08-05,BoE,5.25,,,
2023-08-06,BoE,5.25,,,
2023-08-07,BoE,5.25,,,
2023-08-08,BoE,5.25,,,
2023-08-09,BoE,5.25,,,
2023-08-10,BoE,5.25,,,
2023-08-11,BoE,5.25,,,
2023-08-12,BoE,5.25,,,
2023-08-13,BoE,5.25,,,
2023-08-14,BoE,5.25,,,
2023-08-15,BoE,5.25,,,
2023-08-16,BoE,5.25,,,
2023-08-17,BoE,5.25,,,
2023-08-18,BoE,5.25,,,
2023-08-19,BoE,5.25,,,
2023-08-20,BoE,5.25,,,
2023-08-21,BoE,5.25,,,
2023-08-22,BoE,5.25,,,
2023-08-23,BoE,5.25,,,
2023-08-24,BoE,5.25,,,
2023-08-25,BoE,5.25,,,
2023-08-26,BoE,5.25,,,
2023-08-27,BoE,5.25,,,
2023-08-28,BoE,5.25,,,
2023-08-29,BoE,5.25,,,
2023-08-30,BoE,5.25,,,
2023-08-31,BoE,5.25,,,
2023-09-01,BoE,5.25,,,
2023-09-02,BoE,5.25,,,
2023-09-03,BoE,5.25,,,
2023-09-04,BoE,5.25,,,
2023-09-05,BoE,5.25,,,
2023-09-06,BoE,5.25,,,
2023-09-07,BoE,5.25,,,
2023-09-08,BoE,5.25,,,
2023-09-09,BoE,5.25,,,
2023-09-10,BoE,5.25,,,
2023-09-11,BoE,5.25,,,
2023-09-12,BoE,5.25,,,
2023-09-13,BoE,5.25,,,
2023-09-14,BoE,5.25,,,
2023-09-15,BoE,5.25,,,
2023-09-16,BoE,5.25,,,
2023-09-17,BoE,5.25,,,
2023-09-18,BoE,5.25,,,
2023-09-19,BoE,5.25,,,
2023-09-20,BoE,5.25,,,
2023-09-21,BoE,5.25,,,
2023-09-22,BoE,5.25,,,
2023-09-23,BoE,5.25,,,
2023-09-24,BoE,5.25,,,
2023-09-25,BoE,5.25,,,
2023-09-26,BoE,5.25,,,
2023-09-27,BoE,5.25,,,
2023-09-28,BoE,5.25,,,
2023-09-29,BoE,5.25,,,
2023-09-30,BoE,5.25,,,
2023-10-01,BoE,5.25,,,
2023-10-02,BoE,5.25,,,
2023-10-03,BoE,5.25,,,
2023-10-04,BoE,5.25,,,
2023-10-05,BoE,5.25,,,
2023-10-06,BoE,5.25,,,
2023-10-07,BoE,5.25,,,
2023-10-08,BoE,5.25,,,
2023-10-09,BoE,5.25,,,
2023-10-10,BoE,5.25,,,
2023-10-11,BoE,5.25,,,
2023-10-12,BoE,5.25,,,
2023-10-13,BoE,5.25,,,
2023-10-14,BoE,5.25,,,
2023-10-15,BoE,5.25,,,
2023-10-16,BoE,5.25,,,
2023-10-17,BoE,5.25,,,
2023-10-18,BoE,5.25,,,
2023-10-19,BoE,5.25,,,
2023-10-20,BoE,5.25,,,
2023-10-21,BoE,5.25,,,
2023-10-22,BoE,5.25,,,
2023-10-23,BoE,5.25,,,
2023-10-24,BoE,5.25,,,
2023-10-25,BoE,5.25,,,
2023-10-26,BoE,5.25,,,
2023-10-27,BoE,5.25,,,
2023-10-28,BoE,5.25,,,
2023-10-29,BoE,5.25,,,
2023-10-30,BoE,5.25,,,
2023-10-31,BoE,5.25,,,
2023-11-01,BoE,5.25,,,
2023-11-02,BoE,5.25,,,
2023-11-03,BoE,5.25,,,
2023-11-04,BoE,5.25,,,
2023-11-05,BoE,5.25,,,
2023-11-06,BoE,5.25,,,
2023-11-07,BoE,5.25,,,
2023-11-08,BoE,5.25,,,
2023-11-09,BoE,5.25,,,
2023-11-10,BoE,5.25,,,
2023-11-11,BoE,5.25,,,
2023-11-12,BoE,5.25,,,
2023-11-13,BoE,5.25,,,
2023-11-14,BoE,5.25,,,
2023-11-15,BoE,5.25,,,
2023-11-16,BoE,5.25,,,
2023-11-17,BoE,5.25,,,
2023-11-18,BoE,5.25,,,
2023-11-19,BoE,5.25,,,
2023-11-20,BoE,5.25,,,
2023-11-21,BoE,5.25,,,
2023-11-22,BoE,5.25,,,
2023-11-23,BoE,5.25,,,
2023-11-24,BoE,5.25,,,
2023-11-25,BoE,5.25,,,
2023-11-26,BoE,5.25,,,
2023-11-27,BoE,5.25,,,
2023-11-28,BoE,5.25,,,
2023-11-29,BoE,5.25,,,
2023-11-30,BoE,5.25,,,
2023-12-01,BoE,5.25,,,
2023-12-02,BoE,5.25,,,
2023-12-03,BoE,5.25,,,
2023-12-04,BoE,5.25,,,
2023-12-05,BoE,5.25,,,
2023-12-06,BoE,5.25,,,
2023-12-07,BoE,5.25,,,
2023-12-08,BoE,5.25,,,
2023-12-09,BoE,5.25,,,
2023-12-10,BoE,5.25,,,
2023-12-11,BoE,5.25,,,
2023-12-12,BoE,5.25,,,
2023-12-13,BoE,5.25,,,
2023-12-14,BoE,5.25,,,
2023-12-15,BoE,5.25,,,
2023-12-16,BoE,5.25,,,
2023-12-17,BoE,5.25,,,
2023-12-18,BoE,5.25,,,
2023-12-19,BoE,5.25,,,
2023-12-20,BoE,5.25,,,
2023-12-21,BoE,5.25,,,
2023-12-22,BoE,5.25,,,
2023-12-23,BoE,5.25,,,
2023-12-24,BoE,5.25,,,
2023-12-25,BoE,5.25,,,
2023-12-26,BoE,5.25,,,
2023-12-27,BoE,5.25,,,
2023-12-28,BoE,5.25,,,
2023-12-29,BoE,5.25,,,
2023-12-30,BoE,5.25,,,
2023-12-31,BoE,5.25,,,
2024-01-01,BoE,5.25,,,
2024-01-02,BoE,5.25,,,
2024-01-03,BoE,5.25,,,
2024-01-04,BoE,5.25,,,
2024-01-05,BoE,5.25,,,
2024-01-06,BoE,5.25,,,
2024-01-07,BoE,5.25,,,
2024-01-08,BoE,5.25,,,
2024-01-09,BoE,5.25,,,
2024-01-10,BoE,5.25,,,
2024-01-11,BoE,5.25,,,
2024-01-12,BoE,5.25,,,
2024-01-13,BoE,5.25,,,
2024-01-14,BoE,5.25,,,
2024-01-15,BoE,5.25,,,
2024-01-16,BoE,5.25,,,
2024-01-17,BoE,5.25,,,
2024-01-18,BoE,5.25,,,
2024-01-19,BoE,5.25,,,
2024-01-20,BoE,5.25,,,
2024-01-21,BoE,5.25,,,
2024-01-22,BoE,5.25,,,
2024-01-23,BoE,5.25,,,
2024-01-24,BoE,5.25,,,
2024-01-25,BoE,5.25,,,
2024-01-26,BoE,5.25,,,
2024-01-27,BoE,5.25,,,
2024-01-28,BoE,5.25,,,
2024-01-29,BoE,5.25,,,
2024-01-30,BoE,5.25,,,
2024-01-31,BoE,5.25,,,
2024-02-01,BoE,5.25,,,
2024-02-02,BoE,5.25,,,
2024-02-03,BoE,5.25,,,
2024-02-04,BoE,5.25,,,
2024-02-05,BoE,5.25,,,
2024-02-06,BoE,5.25,,,
2024-02-07,BoE,5.25,,,
2024-02-08,BoE,5.25,,,
2024-02-09,BoE,5.25,,,
2024-02-10,BoE,5.25,,,
2024-02-11,BoE,5.25,,,
2024-02-12,BoE,5.25,,,
2024-02-13,BoE,5.25,,,
2024-02-14,BoE,5.25,,,
2024-02-15,BoE,5.25,,,
2024-02-16,BoE,5.25,,,
2024-02-17,BoE,5.25,,,
2024-02-18,BoE,5.25,,,
2024-02-19,BoE,5.25,,,
2024-02-20,BoE,5.25,,,
2024-02-21,BoE,5.25,,,
2024-02-22,BoE,5.25,,,
2024-02-23,BoE,5.25,,,
2024-02-24,BoE,5.25,,,
2024-02-25,BoE,5.25,,,
2024-02-26,BoE,5.25,,,
2024-02-27,BoE,5.25,,,
2024-02-28,BoE,5.25,,,
2024-02-29,BoE,5.25,,,
2024-03-01,BoE,5.25,,,
2024-03-02,BoE,5.25,,,
2024-03-03,BoE,5.25,,,
2024-03-04,BoE,5.25,,,
2024-03-05,BoE,5.25,,,
2024-03-06,BoE,5.25,,,
2024-03-07,BoE,5.25,,,
2024-03-08,BoE,5.25,,,
2024-03-09,BoE,5.25,,,
2024-03-10,BoE,5.25,,,
2024-03-11,BoE,5.25,,,
2024-03-12,BoE,5.25,,,
2024-03-13,BoE,5.25,,,
2024-03-14,BoE,5.25,,,
2024-03-15,BoE,5.25,,,
2024-03-16,BoE,5.25,,,
2024-03-17,BoE,5.25,,,
2024-03-18,BoE,5.25,,,
2024-03-19,BoE,5.25,,,
2024-03-20,BoE,5.25,,,
2024-03-21,BoE,5.25,,,
2024-03-22,BoE,5.25,,,
2024-03-23,BoE,5.25,,,
2024-03-24,BoE,5.25,,,
2024-03-25,BoE,5.25,,,
2024-03-26,BoE,5.25,,,
2024-03-27,BoE,5.25,,,
2024-03-28,BoE,5.25,,,
2024-03-29,BoE,5.25,,,
2024-03-30,BoE,5.25,,,
2024-03-31,BoE,5.25,,,
2024-04-01,BoE,5.25,,,
2024-04-02,BoE,5.25,,,
2024-04-03,BoE,5.25,,,
2024-04-04,BoE,5.25,,,
2024-04-05,BoE,5.25,,,
2024-04-06,BoE,5.25,,,
2024-04-07,BoE,5.25,,,
2024-04-08,BoE,5.25,,,
2024-04-09,BoE,5.25,,,
2024-04-10,BoE,5.25,,,
2024-04-11,BoE,5.25,,,
2024-04-12,BoE,5.25,,,
2024-04-13,BoE,5.25,,,
2024-04-14,BoE,5.25,,,
2024-04-15,BoE,5.25,,,
2024-04-16,BoE,5.25,,,
2024-04-17,BoE,5.25,,,
2024-04-18,BoE,5.25,,,
2024-04-19,BoE,5.25,,,
2024-04-20,BoE,5.25,,,
2024-04-21,BoE,5.25,,,
2024-04-22,BoE,5.25,,,
2024-04-23,BoE,5.25,,,
2024-04-24,BoE,5.25,,,
2024-04-25,BoE,5.25,,,
2024-04-26,BoE,5.25,,,
2024-04-27,BoE,5.25,,,
2024-04-28,BoE,5.25,,,
2024-04-29,BoE,5.25,,,
2024-04-30,BoE,5.25,,,
2024-05-01,BoE,5.25,,,
2024-05-02,BoE,5.25,,,
2024-05-03,BoE,5.25,,,
2024-05-04,BoE,5.25,,,
2024-05-05,BoE,5.25,,,
2024-05-06,BoE,5.25,,,
2024-05-07,BoE,5.25,,,
2024-05-08,BoE,5.25,,,
2024-05-09,BoE,5.25,,,
2024-05-10,BoE,5.25,,,
2024-05-11,BoE,5.25,,,
2024-05-12,BoE,5.25,,,
2024-05-13,BoE,5.25,,,
2024-05-14,BoE,5.25,,,
2024-05-15,BoE,5.25,,,
2024-05-16,BoE,5.25,,,
2024-05-17,BoE,5.25,,,
2024-05-18,BoE,5.25,,,
2024-05-19,BoE,5.25,,,
2024-05-20,BoE,5.25,,,
2024-05-21,BoE,5.25,,,
2024-05-22,BoE,5.25,,,
2024-05-23,BoE,5.25,,,
2024-05-24,BoE,5.25,,,
2024-05-25,BoE,5.25,,,
2024-05-26,BoE,5.25,,,
2024-05-27,BoE,5.25,,,
2024-05-28,BoE,5.25,,,
2024-05-29,BoE,5.25,,,
2024-05-30,BoE,5.25,,,
2024-05-31,BoE,5.25,,,
2024-06-01,BoE,5.25,,,
2024-06-02,BoE,5.25,,,
2024-06-03,BoE,5.25,,,
2024-06-04,BoE,5.25,,,
2024-06-05,BoE,5.25,,,
2024-06-06,BoE,5.25,,,
2024-06-07,BoE,5.25,,,
2024-06-08,BoE,5.25,,,
2024-06-09,BoE,5.25,,,
2024-06-10,BoE,5.25,,,
2024-06-11,BoE,5.25,,,
2024-06-12,BoE,5.25,,,
2024-06-13,BoE,5.25,,,
2024-06-14,BoE,5.25,,,
2024-06-15,BoE,5.25,,,
2024-06-16,BoE,5.25,,,
2024-06-17,BoE,5.25,,,
2024-06-18,BoE,5.25,,,
2024-06-19,BoE,5.25,,,
2024-06-20,BoE,5.25,,,
2024-06-21,BoE,5.25,,,
2024-06-22,BoE,5.25,,,
2024-06-23,BoE,5.25,,,
2024-06-24,BoE,5.25,,,
2024-06-25,BoE,5.25,,,
2024-06-26,BoE,5.25,,,
2024-06-27,BoE,5.25,,,
2024-06-28,BoE,5.25,,,
2024-06-29,BoE,5.25,,,
2024-06-30,BoE,5.25,,,
2024-07-01,BoE,5.25,,,
2024-07-02,BoE,5.25,,,
2024-07-03,BoE,5.25,,,
2024-07-04,BoE,5.25,,,
2024-07-05,BoE,5.25,,,
2024-07-06,BoE,5.25,,,
2024-07-07,BoE,5.25,,,
2024-07-08,BoE,5.25,,,
2024-07-09,BoE,5.25,,,
2024-07-10,BoE,5.25,,,
2024-07-11,BoE,5.25,,,
2024-07-12,BoE,5.25,,,
2024-07-13,BoE,5.25,,,
2024-07-14,BoE,5.25,,,
2024-07-15,BoE,5.25,,,
2024-07-16,BoE,5.25,,,
2024-07-17,BoE,5.25,,,
2024-07-18,BoE,5.25,,,
2024-07-19,BoE,5.25,,,
2024-07-20,BoE,5.25,,,
2024-07-21,BoE,5.25,,,
2024-07-22,BoE,5.25,,,
2024-07-23,BoE,5.25,,,
2024-07-24,BoE,5.25,,,
2024-07-25,BoE,5.25,,,
2024-07-26,BoE,5.25,,,
2024-07-27,BoE,5.25,,,
2024-07-28,BoE,5.25,,,
2024-07-29,BoE,5.25,,,
2024-07-30,BoE,5.25,,,
2024-07-31,BoE,5.25,,,
2024-08-01,BoE,5,,,
2024-08-02,BoE,5,,,
2024-08-03,BoE,5,,,
2024-08-04,BoE,5,,,
2024-08-05,BoE,5,,,
2024-08-06,BoE,5,,,
2024-08-07,BoE,5,,,
2024-08-08,BoE,5,,,
2024-08-09,BoE,5,,,
2024-08-10,BoE,5,,,
2024-08-11,BoE,5,,,
2024-08-12,BoE,5,,,
2024-08-13,BoE,5,,,
2024-08-14,BoE,5,,,
2024-08-15,BoE,5,,,
2024-08-16,BoE,5,,,
2024-08-17,BoE,5,,,
2024-08-18,BoE,5,,,
2024-08-19,BoE,5,,,
2024-08-20,BoE,5,,,
2024-08-21,BoE,5,,,
2024-08-22,BoE,5,,,
2024-08-23,BoE,5,,,
2024-08-24,BoE,5,,,
2024-08-25,BoE,5,,,
2024-08-26,BoE,5,,,
2024-08-27,BoE,5,,,
2024-08-28,BoE,5,,,
2024-08-29,BoE,5,,,
2024-08-30,BoE,5,,,
2024-08-31,BoE,5,,,
2024-09-01,BoE,5,,,
2024-09-02,BoE,5,,,
2024-09-03,BoE,5,,,
2024-09-04,BoE,5,,,
2024-09-05,BoE,5,,,
2024-09-06,BoE,5,,,
2024-09-07,BoE,5,,,
2024-09-08,BoE,5,,,
2024-09-09,BoE,5,,,
2024-09-10,BoE,5,,,
2024-09-11,BoE,5,,,
2024-09-12,BoE,5,,,
2024-09-13,BoE,5,,,
2024-09-14,BoE,5,,,
2024-09-15,BoE,5,,,
2024-09-16,BoE,5,,,
2024-09-17,BoE,5,,,
2024-09-18,BoE,5,,,
2024-09-19,BoE,5,,,
2024-09-20,BoE,5,,,
2024-09-21,BoE,5,,,
2024-09-22,BoE,5,,,
2024-09-23,BoE,5,,,
2024-09-24,BoE,5,,,
2024-09-25,BoE,5,,,
2024-09-26,BoE,5,,,
2024-09-27,BoE,5,,,
2024-09-28,BoE,5,,,
2024-09-29,BoE,5,,,
2024-09-30,BoE,5,,,
2024-10-01,BoE,5,,,
2024-10-02,BoE,5,,,
2024-10-03,BoE,5,,,
2024-10-04,BoE,5,,,
2024-10-05,BoE,5,,,
2024-10-06,BoE,5,,,
2024-10-07,BoE,5,,,
2024-10-08,BoE,5,,,
2024-10-09,BoE,5,,,
2024-10-10,BoE,5,,,
2024-10-11,BoE,5,,,
2024-10-12,BoE,5,,,
2024-10-13,BoE,5,,,
2024-10-14,BoE,5,,,
2024-10-15,BoE,5,,,
2024-10-16,BoE,5,,,
2024-10-17,BoE,5,,,
2024-10-18,BoE,5,,,
2024-10-19,BoE,5,,,
2024-10-20,BoE,5,,,
2024-10-21,BoE,5,,,
2024-10-22,BoE,5,,,
2024-10-23,BoE,5,,,
2024-10-24,BoE,5,,,
2024-10-25,BoE,5,,,
2024-10-26,BoE,5,,,
2024-10-27,BoE,5,,,
2024-10-28,BoE,5,,,
2024-10-29,BoE,5,,,
2024-11-01,BoE,5,,,
2024-12-31,BoE,,4.5899963378906,4.48,3.61499999999999
2025-03-31,BoE,,4.3450012207031,4.02500000000001,3.34999999999999
2025-06-30,BoE,,4.1800003051758,3.69499999999999,3.16500000000001
2025-09-30,BoE,,4.0950012207031,3.51000000000001,3.06
2025-12-31,BoE,,4.05999755859381,3.41500000000001,3.01000000000001
2026-03-31,BoE,,4.06500244140619,3.39,2.995
2026-06-30,BoE,,4.05999755859381,3.38,2.985
2026-09-30,BoE,,4.0500030517578,3.375,2.97499999999999
2026-12-31,BoE,,4.01999664306641,3.375,2.97
2022-01-01,BoJ,-0.1,,,
2022-01-02,BoJ,-0.1,,,
2022-01-03,BoJ,-0.1,,,
2022-01-04,BoJ,-0.1,,,
2022-01-05,BoJ,-0.1,,,
2022-01-06,BoJ,-0.1,,,
2022-01-07,BoJ,-0.1,,,
2022-01-08,BoJ,-0.1,,,
2022-01-09,BoJ,-0.1,,,
2022-01-10,BoJ,-0.1,,,
2022-01-11,BoJ,-0.1,,,
2022-01-12,BoJ,-0.1,,,
2022-01-13,BoJ,-0.1,,,
2022-01-14,BoJ,-0.1,,,
2022-01-15,BoJ,-0.1,,,
2022-01-16,BoJ,-0.1,,,
2022-01-17,BoJ,-0.1,,,
2022-01-18,BoJ,-0.1,,,
2022-01-19,BoJ,-0.1,,,
2022-01-20,BoJ,-0.1,,,
2022-01-21,BoJ,-0.1,,,
2022-01-22,BoJ,-0.1,,,
2022-01-23,BoJ,-0.1,,,
2022-01-24,BoJ,-0.1,,,
2022-01-25,BoJ,-0.1,,,
2022-01-26,BoJ,-0.1,,,
2022-01-27,BoJ,-0.1,,,
2022-01-28,BoJ,-0.1,,,
2022-01-29,BoJ,-0.1,,,
2022-01-30,BoJ,-0.1,,,
2022-01-31,BoJ,-0.1,,,
2022-02-01,BoJ,-0.1,,,
2022-02-02,BoJ,-0.1,,,
2022-02-03,BoJ,-0.1,,,
2022-02-04,BoJ,-0.1,,,
2022-02-05,BoJ,-0.1,,,
2022-02-06,BoJ,-0.1,,,
2022-02-07,BoJ,-0.1,,,
2022-02-08,BoJ,-0.1,,,
2022-02-09,BoJ,-0.1,,,
2022-02-10,BoJ,-0.1,,,
2022-02-11,BoJ,-0.1,,,
2022-02-12,BoJ,-0.1,,,
2022-02-13,BoJ,-0.1,,,
2022-02-14,BoJ,-0.1,,,
2022-02-15,BoJ,-0.1,,,
2022-02-16,BoJ,-0.1,,,
2022-02-17,BoJ,-0.1,,,
2022-02-18,BoJ,-0.1,,,
2022-02-19,BoJ,-0.1,,,
2022-02-20,BoJ,-0.1,,,
2022-02-21,BoJ,-0.1,,,
2022-02-22,BoJ,-0.1,,,
2022-02-23,BoJ,-0.1,,,
2022-02-24,BoJ,-0.1,,,
2022-02-25,BoJ,-0.1,,,
2022-02-26,BoJ,-0.1,,,
2022-02-27,BoJ,-0.1,,,
2022-02-28,BoJ,-0.1,,,
2022-03-01,BoJ,-0.1,,,
2022-03-02,BoJ,-0.1,,,
2022-03-03,BoJ,-0.1,,,
2022-03-04,BoJ,-0.1,,,
2022-03-05,BoJ,-0.1,,,
2022-03-06,BoJ,-0.1,,,
2022-03-07,BoJ,-0.1,,,
2022-03-08,BoJ,-0.1,,,
2022-03-09,BoJ,-0.1,,,
2022-03-10,BoJ,-0.1,,,
2022-03-11,BoJ,-0.1,,,
2022-03-12,BoJ,-0.1,,,
2022-03-13,BoJ,-0.1,,,
2022-03-14,BoJ,-0.1,,,
2022-03-15,BoJ,-0.1,,,
2022-03-16,BoJ,-0.1,,,
2022-03-17,BoJ,-0.1,,,
2022-03-18,BoJ,-0.1,,,
2022-03-19,BoJ,-0.1,,,
2022-03-20,BoJ,-0.1,,,
2022-03-21,BoJ,-0.1,,,
2022-03-22,BoJ,-0.1,,,
2022-03-23,BoJ,-0.1,,,
2022-03-24,BoJ,-0.1,,,
2022-03-25,BoJ,-0.1,,,
2022-03-26,BoJ,-0.1,,,
2022-03-27,BoJ,-0.1,,,
2022-03-28,BoJ,-0.1,,,
2022-03-29,BoJ,-0.1,,,
2022-03-30,BoJ,-0.1,,,
2022-03-31,BoJ,-0.1,,,
2022-04-01,BoJ,-0.1,,,
2022-04-02,BoJ,-0.1,,,
2022-04-03,BoJ,-0.1,,,
2022-04-04,BoJ,-0.1,,,
2022-04-05,BoJ,-0.1,,,
2022-04-06,BoJ,-0.1,,,
2022-04-07,BoJ,-0.1,,,
2022-04-08,BoJ,-0.1,,,
2022-04-09,BoJ,-0.1,,,
2022-04-10,BoJ,-0.1,,,
2022-04-11,BoJ,-0.1,,,
2022-04-12,BoJ,-0.1,,,
2022-04-13,BoJ,-0.1,,,
2022-04-14,BoJ,-0.1,,,
2022-04-15,BoJ,-0.1,,,
2022-04-16,BoJ,-0.1,,,
2022-04-17,BoJ,-0.1,,,
2022-04-18,BoJ,-0.1,,,
2022-04-19,BoJ,-0.1,,,
2022-04-20,BoJ,-0.1,,,
2022-04-21,BoJ,-0.1,,,
2022-04-22,BoJ,-0.1,,,
2022-04-23,BoJ,-0.1,,,
2022-04-24,BoJ,-0.1,,,
2022-04-25,BoJ,-0.1,,,
2022-04-26,BoJ,-0.1,,,
2022-04-27,BoJ,-0.1,,,
2022-04-28,BoJ,-0.1,,,
2022-04-29,BoJ,-0.1,,,
2022-04-30,BoJ,-0.1,,,
2022-05-01,BoJ,-0.1,,,
2022-05-02,BoJ,-0.1,,,
2022-05-03,BoJ,-0.1,,,
2022-05-04,BoJ,-0.1,,,
2022-05-05,BoJ,-0.1,,,
2022-05-06,BoJ,-0.1,,,
2022-05-07,BoJ,-0.1,,,
2022-05-08,BoJ,-0.1,,,
2022-05-09,BoJ,-0.1,,,
2022-05-10,BoJ,-0.1,,,
2022-05-11,BoJ,-0.1,,,
2022-05-12,BoJ,-0.1,,,
2022-05-13,BoJ,-0.1,,,
2022-05-14,BoJ,-0.1,,,
2022-05-15,BoJ,-0.1,,,
2022-05-16,BoJ,-0.1,,,
2022-05-17,BoJ,-0.1,,,
2022-05-18,BoJ,-0.1,,,
2022-05-19,BoJ,-0.1,,,
2022-05-20,BoJ,-0.1,,,
2022-05-21,BoJ,-0.1,,,
2022-05-22,BoJ,-0.1,,,
2022-05-23,BoJ,-0.1,,,
2022-05-24,BoJ,-0.1,,,
2022-05-25,BoJ,-0.1,,,
2022-05-26,BoJ,-0.1,,,
2022-05-27,BoJ,-0.1,,,
2022-05-28,BoJ,-0.1,,,
2022-05-29,BoJ,-0.1,,,
2022-05-30,BoJ,-0.1,,,
2022-05-31,BoJ,-0.1,,,
2022-06-01,BoJ,-0.1,,,
2022-06-02,BoJ,-0.1,,,
2022-06-03,BoJ,-0.1,,,
2022-06-04,BoJ,-0.1,,,
2022-06-05,BoJ,-0.1,,,
2022-06-06,BoJ,-0.1,,,
2022-06-07,BoJ,-0.1,,,
2022-06-08,BoJ,-0.1,,,
2022-06-09,BoJ,-0.1,,,
2022-06-10,BoJ,-0.1,,,
2022-06-11,BoJ,-0.1,,,
2022-06-12,BoJ,-0.1,,,
2022-06-13,BoJ,-0.1,,,
2022-06-14,BoJ,-0.1,,,
2022-06-15,BoJ,-0.1,,,
2022-06-16,BoJ,-0.1,,,
2022-06-17,BoJ,-0.1,,,
2022-06-18,BoJ,-0.1,,,
2022-06-19,BoJ,-0.1,,,
2022-06-20,BoJ,-0.1,,,
2022-06-21,BoJ,-0.1,,,
2022-06-22,BoJ,-0.1,,,
2022-06-23,BoJ,-0.1,,,
2022-06-24,BoJ,-0.1,,,
2022-06-25,BoJ,-0.1,,,
2022-06-26,BoJ,-0.1,,,
2022-06-27,BoJ,-0.1,,,
2022-06-28,BoJ,-0.1,,,
2022-06-29,BoJ,-0.1,,,
2022-06-30,BoJ,-0.1,,,
2022-07-01,BoJ,-0.1,,,
2022-07-02,BoJ,-0.1,,,
2022-07-03,BoJ,-0.1,,,
2022-07-04,BoJ,-0.1,,,
2022-07-05,BoJ,-0.1,,,
2022-07-06,BoJ,-0.1,,,
2022-07-07,BoJ,-0.1,,,
2022-07-08,BoJ,-0.1,,,
2022-07-09,BoJ,-0.1,,,
2022-07-10,BoJ,-0.1,,,
2022-07-11,BoJ,-0.1,,,
2022-07-12,BoJ,-0.1,,,
2022-07-13,BoJ,-0.1,,,
2022-07-14,BoJ,-0.1,,,
2022-07-15,BoJ,-0.1,,,
2022-07-16,BoJ,-0.1,,,
2022-07-17,BoJ,-0.1,,,
2022-07-18,BoJ,-0.1,,,
2022-07-19,BoJ,-0.1,,,
2022-07-20,BoJ,-0.1,,,
2022-07-21,BoJ,-0.1,,,
2022-07-22,BoJ,-0.1,,,
2022-07-23,BoJ,-0.1,,,
2022-07-24,BoJ,-0.1,,,
2022-07-25,BoJ,-0.1,,,
2022-07-26,BoJ,-0.1,,,
2022-07-27,BoJ,-0.1,,,
2022-07-28,BoJ,-0.1,,,
2022-07-29,BoJ,-0.1,,,
2022-07-30,BoJ,-0.1,,,
2022-07-31,BoJ,-0.1,,,
2022-08-01,BoJ,-0.1,,,
2022-08-02,BoJ,-0.1,,,
2022-08-03,BoJ,-0.1,,,
2022-08-04,BoJ,-0.1,,,
2022-08-05,BoJ,-0.1,,,
2022-08-06,BoJ,-0.1,,,
2022-08-07,BoJ,-0.1,,,
2022-08-08,BoJ,-0.1,,,
2022-08-09,BoJ,-0.1,,,
2022-08-10,BoJ,-0.1,,,
2022-08-11,BoJ,-0.1,,,
2022-08-12,BoJ,-0.1,,,
2022-08-13,BoJ,-0.1,,,
2022-08-14,BoJ,-0.1,,,
2022-08-15,BoJ,-0.1,,,
2022-08-16,BoJ,-0.1,,,
2022-08-17,BoJ,-0.1,,,
2022-08-18,BoJ,-0.1,,,
2022-08-19,BoJ,-0.1,,,
2022-08-20,BoJ,-0.1,,,
2022-08-21,BoJ,-0.1,,,
2022-08-22,BoJ,-0.1,,,
2022-08-23,BoJ,-0.1,,,
2022-08-24,BoJ,-0.1,,,
2022-08-25,BoJ,-0.1,,,
2022-08-26,BoJ,-0.1,,,
2022-08-27,BoJ,-0.1,,,
2022-08-28,BoJ,-0.1,,,
2022-08-29,BoJ,-0.1,,,
2022-08-30,BoJ,-0.1,,,
2022-08-31,BoJ,-0.1,,,
2022-09-01,BoJ,-0.1,,,
2022-09-02,BoJ,-0.1,,,
2022-09-03,BoJ,-0.1,,,
2022-09-04,BoJ,-0.1,,,
2022-09-05,BoJ,-0.1,,,
2022-09-06,BoJ,-0.1,,,
2022-09-07,BoJ,-0.1,,,
2022-09-08,BoJ,-0.1,,,
2022-09-09,BoJ,-0.1,,,
2022-09-10,BoJ,-0.1,,,
2022-09-11,BoJ,-0.1,,,
2022-09-12,BoJ,-0.1,,,
2022-09-13,BoJ,-0.1,,,
2022-09-14,BoJ,-0.1,,,
2022-09-15,BoJ,-0.1,,,
2022-09-16,BoJ,-0.1,,,
2022-09-17,BoJ,-0.1,,,
2022-09-18,BoJ,-0.1,,,
2022-09-19,BoJ,-0.1,,,
2022-09-20,BoJ,-0.1,,,
2022-09-21,BoJ,-0.1,,,
2022-09-22,BoJ,-0.1,,,
2022-09-23,BoJ,-0.1,,,
2022-09-24,BoJ,-0.1,,,
2022-09-25,BoJ,-0.1,,,
2022-09-26,BoJ,-0.1,,,
2022-09-27,BoJ,-0.1,,,
2022-09-28,BoJ,-0.1,,,
2022-09-29,BoJ,-0.1,,,
2022-09-30,BoJ,-0.1,,,
2022-10-01,BoJ,-0.1,,,
2022-10-02,BoJ,-0.1,,,
2022-10-03,BoJ,-0.1,,,
2022-10-04,BoJ,-0.1,,,
2022-10-05,BoJ,-0.1,,,
2022-10-06,BoJ,-0.1,,,
2022-10-07,BoJ,-0.1,,,
2022-10-08,BoJ,-0.1,,,
2022-10-09,BoJ,-0.1,,,
2022-10-10,BoJ,-0.1,,,
2022-10-11,BoJ,-0.1,,,
2022-10-12,BoJ,-0.1,,,
2022-10-13,BoJ,-0.1,,,
2022-10-14,BoJ,-0.1,,,
2022-10-15,BoJ,-0.1,,,
2022-10-16,BoJ,-0.1,,,
2022-10-17,BoJ,-0.1,,,
2022-10-18,BoJ,-0.1,,,
2022-10-19,BoJ,-0.1,,,
2022-10-20,BoJ,-0.1,,,
2022-10-21,BoJ,-0.1,,,
2022-10-22,BoJ,-0.1,,,
2022-10-23,BoJ,-0.1,,,
2022-10-24,BoJ,-0.1,,,
2022-10-25,BoJ,-0.1,,,
2022-10-26,BoJ,-0.1,,,
2022-10-27,BoJ,-0.1,,,
2022-10-28,BoJ,-0.1,,,
2022-10-29,BoJ,-0.1,,,
2022-10-30,BoJ,-0.1,,,
2022-10-31,BoJ,-0.1,,,
2022-11-01,BoJ,-0.1,,,
2022-11-02,BoJ,-0.1,,,
2022-11-03,BoJ,-0.1,,,
2022-11-04,BoJ,-0.1,,,
2022-11-05,BoJ,-0.1,,,
2022-11-06,BoJ,-0.1,,,
2022-11-07,BoJ,-0.1,,,
2022-11-08,BoJ,-0.1,,,
2022-11-09,BoJ,-0.1,,,
2022-11-10,BoJ,-0.1,,,
2022-11-11,BoJ,-0.1,,,
2022-11-12,BoJ,-0.1,,,
2022-11-13,BoJ,-0.1,,,
2022-11-14,BoJ,-0.1,,,
2022-11-15,BoJ,-0.1,,,
2022-11-16,BoJ,-0.1,,,
2022-11-17,BoJ,-0.1,,,
2022-11-18,BoJ,-0.1,,,
2022-11-19,BoJ,-0.1,,,
2022-11-20,BoJ,-0.1,,,
2022-11-21,BoJ,-0.1,,,
2022-11-22,BoJ,-0.1,,,
2022-11-23,BoJ,-0.1,,,
2022-11-24,BoJ,-0.1,,,
2022-11-25,BoJ,-0.1,,,
2022-11-26,BoJ,-0.1,,,
2022-11-27,BoJ,-0.1,,,
2022-11-28,BoJ,-0.1,,,
2022-11-29,BoJ,-0.1,,,
2022-11-30,BoJ,-0.1,,,
2022-12-01,BoJ,-0.1,,,
2022-12-02,BoJ,-0.1,,,
2022-12-03,BoJ,-0.1,,,
2022-12-04,BoJ,-0.1,,,
2022-12-05,BoJ,-0.1,,,
2022-12-06,BoJ,-0.1,,,
2022-12-07,BoJ,-0.1,,,
2022-12-08,BoJ,-0.1,,,
2022-12-09,BoJ,-0.1,,,
2022-12-10,BoJ,-0.1,,,
2022-12-11,BoJ,-0.1,,,
2022-12-12,BoJ,-0.1,,,
2022-12-13,BoJ,-0.1,,,
2022-12-14,BoJ,-0.1,,,
2022-12-15,BoJ,-0.1,,,
2022-12-16,BoJ,-0.1,,,
2022-12-17,BoJ,-0.1,,,
2022-12-18,BoJ,-0.1,,,
2022-12-19,BoJ,-0.1,,,
2022-12-20,BoJ,-0.1,,,
2022-12-21,BoJ,-0.1,,,
2022-12-22,BoJ,-0.1,,,
2022-12-23,BoJ,-0.1,,,
2022-12-24,BoJ,-0.1,,,
2022-12-25,BoJ,-0.1,,,
2022-12-26,BoJ,-0.1,,,
2022-12-27,BoJ,-0.1,,,
2022-12-28,BoJ,-0.1,,,
2022-12-29,BoJ,-0.1,,,
2022-12-30,BoJ,-0.1,,,
2022-12-31,BoJ,-0.1,,,
2023-01-01,BoJ,-0.1,,,
2023-01-02,BoJ,-0.1,,,
2023-01-03,BoJ,-0.1,,,
2023-01-04,BoJ,-0.1,,,
2023-01-05,BoJ,-0.1,,,
2023-01-06,BoJ,-0.1,,,
2023-01-07,BoJ,-0.1,,,
2023-01-08,BoJ,-0.1,,,
2023-01-09,BoJ,-0.1,,,
2023-01-10,BoJ,-0.1,,,
2023-01-11,BoJ,-0.1,,,
2023-01-12,BoJ,-0.1,,,
2023-01-13,BoJ,-0.1,,,
2023-01-14,BoJ,-0.1,,,
2023-01-15,BoJ,-0.1,,,
2023-01-16,BoJ,-0.1,,,
2023-01-17,BoJ,-0.1,,,
2023-01-18,BoJ,-0.1,,,
2023-01-19,BoJ,-0.1,,,
2023-01-20,BoJ,-0.1,,,
2023-01-21,BoJ,-0.1,,,
2023-01-22,BoJ,-0.1,,,
2023-01-23,BoJ,-0.1,,,
2023-01-24,BoJ,-0.1,,,
2023-01-25,BoJ,-0.1,,,
2023-01-26,BoJ,-0.1,,,
2023-01-27,BoJ,-0.1,,,
2023-01-28,BoJ,-0.1,,,
2023-01-29,BoJ,-0.1,,,
2023-01-30,BoJ,-0.1,,,
2023-01-31,BoJ,-0.1,,,
2023-02-01,BoJ,-0.1,,,
2023-02-02,BoJ,-0.1,,,
2023-02-03,BoJ,-0.1,,,
2023-02-04,BoJ,-0.1,,,
2023-02-05,BoJ,-0.1,,,
2023-02-06,BoJ,-0.1,,,
2023-02-07,BoJ,-0.1,,,
2023-02-08,BoJ,-0.1,,,
2023-02-09,BoJ,-0.1,,,
2023-02-10,BoJ,-0.1,,,
2023-02-11,BoJ,-0.1,,,
2023-02-12,BoJ,-0.1,,,
2023-02-13,BoJ,-0.1,,,
2023-02-14,BoJ,-0.1,,,
2023-02-15,BoJ,-0.1,,,
2023-02-16,BoJ,-0.1,,,
2023-02-17,BoJ,-0.1,,,
2023-02-18,BoJ,-0.1,,,
2023-02-19,BoJ,-0.1,,,
2023-02-20,BoJ,-0.1,,,
2023-02-21,BoJ,-0.1,,,
2023-02-22,BoJ,-0.1,,,
2023-02-23,BoJ,-0.1,,,
2023-02-24,BoJ,-0.1,,,
2023-02-25,BoJ,-0.1,,,
2023-02-26,BoJ,-0.1,,,
2023-02-27,BoJ,-0.1,,,
2023-02-28,BoJ,-0.1,,,
2023-03-01,BoJ,-0.1,,,
2023-03-02,BoJ,-0.1,,,
2023-03-03,BoJ,-0.1,,,
2023-03-04,BoJ,-0.1,,,
2023-03-05,BoJ,-0.1,,,
2023-03-06,BoJ,-0.1,,,
2023-03-07,BoJ,-0.1,,,
2023-03-08,BoJ,-0.1,,,
2023-03-09,BoJ,-0.1,,,
2023-03-10,BoJ,-0.1,,,
2023-03-11,BoJ,-0.1,,,
2023-03-12,BoJ,-0.1,,,
2023-03-13,BoJ,-0.1,,,
2023-03-14,BoJ,-0.1,,,
2023-03-15,BoJ,-0.1,,,
2023-03-16,BoJ,-0.1,,,
2023-03-17,BoJ,-0.1,,,
2023-03-18,BoJ,-0.1,,,
2023-03-19,BoJ,-0.1,,,
2023-03-20,BoJ,-0.1,,,
2023-03-21,BoJ,-0.1,,,
2023-03-22,BoJ,-0.1,,,
2023-03-23,BoJ,-0.1,,,
2023-03-24,BoJ,-0.1,,,
2023-03-25,BoJ,-0.1,,,
2023-03-26,BoJ,-0.1,,,
2023-03-27,BoJ,-0.1,,,
2023-03-28,BoJ,-0.1,,,
2023-03-29,BoJ,-0.1,,,
2023-03-30,BoJ,-0.1,,,
2023-03-31,BoJ,-0.1,,,
2023-04-01,BoJ,-0.1,,,
2023-04-02,BoJ,-0.1,,,
2023-04-03,BoJ,-0.1,,,
2023-04-04,BoJ,-0.1,,,
2023-04-05,BoJ,-0.1,,,
2023-04-06,BoJ,-0.1,,,
2023-04-07,BoJ,-0.1,,,
2023-04-08,BoJ,-0.1,,,
2023-04-09,BoJ,-0.1,,,
2023-04-10,BoJ,-0.1,,,
2023-04-11,BoJ,-0.1,,,
2023-04-12,BoJ,-0.1,,,
2023-04-13,BoJ,-0.1,,,
2023-04-14,BoJ,-0.1,,,
2023-04-15,BoJ,-0.1,,,
2023-04-16,BoJ,-0.1,,,
2023-04-17,BoJ,-0.1,,,
2023-04-18,BoJ,-0.1,,,
2023-04-19,BoJ,-0.1,,,
2023-04-20,BoJ,-0.1,,,
2023-04-21,BoJ,-0.1,,,
2023-04-22,BoJ,-0.1,,,
2023-04-23,BoJ,-0.1,,,
2023-04-24,BoJ,-0.1,,,
2023-04-25,BoJ,-0.1,,,
2023-04-26,BoJ,-0.1,,,
2023-04-27,BoJ,-0.1,,,
2023-04-28,BoJ,-0.1,,,
2023-04-29,BoJ,-0.1,,,
2023-04-30,BoJ,-0.1,,,
2023-05-01,BoJ,-0.1,,,
2023-05-02,BoJ,-0.1,,,
2023-05-03,BoJ,-0.1,,,
2023-05-04,BoJ,-0.1,,,
2023-05-05,BoJ,-0.1,,,
2023-05-06,BoJ,-0.1,,,
2023-05-07,BoJ,-0.1,,,
2023-05-08,BoJ,-0.1,,,
2023-05-09,BoJ,-0.1,,,
2023-05-10,BoJ,-0.1,,,
2023-05-11,BoJ,-0.1,,,
2023-05-12,BoJ,-0.1,,,
2023-05-13,BoJ,-0.1,,,
2023-05-14,BoJ,-0.1,,,
2023-05-15,BoJ,-0.1,,,
2023-05-16,BoJ,-0.1,,,
2023-05-17,BoJ,-0.1,,,
2023-05-18,BoJ,-0.1,,,
2023-05-19,BoJ,-0.1,,,
2023-05-20,BoJ,-0.1,,,
2023-05-21,BoJ,-0.1,,,
2023-05-22,BoJ,-0.1,,,
2023-05-23,BoJ,-0.1,,,
2023-05-24,BoJ,-0.1,,,
2023-05-25,BoJ,-0.1,,,
2023-05-26,BoJ,-0.1,,,
2023-05-27,BoJ,-0.1,,,
2023-05-28,BoJ,-0.1,,,
2023-05-29,BoJ,-0.1,,,
2023-05-30,BoJ,-0.1,,,
2023-05-31,BoJ,-0.1,,,
2023-06-01,BoJ,-0.1,,,
2023-06-02,BoJ,-0.1,,,
2023-06-03,BoJ,-0.1,,,
2023-06-04,BoJ,-0.1,,,
2023-06-05,BoJ,-0.1,,,
2023-06-06,BoJ,-0.1,,,
2023-06-07,BoJ,-0.1,,,
2023-06-08,BoJ,-0.1,,,
2023-06-09,BoJ,-0.1,,,
2023-06-10,BoJ,-0.1,,,
2023-06-11,BoJ,-0.1,,,
2023-06-12,BoJ,-0.1,,,
2023-06-13,BoJ,-0.1,,,
2023-06-14,BoJ,-0.1,,,
2023-06-15,BoJ,-0.1,,,
2023-06-16,BoJ,-0.1,,,
2023-06-17,BoJ,-0.1,,,
2023-06-18,BoJ,-0.1,,,
2023-06-19,BoJ,-0.1,,,
2023-06-20,BoJ,-0.1,,,
2023-06-21,BoJ,-0.1,,,
2023-06-22,BoJ,-0.1,,,
2023-06-23,BoJ,-0.1,,,
2023-06-24,BoJ,-0.1,,,
2023-06-25,BoJ,-0.1,,,
2023-06-26,BoJ,-0.1,,,
2023-06-27,BoJ,-0.1,,,
2023-06-28,BoJ,-0.1,,,
2023-06-29,BoJ,-0.1,,,
2023-06-30,BoJ,-0.1,,,
2023-07-01,BoJ,-0.1,,,
2023-07-02,BoJ,-0.1,,,
2023-07-03,BoJ,-0.1,,,
2023-07-04,BoJ,-0.1,,,
2023-07-05,BoJ,-0.1,,,
2023-07-06,BoJ,-0.1,,,
2023-07-07,BoJ,-0.1,,,
2023-07-08,BoJ,-0.1,,,
2023-07-09,BoJ,-0.1,,,
2023-07-10,BoJ,-0.1,,,
2023-07-11,BoJ,-0.1,,,
2023-07-12,BoJ,-0.1,,,
2023-07-13,BoJ,-0.1,,,
2023-07-14,BoJ,-0.1,,,
2023-07-15,BoJ,-0.1,,,
2023-07-16,BoJ,-0.1,,,
2023-07-17,BoJ,-0.1,,,
2023-07-18,BoJ,-0.1,,,
2023-07-19,BoJ,-0.1,,,
2023-07-20,BoJ,-0.1,,,
2023-07-21,BoJ,-0.1,,,
2023-07-22,BoJ,-0.1,,,
2023-07-23,BoJ,-0.1,,,
2023-07-24,BoJ,-0.1,,,
2023-07-25,BoJ,-0.1,,,
2023-07-26,BoJ,-0.1,,,
2023-07-27,BoJ,-0.1,,,
2023-07-28,BoJ,-0.1,,,
2023-07-29,BoJ,-0.1,,,
2023-07-30,BoJ,-0.1,,,
2023-07-31,BoJ,-0.1,,,
2023-08-01,BoJ,-0.1,,,
2023-08-02,BoJ,-0.1,,,
2023-08-03,BoJ,-0.1,,,
2023-08-04,BoJ,-0.1,,,
2023-08-05,BoJ,-0.1,,,
2023-08-06,BoJ,-0.1,,,
2023-08-07,BoJ,-0.1,,,
2023-08-08,BoJ,-0.1,,,
2023-08-09,BoJ,-0.1,,,
2023-08-10,BoJ,-0.1,,,
2023-08-11,BoJ,-0.1,,,
2023-08-12,BoJ,-0.1,,,
2023-08-13,BoJ,-0.1,,,
2023-08-14,BoJ,-0.1,,,
2023-08-15,BoJ,-0.1,,,
2023-08-16,BoJ,-0.1,,,
2023-08-17,BoJ,-0.1,,,
2023-08-18,BoJ,-0.1,,,
2023-08-19,BoJ,-0.1,,,
2023-08-20,BoJ,-0.1,,,
2023-08-21,BoJ,-0.1,,,
2023-08-22,BoJ,-0.1,,,
2023-08-23,BoJ,-0.1,,,
2023-08-24,BoJ,-0.1,,,
2023-08-25,BoJ,-0.1,,,
2023-08-26,BoJ,-0.1,,,
2023-08-27,BoJ,-0.1,,,
2023-08-28,BoJ,-0.1,,,
2023-08-29,BoJ,-0.1,,,
2023-08-30,BoJ,-0.1,,,
2023-08-31,BoJ,-0.1,,,
2023-09-01,BoJ,-0.1,,,
2023-09-02,BoJ,-0.1,,,
2023-09-03,BoJ,-0.1,,,
2023-09-04,BoJ,-0.1,,,
2023-09-05,BoJ,-0.1,,,
2023-09-06,BoJ,-0.1,,,
2023-09-07,BoJ,-0.1,,,
2023-09-08,BoJ,-0.1,,,
2023-09-09,BoJ,-0.1,,,
2023-09-10,BoJ,-0.1,,,
2023-09-11,BoJ,-0.1,,,
2023-09-12,BoJ,-0.1,,,
2023-09-13,BoJ,-0.1,,,
2023-09-14,BoJ,-0.1,,,
2023-09-15,BoJ,-0.1,,,
2023-09-16,BoJ,-0.1,,,
2023-09-17,BoJ,-0.1,,,
2023-09-18,BoJ,-0.1,,,
2023-09-19,BoJ,-0.1,,,
2023-09-20,BoJ,-0.1,,,
2023-09-21,BoJ,-0.1,,,
2023-09-22,BoJ,-0.1,,,
2023-09-23,BoJ,-0.1,,,
2023-09-24,BoJ,-0.1,,,
2023-09-25,BoJ,-0.1,,,
2023-09-26,BoJ,-0.1,,,
2023-09-27,BoJ,-0.1,,,
2023-09-28,BoJ,-0.1,,,
2023-09-29,BoJ,-0.1,,,
2023-09-30,BoJ,-0.1,,,
2023-10-01,BoJ,-0.1,,,
2023-10-02,BoJ,-0.1,,,
2023-10-03,BoJ,-0.1,,,
2023-10-04,BoJ,-0.1,,,
2023-10-05,BoJ,-0.1,,,
2023-10-06,BoJ,-0.1,,,
2023-10-07,BoJ,-0.1,,,
2023-10-08,BoJ,-0.1,,,
2023-10-09,BoJ,-0.1,,,
2023-10-10,BoJ,-0.1,,,
2023-10-11,BoJ,-0.1,,,
2023-10-12,BoJ,-0.1,,,
2023-10-13,BoJ,-0.1,,,
2023-10-14,BoJ,-0.1,,,
2023-10-15,BoJ,-0.1,,,
2023-10-16,BoJ,-0.1,,,
2023-10-17,BoJ,-0.1,,,
2023-10-18,BoJ,-0.1,,,
2023-10-19,BoJ,-0.1,,,
2023-10-20,BoJ,-0.1,,,
2023-10-21,BoJ,-0.1,,,
2023-10-22,BoJ,-0.1,,,
2023-10-23,BoJ,-0.1,,,
2023-10-24,BoJ,-0.1,,,
2023-10-25,BoJ,-0.1,,,
2023-10-26,BoJ,-0.1,,,
2023-10-27,BoJ,-0.1,,,
2023-10-28,BoJ,-0.1,,,
2023-10-29,BoJ,-0.1,,,
2023-10-30,BoJ,-0.1,,,
2023-10-31,BoJ,-0.1,,,
2023-11-01,BoJ,-0.1,,,
2023-11-02,BoJ,-0.1,,,
2023-11-03,BoJ,-0.1,,,
2023-11-04,BoJ,-0.1,,,
2023-11-05,BoJ,-0.1,,,
2023-11-06,BoJ,-0.1,,,
2023-11-07,BoJ,-0.1,,,
2023-11-08,BoJ,-0.1,,,
2023-11-09,BoJ,-0.1,,,
2023-11-10,BoJ,-0.1,,,
2023-11-11,BoJ,-0.1,,,
2023-11-12,BoJ,-0.1,,,
2023-11-13,BoJ,-0.1,,,
2023-11-14,BoJ,-0.1,,,
2023-11-15,BoJ,-0.1,,,
2023-11-16,BoJ,-0.1,,,
2023-11-17,BoJ,-0.1,,,
2023-11-18,BoJ,-0.1,,,
2023-11-19,BoJ,-0.1,,,
2023-11-20,BoJ,-0.1,,,
2023-11-21,BoJ,-0.1,,,
2023-11-22,BoJ,-0.1,,,
2023-11-23,BoJ,-0.1,,,
2023-11-24,BoJ,-0.1,,,
2023-11-25,BoJ,-0.1,,,
2023-11-26,BoJ,-0.1,,,
2023-11-27,BoJ,-0.1,,,
2023-11-28,BoJ,-0.1,,,
2023-11-29,BoJ,-0.1,,,
2023-11-30,BoJ,-0.1,,,
2023-12-01,BoJ,-0.1,,,
2023-12-02,BoJ,-0.1,,,
2023-12-03,BoJ,-0.1,,,
2023-12-04,BoJ,-0.1,,,
2023-12-05,BoJ,-0.1,,,
2023-12-06,BoJ,-0.1,,,
2023-12-07,BoJ,-0.1,,,
2023-12-08,BoJ,-0.1,,,
2023-12-09,BoJ,-0.1,,,
2023-12-10,BoJ,-0.1,,,
2023-12-11,BoJ,-0.1,,,
2023-12-12,BoJ,-0.1,,,
2023-12-13,BoJ,-0.1,,,
2023-12-14,BoJ,-0.1,,,
2023-12-15,BoJ,-0.1,,,
2023-12-16,BoJ,-0.1,,,
2023-12-17,BoJ,-0.1,,,
2023-12-18,BoJ,-0.1,,,
2023-12-19,BoJ,-0.1,,,
2023-12-20,BoJ,-0.1,,,
2023-12-21,BoJ,-0.1,,,
2023-12-22,BoJ,-0.1,,,
2023-12-23,BoJ,-0.1,,,
2023-12-24,BoJ,-0.1,,,
2023-12-25,BoJ,-0.1,,,
2023-12-26,BoJ,-0.1,,,
2023-12-27,BoJ,-0.1,,,
2023-12-28,BoJ,-0.1,,,
2023-12-29,BoJ,-0.1,,,
2023-12-30,BoJ,-0.1,,,
2023-12-31,BoJ,-0.1,,,
2024-01-01,BoJ,-0.1,,,
2024-01-02,BoJ,-0.1,,,
2024-01-03,BoJ,-0.1,,,
2024-01-04,BoJ,-0.1,,,
2024-01-05,BoJ,-0.1,,,
2024-01-06,BoJ,-0.1,,,
2024-01-07,BoJ,-0.1,,,
2024-01-08,BoJ,-0.1,,,
2024-01-09,BoJ,-0.1,,,
2024-01-10,BoJ,-0.1,,,
2024-01-11,BoJ,-0.1,,,
2024-01-12,BoJ,-0.1,,,
2024-01-13,BoJ,-0.1,,,
2024-01-14,BoJ,-0.1,,,
2024-01-15,BoJ,-0.1,,,
2024-01-16,BoJ,-0.1,,,
2024-01-17,BoJ,-0.1,,,
2024-01-18,BoJ,-0.1,,,
2024-01-19,BoJ,-0.1,,,
2024-01-20,BoJ,-0.1,,,
2024-01-21,BoJ,-0.1,,,
2024-01-22,BoJ,-0.1,,,
2024-01-23,BoJ,-0.1,,,
2024-01-24,BoJ,-0.1,,,
2024-01-25,BoJ,-0.1,,,
2024-01-26,BoJ,-0.1,,,
2024-01-27,BoJ,-0.1,,,
2024-01-28,BoJ,-0.1,,,
2024-01-29,BoJ,-0.1,,,
2024-01-30,BoJ,-0.1,,,
2024-01-31,BoJ,-0.1,,,
2024-02-01,BoJ,-0.1,,,
2024-02-02,BoJ,-0.1,,,
2024-02-03,BoJ,-0.1,,,
2024-02-04,BoJ,-0.1,,,
2024-02-05,BoJ,-0.1,,,
2024-02-06,BoJ,-0.1,,,
2024-02-07,BoJ,-0.1,,,
2024-02-08,BoJ,-0.1,,,
2024-02-09,BoJ,-0.1,,,
2024-02-10,BoJ,-0.1,,,
2024-02-11,BoJ,-0.1,,,
2024-02-12,BoJ,-0.1,,,
2024-02-13,BoJ,-0.1,,,
2024-02-14,BoJ,-0.1,,,
2024-02-15,BoJ,-0.1,,,
2024-02-16,BoJ,-0.1,,,
2024-02-17,BoJ,-0.1,,,
2024-02-18,BoJ,-0.1,,,
2024-02-19,BoJ,-0.1,,,
2024-02-20,BoJ,-0.1,,,
2024-02-21,BoJ,-0.1,,,
2024-02-22,BoJ,-0.1,,,
2024-02-23,BoJ,-0.1,,,
2024-02-24,BoJ,-0.1,,,
2024-02-25,BoJ,-0.1,,,
2024-02-26,BoJ,-0.1,,,
2024-02-27,BoJ,-0.1,,,
2024-02-28,BoJ,-0.1,,,
2024-02-29,BoJ,-0.1,,,
2024-03-01,BoJ,-0.1,,,
2024-03-02,BoJ,-0.1,,,
2024-03-03,BoJ,-0.1,,,
2024-03-04,BoJ,-0.1,,,
2024-03-05,BoJ,-0.1,,,
2024-03-06,BoJ,-0.1,,,
2024-03-07,BoJ,-0.1,,,
2024-03-08,BoJ,-0.1,,,
2024-03-09,BoJ,-0.1,,,
2024-03-10,BoJ,-0.1,,,
2024-03-11,BoJ,-0.1,,,
2024-03-12,BoJ,-0.1,,,
2024-03-13,BoJ,-0.1,,,
2024-03-14,BoJ,-0.1,,,
2024-03-15,BoJ,-0.1,,,
2024-03-16,BoJ,-0.1,,,
2024-03-17,BoJ,-0.1,,,
2024-03-18,BoJ,-0.1,,,
2024-03-19,BoJ,-0.1,,,
2024-03-20,BoJ,-0.1,,,
2024-03-21,BoJ,0.05,,,
2024-03-22,BoJ,0.05,,,
2024-03-23,BoJ,0.05,,,
2024-03-24,BoJ,0.05,,,
2024-03-25,BoJ,0.05,,,
2024-03-26,BoJ,0.05,,,
2024-03-27,BoJ,0.05,,,
2024-03-28,BoJ,0.05,,,
2024-03-29,BoJ,0.05,,,
2024-03-30,BoJ,0.05,,,
2024-03-31,BoJ,0.05,,,
2024-04-01,BoJ,0.05,,,
2024-04-02,BoJ,0.05,,,
2024-04-03,BoJ,0.05,,,
2024-04-04,BoJ,0.05,,,
2024-04-05,BoJ,0.05,,,
2024-04-06,BoJ,0.05,,,
2024-04-07,BoJ,0.05,,,
2024-04-08,BoJ,0.05,,,
2024-04-09,BoJ,0.05,,,
2024-04-10,BoJ,0.05,,,
2024-04-11,BoJ,0.05,,,
2024-04-12,BoJ,0.05,,,
2024-04-13,BoJ,0.05,,,
2024-04-14,BoJ,0.05,,,
2024-04-15,BoJ,0.05,,,
2024-04-16,BoJ,0.05,,,
2024-04-17,BoJ,0.05,,,
2024-04-18,BoJ,0.05,,,
2024-04-19,BoJ,0.05,,,
2024-04-20,BoJ,0.05,,,
2024-04-21,BoJ,0.05,,,
2024-04-22,BoJ,0.05,,,
2024-04-23,BoJ,0.05,,,
2024-04-24,BoJ,0.05,,,
2024-04-25,BoJ,0.05,,,
2024-04-26,BoJ,0.05,,,
2024-04-27,BoJ,0.05,,,
2024-04-28,BoJ,0.05,,,
2024-04-29,BoJ,0.05,,,
2024-04-30,BoJ,0.05,,,
2024-05-01,BoJ,0.05,,,
2024-05-02,BoJ,0.05,,,
2024-05-03,BoJ,0.05,,,
2024-05-04,BoJ,0.05,,,
2024-05-05,BoJ,0.05,,,
2024-05-06,BoJ,0.05,,,
2024-05-07,BoJ,0.05,,,
2024-05-08,BoJ,0.05,,,
2024-05-09,BoJ,0.05,,,
2024-05-10,BoJ,0.05,,,
2024-05-11,BoJ,0.05,,,
2024-05-12,BoJ,0.05,,,
2024-05-13,BoJ,0.05,,,
2024-05-14,BoJ,0.05,,,
2024-05-15,BoJ,0.05,,,
2024-05-16,BoJ,0.05,,,
2024-05-17,BoJ,0.05,,,
2024-05-18,BoJ,0.05,,,
2024-05-19,BoJ,0.05,,,
2024-05-20,BoJ,0.05,,,
2024-05-21,BoJ,0.05,,,
2024-05-22,BoJ,0.05,,,
2024-05-23,BoJ,0.05,,,
2024-05-24,BoJ,0.05,,,
2024-05-25,BoJ,0.05,,,
2024-05-26,BoJ,0.05,,,
2024-05-27,BoJ,0.05,,,
2024-05-28,BoJ,0.05,,,
2024-05-29,BoJ,0.05,,,
2024-05-30,BoJ,0.05,,,
2024-05-31,BoJ,0.05,,,
2024-06-01,BoJ,0.05,,,
2024-06-02,BoJ,0.05,,,
2024-06-03,BoJ,0.05,,,
2024-06-04,BoJ,0.05,,,
2024-06-05,BoJ,0.05,,,
2024-06-06,BoJ,0.05,,,
2024-06-07,BoJ,0.05,,,
2024-06-08,BoJ,0.05,,,
2024-06-09,BoJ,0.05,,,
2024-06-10,BoJ,0.05,,,
2024-06-11,BoJ,0.05,,,
2024-06-12,BoJ,0.05,,,
2024-06-13,BoJ,0.05,,,
2024-06-14,BoJ,0.05,,,
2024-06-15,BoJ,0.05,,,
2024-06-16,BoJ,0.05,,,
2024-06-17,BoJ,0.05,,,
2024-06-18,BoJ,0.05,,,
2024-06-19,BoJ,0.05,,,
2024-06-20,BoJ,0.05,,,
2024-06-21,BoJ,0.05,,,
2024-06-22,BoJ,0.05,,,
2024-06-23,BoJ,0.05,,,
2024-06-24,BoJ,0.05,,,
2024-06-25,BoJ,0.05,,,
2024-06-26,BoJ,0.05,,,
2024-06-27,BoJ,0.05,,,
2024-06-28,BoJ,0.05,,,
2024-06-29,BoJ,0.05,,,
2024-06-30,BoJ,0.05,,,
2024-07-01,BoJ,0.05,,,
2024-07-02,BoJ,0.05,,,
2024-07-03,BoJ,0.05,,,
2024-07-04,BoJ,0.05,,,
2024-07-05,BoJ,0.05,,,
2024-07-06,BoJ,0.05,,,
2024-07-07,BoJ,0.05,,,
2024-07-08,BoJ,0.05,,,
2024-07-09,BoJ,0.05,,,
2024-07-10,BoJ,0.05,,,
2024-07-11,BoJ,0.05,,,
2024-07-12,BoJ,0.05,,,
2024-07-13,BoJ,0.05,,,
2024-07-14,BoJ,0.05,,,
2024-07-15,BoJ,0.05,,,
2024-07-16,BoJ,0.05,,,
2024-07-17,BoJ,0.05,,,
2024-07-18,BoJ,0.05,,,
2024-07-19,BoJ,0.05,,,
2024-07-20,BoJ,0.05,,,
2024-07-21,BoJ,0.05,,,
2024-07-22,BoJ,0.05,,,
2024-07-23,BoJ,0.05,,,
2024-07-24,BoJ,0.05,,,
2024-07-25,BoJ,0.05,,,
2024-07-26,BoJ,0.05,,,
2024-07-27,BoJ,0.05,,,
2024-07-28,BoJ,0.05,,,
2024-07-29,BoJ,0.05,,,
2024-07-30,BoJ,0.05,,,
2024-07-31,BoJ,0.05,,,
2024-08-01,BoJ,0.25,,,
2024-08-02,BoJ,0.25,,,
2024-08-03,BoJ,0.25,,,
2024-08-04,BoJ,0.25,,,
2024-08-05,BoJ,0.25,,,
2024-08-06,BoJ,0.25,,,
2024-08-07,BoJ,0.25,,,
2024-08-08,BoJ,0.25,,,
2024-08-09,BoJ,0.25,,,
2024-08-10,BoJ,0.25,,,
2024-08-11,BoJ,0.25,,,
2024-08-12,BoJ,0.25,,,
2024-08-13,BoJ,0.25,,,
2024-08-14,BoJ,0.25,,,
2024-08-15,BoJ,0.25,,,
2024-08-16,BoJ,0.25,,,
2024-08-17,BoJ,0.25,,,
2024-08-18,BoJ,0.25,,,
2024-08-19,BoJ,0.25,,,
2024-08-20,BoJ,0.25,,,
2024-08-21,BoJ,0.25,,,
2024-08-22,BoJ,0.25,,,
2024-08-23,BoJ,0.25,,,
2024-08-24,BoJ,0.25,,,
2024-08-25,BoJ,0.25,,,
2024-08-26,BoJ,0.25,,,
2024-08-27,BoJ,0.25,,,
2024-08-28,BoJ,0.25,,,
2024-08-29,BoJ,0.25,,,
2024-08-30,BoJ,0.25,,,
2024-08-31,BoJ,0.25,,,
2024-09-01,BoJ,0.25,,,
2024-09-02,BoJ,0.25,,,
2024-09-03,BoJ,0.25,,,
2024-09-04,BoJ,0.25,,,
2024-09-05,BoJ,0.25,,,
2024-09-06,BoJ,0.25,,,
2024-09-07,BoJ,0.25,,,
2024-09-08,BoJ,0.25,,,
2024-09-09,BoJ,0.25,,,
2024-09-10,BoJ,0.25,,,
2024-09-11,BoJ,0.25,,,
2024-09-12,BoJ,0.25,,,
2024-09-13,BoJ,0.25,,,
2024-09-14,BoJ,0.25,,,
2024-09-15,BoJ,0.25,,,
2024-09-16,BoJ,0.25,,,
2024-09-17,BoJ,0.25,,,
2024-09-18,BoJ,0.25,,,
2024-09-19,BoJ,0.25,,,
2024-09-20,BoJ,0.25,,,
2024-09-21,BoJ,0.25,,,
2024-09-22,BoJ,0.25,,,
2024-09-23,BoJ,0.25,,,
2024-09-24,BoJ,0.25,,,
2024-09-25,BoJ,0.25,,,
2024-09-26,BoJ,0.25,,,
2024-09-27,BoJ,0.25,,,
2024-09-28,BoJ,0.25,,,
2024-09-29,BoJ,0.25,,,
2024-09-30,BoJ,0.25,,,
2024-10-01,BoJ,0.25,,,
2024-10-02,BoJ,0.25,,,
2024-10-03,BoJ,0.25,,,
2024-10-04,BoJ,0.25,,,
2024-10-05,BoJ,0.25,,,
2024-10-06,BoJ,0.25,,,
2024-10-07,BoJ,0.25,,,
2024-10-08,BoJ,0.25,,,
2024-10-09,BoJ,0.25,,,
2024-10-10,BoJ,0.25,,,
2024-10-11,BoJ,0.25,,,
2024-10-12,BoJ,0.25,,,
2024-10-13,BoJ,0.25,,,
2024-10-14,BoJ,0.25,,,
2024-10-15,BoJ,0.25,,,
2024-10-16,BoJ,0.25,,,
2024-10-17,BoJ,0.25,,,
2024-10-18,BoJ,0.25,,,
2024-10-19,BoJ,0.25,,,
2024-10-20,BoJ,0.25,,,
2024-10-21,BoJ,0.25,,,
2024-10-22,BoJ,0.25,,,
2024-10-23,BoJ,0.25,,,
2024-10-24,BoJ,0.25,,,
2024-10-25,BoJ,0.25,,,
2024-10-26,BoJ,0.25,,,
2024-10-27,BoJ,0.25,,,
2024-10-28,BoJ,0.25,,,
2024-10-29,BoJ,0.25,,,
2024-11-01,BoJ,0.25,,,
2024-12-31,BoJ,,0.367500305175795,0.332499999999996,0.207499999999996
2025-03-31,BoJ,,0.457496643066406,0.387500000000003,0.269999999999996
2025-06-30,BoJ,,0.514999389648395,0.420000000000002,0.329999999999998
2025-09-30,BoJ,,0.569999694824205,0.469999999999999,0.372500000000002
2025-12-31,BoJ,,0.605003356933594,0.527500000000003,0.409999999999997
2026-03-31,BoJ,,0.637496948242202,0.557500000000005,0.442499999999995
2026-06-30,BoJ,,0.629997253417997,0.569999999999993,0.477500000000006
2026-09-30,BoJ,,0.650001525878906,0.584999999999994,0.512500000000003
2026-12-31,BoJ,,0.669998168945298,0.597499999999997,0.549999999999997
