date,Period,geo,Headline,Core,Goods,Services
2024-03-01,One year,US,2.7097799715552617,2.8204499530770457,0.14643075045758924,4.0008540410925155
2024-02-01,One year,US,2.502806024156936,2.8401041710848887,-0.2278379741551737,3.885086440496486
2024-01-01,One year,US,2.479602725798462,2.935442402159021,-0.5409784653982813,4.013394518169427
2023-12-01,One year,US,2.619393652617698,2.9409248040524454,0.16290639013452288,3.87001280580087
2023-11-01,One year,US,2.702702702702709,3.182524888976694,-0.1028340363230812,4.141126098627707
2023-10-01,One year,US,2.9420749817552307,3.383669144693202,0.24263401398406473,4.3333641319412415
2023-09-01,One year,US,3.369589307329051,3.5924831008073506,0.915845257947068,4.635225009283958
2023-08-01,One year,US,3.3475917529301022,3.726184893798083,0.7016563978147435,4.719463542992957
2023-07-01,One year,US,3.3147084824608917,4.189149073637512,-0.19265471219477256,5.147617381210464
2023-06-01,One year,US,3.1984205330700877,4.280077342362438,-0.38615399300584646,5.086732903733753
2023-05-01,One year,US,3.9620255357483134,4.687829942985842,1.1712695505143005,5.41808726796846
2023-04-01,One year,US,4.446419081967783,4.762998022040117,2.1724456444507583,5.62606996489651
2023-03-01,One year,US,4.4422697167223,4.782955350815025,1.9631890935914216,5.735050230530788
2023-02-01,One year,US,5.189610206527103,4.8445337792166105,3.58513340659737,6.016258742785293
2023-01-01,One year,US,5.479087823166032,4.90118153483429,4.438015175500846,6.004697880694866
2022-12-01,One year,US,5.441910192444765,4.865136478653336,4.775538670484168,5.768740270362974
2022-11-01,One year,US,5.928570147272499,5.090360901984145,6.200947726936179,5.7752184835297
2022-10-01,One year,US,6.347917117897617,5.325857172668467,7.2999580086782,5.848410757946213
2022-09-01,One year,US,6.556096497602083,5.472083439699509,8.130127351855517,5.741135732835934
2022-08-01,One year,US,6.515400036449797,5.20747684043195,8.59585276166647,5.446408592526299
2022-07-01,One year,US,6.616947291361634,4.96151026392962,9.52271837615405,5.135591091010247
2022-06-01,One year,US,7.116914164865992,5.192582025677599,10.546309175500024,5.370749434159616
2022-05-01,One year,US,6.689955363331397,5.074560633095125,9.744947762131666,5.133195144690743
2022-04-01,One year,US,6.619791569913243,5.254939866535318,9.645816899899696,5.079633314254052
2022-03-01,One year,US,6.8929445388825545,5.549581560615272,10.520577546409978,5.048616305160804
2022-02-01,One year,US,6.547004374683153,5.574700231927072,9.591502300144125,5.000504267940472
2022-01-01,One year,US,6.29704649300485,5.3694938221649275,8.83436311787072,5.009617951054291
2021-12-01,One year,US,6.18029080382567,5.238009801792272,8.506507084607028,5.000738797975686
2021-11-01,One year,US,5.985912145783622,4.951114142792177,8.23091023830273,4.850587078703794
2021-10-01,One year,US,5.406947985236494,4.500805916374325,7.415277596800555,4.391932654557604
2021-09-01,One year,US,4.805422283146753,4.074390359616659,6.122264967540278,4.140488493996058
2021-08-01,One year,US,4.644842613164991,4.018854118161343,5.607878854603514,4.161810909836753
2021-07-01,One year,US,4.533149673333912,4.009989229170845,5.420013285826443,4.0892957220250326
2021-06-01,One year,US,4.372402806168963,3.9492188621121818,5.34479970896156,3.8867238730468023
2021-05-01,One year,US,4.155356627201842,3.6439768502548744,5.068137045837649,3.705059607622269
2021-04-01,One year,US,3.724613665266484,3.2205454876867137,4.071146245059285,3.563229205871276
2021-03-01,One year,US,2.713022122450549,2.255560017593172,2.3092692338612446,2.9320915210635565
2021-02-01,One year,US,1.8852043500301323,1.7532293816402904,0.842193286345721,2.405475696433096
2021-01-01,One year,US,1.6150031591644465,1.7152428810720284,0.42060674760612293,2.2020506067162016
2020-12-01,One year,US,1.3664870255652914,1.5535246789861856,-0.11735805145851692,2.0969262681501073
2020-11-01,One year,US,1.153879438829969,1.4279399611784869,-0.5538565750545363,1.9959891024670795
2020-10-01,One year,US,1.11868873904637,1.3666769183453762,-0.7046528987310261,2.014865312692326
2020-09-01,One year,US,1.2471808315823938,1.444811288971888,-0.47659879952937806,2.089302996375503
2020-08-01,One year,US,1.1653370119910076,1.3659438787796978,-0.40371618253952546,1.9164988027821024
2020-07-01,One year,US,0.9005096131572781,1.163867085800237,-1.047746150628455,1.8445410526916668
2020-06-01,One year,US,0.7055253264262764,0.9084239182901188,-1.4824033052914434,1.766528433195108
2020-05-01,One year,US,0.44862993831338216,0.9508517038914348,-2.2482951669098603,1.7595139844108196
2020-04-01,One year,US,0.4111404552534187,0.9324709026473206,-2.1092106829636146,1.6255498183209056
2020-03-01,One year,US,1.1469492314857963,1.491523450009211,-0.9268938601993144,2.135514556403657
2020-02-01,One year,US,1.642005794170838,1.6559989898891774,0.2484955540253238,2.3004072537267657
2020-01-01,One year,US,1.697918492123761,1.55232411205505,0.49865094433897217,2.2634358436661395
2019-12-01,One year,US,1.539420258809557,1.5028957998734578,0.368344347062229,2.0916957848431483
2019-11-01,One year,US,1.331969209782719,1.4723663169390433,-0.2830975842339445,2.0888661406677
2019-10-01,One year,US,1.331448901018568,1.643123693413831,-0.6005025622761712,2.2380763385380846
2019-09-01,One year,US,1.3044582007069054,1.647668900738709,-0.6232474262556651,2.207180123741743
2019-08-01,One year,US,1.4216108328115244,1.7595279171894622,-0.4248307625116603,2.2848979036474777
2019-07-01,One year,US,1.4402224463221005,1.6665686332176566,-0.4392705926682445,2.3175004866653692
2019-06-01,One year,US,1.411363435885873,1.6825035338463945,-0.4903903308896419,2.2976623528608573
2019-05-01,One year,US,1.456724968364053,1.5730005895067785,-0.33044114882713493,2.2893155503444267
2019-04-01,One year,US,1.5771475738458711,1.6456368969114752,-0.22173826964956397,2.4149479992948995
2019-03-01,One year,US,1.5090027973681066,1.607193918299342,-0.17888554306670126,2.2943744175781187
2019-02-01,One year,US,1.4258105229943974,1.7401529674499594,-0.6484428448198899,2.3958456272866684
2019-01-01,One year,US,1.4970503661103376,1.8523468670488137,-0.6887380413639818,2.521696252465471
2024-03-01,Six months,US,1.2385892287267015,1.4794479397873836,-0.5969477800463697,2.153642640511068
2024-02-01,Six months,US,1.3004643924405834,1.4918500782760813,-0.5702400554640794,2.237172732430891
2024-01-01,Six months,US,1.3200634693826678,1.3215231455100165,-0.28036893407399466,2.1162088447301883
2023-12-01,Six months,US,1.020620357508247,0.936328016847204,-0.37632628883042857,1.7223547806542578
2023-11-01,Six months,US,1.0631561406432348,0.9564311167888164,-0.2193555126129503,1.708578009000252
2023-10-01,Six months,US,1.1810531056859006,1.1572630265841817,0.1990646568959815,1.6756026685220784
2023-09-01,Six months,US,1.4531916673638374,1.3214518215405968,0.7478427612655711,1.8082677747302365
2023-08-01,Six months,US,1.1869063374265003,1.3284358219590633,0.34436579299789627,1.6118537553639296
2023-07-01,Six months,US,1.1444320272916024,1.592869122517257,-0.2613422538155944,1.857869279424532
2023-06-01,Six months,US,1.5826207455977328,1.9860013006126551,0.5412696188340763,2.1112940511234193
2023-05-01,Six months,US,1.6222989907200405,2.2050044237525386,0.1167776344685749,2.391684297672706
2023-04-01,Six months,US,1.7404660477588652,2.2009355052675943,0.04348279820502762,2.6139618489244363
2023-03-01,Six months,US,1.8889476106858587,2.2414120982659864,0.16675542828207204,2.776746227338718
2023-02-01,Six months,US,2.1353409188125547,2.366314107573937,0.35606444068210885,3.058314234784818
2023-01-01,Six months,US,2.1457201465956004,2.5555730176192157,0.06886752155379751,3.229743686038862
2022-12-01,Six months,US,1.5906262071333486,2.249402871466441,-0.92243077430384,2.913917486072246
2022-11-01,Six months,US,2.302375136427422,2.4292602238333174,1.0532619416654907,2.955711678203677
2022-10-01,Six months,US,2.6596625112162293,2.506887538852782,2.128037515986927,2.9353784433415724
2022-09-01,Six months,US,2.5059853555388525,2.4858256555634406,1.793443001750785,2.8783787303875155
2022-08-01,Six months,US,2.9904137590752145,2.4209327973246952,3.217612193056734,2.8701658182199266
2022-07-01,Six months,US,3.2633454165152598,2.287158511426868,4.366140800989858,2.688134345364355
2022-06-01,Six months,US,3.7909836065573863,2.5581896164958806,5.751018610285221,2.7739909761739296
2022-05-01,Six months,US,3.5445853588533893,2.5979887703334597,5.094032281948769,2.7385627852669474
2022-04-01,Six months,US,3.59270088802252,2.750029487284181,5.064153408295612,2.829962213825301
2022-03-01,Six months,US,3.951097224240657,2.913825170489769,6.2250417740519355,2.7826614666535727
2022-02-01,Six months,US,3.422635319846911,2.7206782510186636,5.210584176807299,2.5043633922577775
2022-01-01,Six months,US,3.2476207906295684,2.6145527859237485,4.940852977400965,2.3833880722913112
2021-12-01,Six months,US,3.204450370097926,2.5686806865767764,4.53451004844356,2.5266688909528594
2021-11-01,Six months,US,3.0376962673394567,2.4138600497379095,4.425480095487545,2.3308018863654905
2021-10-01,Six months,US,2.9221080789879443,2.4378682826179943,4.360824641872885,2.1877583653592825
2021-09-01,Six months,US,2.830030074907068,2.561129552573757,4.0438070916412965,2.204608059543574
2021-08-01,Six months,US,3.0209721935374754,2.7784298444116877,4.163951904282418,2.43515572710852
2021-07-01,Six months,US,2.9535069951481514,2.6847469110824704,3.710194866920152,2.565093740508607
2021-06-01,Six months,US,2.883441966946372,2.602479721243826,3.7996992900457065,2.413098888109046
2021-05-01,Six months,US,2.8612983259978813,2.477451872063054,3.6441586280814486,2.4623917196861504
2021-04-01,Six months,US,2.4142916936189747,2.0138427989001566,2.926819489410328,2.1569846764987037
2021-03-01,Six months,US,1.9210265783260991,1.4754720561723054,1.9976757233309288,1.8941224580839404
2021-02-01,Six months,US,1.5762522766499212,1.2068916363359872,1.386205999219326,1.6856080029087992
2021-01-01,Six months,US,1.5343262452052298,1.290593158140554,1.6486502808140642,1.4860825705211973
2020-12-01,Six months,US,1.4472307795660186,1.31257952490744,1.4885403613727302,1.4389028365871035
2020-11-01,Six months,US,1.2580614111079047,1.1383235598482258,1.373910924267358,1.2128039050032868
2020-10-01,Six months,US,1.2794327334386573,1.18288131853373,1.111786763960671,1.3765525028227266
2020-09-01,Six months,US,0.7770678639267851,0.7687453387642725,0.3054907950799924,1.0186741275549078
2020-08-01,Six months,US,0.3041577794569137,0.5398226706412881,-0.5365746824353935,0.7079346897386939
2020-07-01,Six months,US,0.07945777250186525,0.4192390524048839,-1.2081257644005643,0.7054839619979306
2020-06-01,Six months,US,-0.07959187587502964,0.23782353110406185,-1.5823445751737937,0.6486894210824083
2020-05-01,Six months,US,-0.10288758329567134,0.2863567351488496,-1.9016406506818673,0.7738005146057192
2020-04-01,Six months,US,-0.15871336366521296,0.18164693218513855,-1.7964667827817793,0.6296454102163578
2020-03-01,Six months,US,0.4664880390153581,0.6709083733600312,-0.779707659481122,1.0598326280433328
2020-02-01,Six months,US,0.8585678316821181,0.8216855631869401,0.13357523076616393,1.200068412451071
2020-01-01,Six months,US,0.8203999691143486,0.7415192949298894,0.1623408959623894,1.1310775201910248
2019-12-01,Six months,US,0.7857425895678923,0.6690093255845363,0.10154811090647008,1.110634443967783
2019-11-01,Six months,US,0.552085549088235,0.6625975759568995,-0.3533744279999549,0.9781445819960272
2019-10-01,Six months,US,0.570759690822381,0.7494625946511231,-0.31846501845312525,0.9896729776247816
2019-09-01,Six months,US,0.6773016612327352,0.8151461925879816,-0.14834284121342545,1.0644010586475388
2019-08-01,Six months,US,0.7767688748031407,0.8275138647422797,0.11476702294341976,1.0872906101121915
2019-07-01,Six months,US,0.8703779426368417,0.8048367969828369,0.33576496452484533,1.1196937195186485
2019-06-01,Six months,US,0.7478018714520801,0.8283447705261101,0.26652558445965774,0.9702850212249804
2019-05-01,Six months,US,0.7756016759232257,0.8044385506455037,0.07052606484424463,1.0999623366715232
2019-04-01,Six months,US,0.7563721428919501,0.8870132661235187,-0.2829386043014455,1.2361693271250604
2019-03-01,Six months,US,0.6229373742896669,0.8257913017954193,-0.4756101186052773,1.1307434201594395
2019-02-01,Six months,US,0.6398716343143358,0.9243648055207004,-0.5389792150556768,1.1847258802833955
2019-01-01,Six months,US,0.5649274993391211,0.8548516753916435,-0.7724419676942861,1.184543507883978
2024-03-01,Three months,US,1.087708319610049,1.0888990482523486,0.46868715132649075,1.3881772768028648
2024-02-01,Three months,US,0.8887349953831855,0.92322805148099,0.08898194190002955,1.282391012823905
2024-01-01,Three months,US,0.5382947679067553,0.7449068866391746,-0.950835885379154,1.2776543329146968
2023-12-01,Three months,US,0.149257423701417,0.3863420169890423,-1.060663736720074,0.7549848357746717
2023-11-01,Three months,US,0.4081024477869003,0.5634203718741906,-0.6586359303232561,0.9426927129772203
2023-10-01,Three months,US,0.7775830128018681,0.5723527637180362,0.6769031897425073,0.8279758425871894
2023-09-01,Three months,US,0.8700642982507152,0.5478693503595179,0.6916737808596242,0.9601211755987542
2023-08-01,Three months,US,0.6523912681219808,0.39080884824850687,0.4421928587594188,0.7587327774193301
2023-07-01,Three months,US,0.40035698497827554,0.5815815647072687,-0.4746257758305883,0.8406663119551319
2023-06-01,Three months,US,0.5780975487325378,0.7693673433153786,0.05578314303145904,0.8400808054264426
2023-05-01,Three months,US,0.5310505419395912,0.9339769093083812,-0.09739638589839014,0.8466968117088004
2023-04-01,Three months,US,0.7411079648099798,1.0054401035237204,0.2143006481287852,1.0087229732523155
2023-03-01,Three months,US,0.9987494507723006,1.2073450388472478,0.48521580717488966,1.2606229938964604
2023-02-01,Three months,US,1.0854839802208194,1.259266258364323,0.2143828214870805,1.5320159557120223
2023-01-01,Three months,US,0.9920062456509536,1.1835950623239424,-0.1704525689637162,1.5892081677908123
2022-12-01,Three months,US,0.8813952298958403,1.021731238006317,-0.3169226202428863,1.4972485736470755
2022-11-01,Three months,US,1.0385832834288635,1.0932805363066398,0.1413785279179011,1.5032679738562098
2022-10-01,Three months,US,1.1423814060475002,1.35592924371802,0.2397287142695298,1.614871843019431
2022-09-01,Three months,US,0.7030344649984879,1.2152549935693937,-0.6074332474249193,1.395770754708908
2022-08-01,Three months,US,1.2508012404067723,1.3215316393327192,0.9105960264900588,1.4309329476185608
2022-07-01,Three months,US,1.5001437419961792,1.1355608929076022,1.8837928094358347,1.299521001573605
2022-06-01,Three months,US,1.7903640144697122,1.255315379163715,2.4155490975018026,1.4621990292526614
2022-05-01,Three months,US,1.7181222245717935,1.0850617240029872,2.286198137171898,1.4189289487701162
2022-04-01,Three months,US,1.7371420468142127,1.1386673573093564,2.436450315701364,1.3707995161884126
2022-03-01,Three months,US,1.965431218816824,1.286721820433212,3.256799911903981,1.292887360486899
2022-02-01,Three months,US,1.7956123199454637,1.4966870678293531,2.74507626240189,1.3011711424830956
2022-01-01,Three months,US,1.8238755324525184,1.5932206465427294,2.565203191340452,1.4394309846632585
2021-12-01,Three months,US,1.9473913675337808,1.6064330257831594,2.8746212013934005,1.4707588508803993
2021-11-01,Three months,US,1.598323309640974,1.205942005152668,2.399636074149889,1.1877377489371337
2021-10-01,Three months,US,1.3982430453879997,1.005315249266857,2.316233685637634,0.9305622857553004
2021-09-01,Three months,US,1.2330467564709744,0.9470341907873512,1.6135066430044624,1.0406052463096354
2021-08-01,Three months,US,1.4167290471041627,1.193524827350298,1.9783703331432712,1.1296468948287792
2021-07-01,Three months,US,1.5028515167840044,1.4182947004479902,1.998305530398207,1.2456049497124564
2021-06-01,Three months,US,1.5775316160125463,1.5989527327130844,2.3917100481288696,1.152014885893067
2021-05-01,Three months,US,1.5818328608174723,1.5662118893135206,2.143181504077072,1.2909259276237988
2021-04-01,Three months,US,1.4291770691035943,1.2487413778501306,1.678350760456267,1.3032553773089957
2021-03-01,Three months,US,1.285629144711333,0.9877335952180778,1.375100817492955,1.2467215839828545
2021-02-01,Three months,US,1.259541621909373,0.8971881158102059,1.4694834269916146,1.1565357719203873
2021-01-01,Three months,US,0.9712339713100726,0.7556651180430426,1.2278609159341352,0.8427461644840049
2020-12-01,Three months,US,0.6273322671540551,0.4829680235316447,0.6141299991985248,0.6394289750548369
2020-11-01,Three months,US,0.31277117165225465,0.3069496051468773,-0.08207140211983789,0.5230232796636308
2020-10-01,Three months,US,0.5576759357572612,0.5309160923813085,0.4156853272137978,0.6379600224173293
2020-09-01,Three months,US,0.8147870900872406,0.8256240014541693,0.8690731234083828,0.794394274365795
2020-08-01,Three months,US,0.9423428626431796,0.8288298647042992,1.4571782530108273,0.686191683093959
2020-07-01,Three months,US,0.7177540560329784,0.6485221178660188,0.6932198236546037,0.7339104252916834
2020-06-01,Three months,US,-0.03741437863351319,-0.05641290421279855,-0.5587265857384007,0.22251222878388993
2020-05-01,Three months,US,-0.6322273340283702,-0.28663150653519565,-1.9651176681400109,0.02159482475329897
2020-04-01,Three months,US,-0.6337475348943996,-0.22780569514237817,-1.888255824359396,-0.02821935847991829
2020-03-01,Three months,US,-0.04219328359639912,0.2944025163263957,-1.0293693496573708,0.42523100132000136
2020-02-01,Three months,US,0.5327076742598363,0.5746353275805729,0.06474941974558232,0.7520432874224323
2020-01-01,Three months,US,0.47806388934311894,0.4103875134553211,0.09355561084847804,0.6580504663163447
2019-12-01,Three months,US,0.5088960425622063,0.3754006680206765,0.25225836042036426,0.63191453023891
2019-11-01,Three months,US,0.32413347353392163,0.24563870880734745,0.06878127554377342,0.44468093192961455
2019-10-01,Three months,US,0.3407072812910146,0.32977841204944625,0.06872099276934486,0.46993464674042273
2019-09-01,Three months,US,0.2754448192212265,0.29251057092657046,-0.15033102693015704,0.47571380904715144
2019-08-01,Three months,US,0.2272155937578553,0.4159371644692998,-0.4218655390448936,0.5311019410056523
2019-07-01,Three months,US,0.22927126563543837,0.4183047039913262,-0.3869201158776147,0.5173073245362372
2019-06-01,Three months,US,0.400752988666353,0.5211113159758871,0.00199117907668562,0.5859000421924647
2019-05-01,Three months,US,0.5483074410375136,0.4098718907526268,0.5389060207778131,0.5532503457814735
2019-04-01,Three months,US,0.6396401658975372,0.38492194638309535,0.7254921554911695,0.5992862433506206
2019-03-01,Three months,US,0.34566362547589996,0.3056407261400761,0.2645291381341218,0.3821459855419885
2019-02-01,Three months,US,0.22605475981681705,0.39295604352744434,-0.46586935791480655,0.5437039469236672
2019-01-01,Three months,US,0.1159900579950288,0.5001660707656843,-1.001167369066699,0.633089068081272
2024-03-01,One month,US,0.32278098288853047,0.31675066608375774,0.14468500505525644,0.4091017204471619
2024-02-01,One month,US,0.337810137583831,0.26631598971126097,0.491368210841626,0.2631181487929068
2024-01-01,One month,US,0.4232264014228394,0.5020572711026134,-0.16701351847640675,0.7100999103368775
2023-12-01,One month,US,0.1253132832080092,0.15234511579894353,-0.2337956904824223,0.30433700304337397
2023-11-01,One month,US,-0.01071643488940723,0.0891555222263878,-0.5526299808271236,0.2584291372814204
2023-10-01,One month,US,0.03463431931193284,0.14435673636955476,-0.27771048897809286,0.1903594244047269
2023-09-01,One month,US,0.38409642144648615,0.3290107074985983,0.17159199237368342,0.4912053173380842
2023-08-01,One month,US,0.35722296528290615,0.09804578822110116,0.7843342766306781,0.14448990194169384
2023-07-01,One month,US,0.12643381771903495,0.11997751470353868,-0.2630799519138566,0.32166909615055417
2023-06-01,One month,US,0.16747208798534213,0.17229207288374765,-0.07660033773785978,0.2907522806902872
2023-05-01,One month,US,0.10592778560883064,0.288262166854907,-0.13560736452301997,0.2259239553063449
2023-04-01,One month,US,0.3036894503471928,0.3069014787071243,0.26845637583891985,0.3210866030515589
2023-03-01,One month,US,0.12061715779070031,0.3359262998057403,-0.22957719533192672,0.29733224613509607
2023-02-01,One month,US,0.3150969238137651,0.3592681826308281,0.17597045090250032,0.3869527471164608
2023-01-01,One month,US,0.5602122553824287,0.5074100694801003,0.5395179372197306,0.571271765703735
2022-12-01,One month,US,0.20659757501862744,0.3874004655677379,-0.4984836337016791,0.566143450882659
2022-11-01,One month,US,0.2223315965445261,0.28426955645334817,-0.20871743138414,0.443499953802093
2022-10-01,One month,US,0.4500741599468143,0.3466279411510435,0.3920062162232934,0.4802336180412567
2022-09-01,One month,US,0.3627341945418705,0.45850049497213025,-0.0410172272354363,0.5721076309311538
2022-08-01,One month,US,0.32529117422389725,0.5448163864005406,-0.1107110789535583,0.5539385973148069
2022-07-01,One month,US,0.01373449504269808,0.20735452374078844,-0.45644269735073234,0.26357902664031474
2022-06-01,One month,US,0.908649931569744,0.5639825438164207,1.4856629561786647,0.6069841925818769
2022-05-01,One month,US,0.5723544938974958,0.3602712630686645,0.8526360665056203,0.4236628681111509
2022-04-01,One month,US,0.2997046642084507,0.32600992204111373,0.06309933256902973,0.424593423577529
2022-03-01,One month,US,0.8370339042785674,0.3948913159486182,1.357486443151319,0.5640788313264591
2022-02-01,One month,US,0.5911600740944275,0.4134925383797952,1.0007824298997343,0.37600574964503136
2022-01-01,One month,US,0.5247683535281528,0.4728747554869632,0.8644422420438345,0.3474085084301498
2021-12-01,One month,US,0.6690943010386166,0.603007817436668,0.8551754775655195,0.5723030110037782
2021-11-01,One month,US,0.6190888744494918,0.5089958899262428,0.8239630476368175,0.5130028895310179
2021-10-01,One month,US,0.6467083272780149,0.4859414317493903,1.1687294079885198,0.3783991218284463
2021-09-01,One month,US,0.32440313468198356,0.20647188876098513,0.38951438644376335,0.29178787200716727
2021-08-01,One month,US,0.42093704245973074,0.30975073313782425,0.7418440122590448,0.2575423105224357
2021-07-01,One month,US,0.4827364259114576,0.4279600570613441,0.47388363950309337,0.48784006781066824
2021-06-01,One month,US,0.5064367369948357,0.45115423373117447,0.7499830867216369,0.3801696280673821
2021-05-01,One month,US,0.506213891623774,0.532557577560094,0.7615374877053537,0.37250038612845887
2021-04-01,One month,US,0.5566659817308983,0.6068539903688821,0.8614085060406593,0.3949504715690322
2021-03-01,One month,US,0.5106926268751966,0.4187832749603264,0.5054393966317207,0.5180207024910816
2021-02-01,One month,US,0.3551745254133587,0.2183180102948228,0.30299429657794413,0.38471804217173006
2021-01-01,One month,US,0.4143528810769414,0.3475009206885759,0.5605950472473114,0.3389235713494055
2020-12-01,One month,US,0.48480469975378654,0.3287479157192608,0.5990123308391171,0.4284839828606437
2020-11-01,One month,US,0.06944180206233354,0.07774722669954286,0.06414946826105543,0.07332262884828503
2020-10-01,One month,US,0.0723478790648022,0.07590853022108197,-0.04909032620021499,0.13662217926316161
2020-09-01,One month,US,0.17068914550534672,0.15299964838590252,-0.0970844634832246,0.3123222793000326
2020-08-01,One month,US,0.3137524990195263,0.301201948280959,0.5626346196428906,0.1877451896132948
2020-07-01,One month,US,0.32821812109521087,0.36928257770719114,0.402198957112248,0.2922771386817529
2020-06-01,One month,US,0.2974299740109707,0.15618412479398708,0.4853875992607574,0.20463719140148645
2020-05-01,One month,US,0.09056225673435786,0.12183773516122832,-0.19458802067498457,0.23522770041400076
2020-04-01,One month,US,-0.4240296245131268,-0.3336966706825041,-0.8461291100570774,-0.21687900780200595
2020-03-01,One month,US,-0.2993754244340106,-0.07452419169915439,-0.9357703181619058,0.00375562169621778
2020-02-01,One month,US,0.08903099810450471,0.1809045226130722,-0.11633803657191026,0.18530712068479233
2020-01-01,One month,US,0.16877313438561012,0.18795730684030143,0.02188031467871301,0.23571563266075804
2019-12-01,One month,US,0.2740463667221137,0.2046778006265196,0.15938318706605098,0.3291963069471763
2019-11-01,One month,US,0.03462837025423127,0.01729970782715735,-0.08758397611345496,0.09184301472329538
2019-10-01,One month,US,0.1995103803226802,0.15304796465458906,0.1804694199054753,0.20968935613031991
2019-09-01,One month,US,0.08971551499599997,0.07513654622341441,-0.02392392192826901,0.14252593972103464
2019-08-01,One month,US,0.05115435101536297,0.10124775808536052,-0.08764416469136113,0.11700801933010976
2019-07-01,One month,US,0.13433975393597117,0.11584577066399374,-0.03882721887598912,0.21545354878688125
2019-06-01,One month,US,0.04157561928334476,0.19829562492140557,-0.29580218973030564,0.19773039889958124
2019-05-01,One month,US,0.05320641185632994,0.10360787807192452,-0.05258145164491793,0.10327022375215536
2019-04-01,One month,US,0.30565905915230335,0.2183427301574923,0.3514431070358399,0.2838402823060031
2019-03-01,One month,US,0.18860220489588247,0.08741343641644092,0.2395137870123598,0.16520670047642086
2019-02-01,One month,US,0.1440894133224255,0.07873403448745414,0.13290696512442268,0.14910010869879003
2019-01-01,One month,US,0.01265810459489706,0.13919306954786653,-0.10780810157919314,0.06738090425172849
2024-04-01,One year,Eurozone,2.38201585004587,2.66335242046987,1.34471967701695,3.69839633083177
2024-03-01,One year,Eurozone,2.43499801062254,2.94931987482838,1.21060875232246,4.01136421572477
2024-02-01,One year,Eurozone,2.55177274161365,3.03893107757377,1.4697723994838,3.95858041912671
2024-01-01,One year,Eurozone,2.74258350065182,3.20817713039664,1.80462746208897,3.96442134917281
2023-12-01,One year,Eurozone,2.93129072256237,3.4364198959038,2.12080689916551,3.98286388683663
2023-11-01,One year,Eurozone,2.44771494709377,3.62572048681243,1.32409456681729,4.03713177386049
2023-10-01,One year,Eurozone,2.86024328104788,4.15232950290289,1.69359805773908,4.54444361355368
2023-09-01,One year,Eurozone,4.27240160454236,4.45574733953368,3.98137426656204,4.64791869448791
2023-08-01,One year,Eurozone,5.0849641709175,5.05171098459419,4.8895036563277,5.30712403247403
2023-07-01,One year,Eurozone,5.15078777246073,5.26765343364372,4.88374101776541,5.43070338496866
2023-06-01,One year,Eurozone,5.50145351895707,5.47929976350547,5.48041463649647,5.42456401125985
2023-05-01,One year,Eurozone,6.11656955970887,5.36975891914891,6.76675636318124,5.06643117236429
2023-04-01,One year,Eurozone,6.97837674040733,5.65083988526932,8.11474144483411,5.26230629464476
2023-03-01,One year,Eurozone,6.90681201090064,5.69660850379259,8.15366986669967,5.09206421841486
2023-02-01,One year,Eurozone,8.52169455645358,5.59087308343012,11.0552129708898,4.93227773051991
2023-01-01,One year,Eurozone,8.72005125493956,5.35794396199653,11.6824274073286,4.54777160382169
2022-12-01,One year,Eurozone,9.21139927910362,5.19409389469351,12.6631502563253,4.37881976726228
2022-11-01,One year,Eurozone,10.0851623573566,5.02246559654284,14.2534058365915,4.25785733730928
2022-10-01,One year,Eurozone,10.6344654595531,5.01247875767036,15.1612576740563,4.32134202108059
2022-09-01,One year,Eurozone,9.93532814935066,4.75405534713538,14.0329603270402,4.24587659530063
2022-08-01,One year,Eurozone,9.09392949838897,4.23089473763829,12.9329146166299,3.75636953396505
2022-07-01,One year,Eurozone,8.79565675920561,3.93777584507778,12.4996486316179,3.64777822665553
2022-06-01,One year,Eurozone,8.63171206360006,3.69918909517886,12.4907504163192,3.29409599552075
2022-05-01,One year,Eurozone,8.08610435224943,3.79354982573966,11.406235382422,3.49340024327508
2022-04-01,One year,Eurozone,7.46779527524363,3.5020059340161,10.4979026907013,3.27343113182067
2022-03-01,One year,Eurozone,7.4735142175864,2.98365031483391,10.9464499863259,2.68471071023701
2022-02-01,One year,Eurozone,5.82189847076751,2.66392615666302,8.22330779214521,2.49610466289552
2022-01-01,One year,Eurozone,5.08341824356766,2.24350842640515,7.01013428377707,2.40301629451354
2021-12-01,One year,Eurozone,5.00391444098797,2.66896490093465,6.82521681539083,2.47137838571957
2021-11-01,One year,Eurozone,4.77094828667982,2.4854487628549,6.39285528482812,2.49437272971656
2021-10-01,One year,Eurozone,4.14148996148731,2.15007489304099,5.51710413227355,2.19107935444394
2021-09-01,One year,Eurozone,3.47243190898651,2.01561695366372,4.60183881136489,1.88471262892305
2021-08-01,One year,Eurozone,3.16405994528297,1.86238916611881,4.37203191360836,1.46806893524768
2021-07-01,One year,Eurozone,2.38856073261135,1.04488093748062,3.14249408815504,1.24230902495667
2021-06-01,One year,Eurozone,2.00775233860247,1.04696941580772,2.773417276151,0.916283984566902
2021-05-01,One year,Eurozone,1.9523083272577,0.914432345913105,2.62641792998706,0.989844834170451
2021-04-01,One year,Eurozone,1.60079027102614,0.732251288905873,2.12541989351451,0.822478457535125
2021-03-01,One year,Eurozone,1.26878362234773,0.876394075405923,1.28184925584723,1.14468832188551
2021-02-01,One year,Eurozone,0.786488633664749,0.959876616120989,0.55543780134434,0.981288207009954
2021-01-01,One year,Eurozone,0.73176330209269,1.21878842807605,0.370344953115818,1.0890986256039
2020-12-01,One year,Eurozone,-0.258205715424804,0.239960589102295,-1.0118665794572,0.66778473273946
2020-11-01,One year,Eurozone,-0.248875076108479,0.29839860627324,-0.928355507479584,0.586372408099969
2020-10-01,One year,Eurozone,-0.259747741800372,0.223365892200667,-0.789213948310437,0.389206100339794
2020-09-01,One year,Eurozone,-0.304626626335303,0.223849400466751,-0.961504542523033,0.501880176284747
2020-08-01,One year,Eurozone,-0.218466226476084,0.31658789413748,-0.916318175443908,0.639424751944762
2020-07-01,One year,Eurozone,0.316289611054363,1.09117389528149,-0.0920202149056623,0.820346120815387
2020-06-01,One year,Eurozone,0.249540376852336,0.835728424338778,-0.517956142356536,1.19682759549711
2020-05-01,One year,Eurozone,0.0619173175653835,0.902562546723857,-0.909591021280825,1.26809964070336
2020-04-01,One year,Eurozone,0.318477605768416,0.880901975817086,-0.363089092842073,1.16066296648073
2020-03-01,One year,Eurozone,0.786644537478658,1.08781809145514,0.314448949935048,1.37327900593788
2020-02-01,One year,Eurozone,1.21936771833172,1.20088066388746,0.842571378322577,1.68896557522394
2020-01-01,One year,Eurozone,1.34854670070173,1.07163471247618,1.15000444589349,1.59669506625029
2019-12-01,One year,Eurozone,1.34422199538311,1.31330852299379,0.98451634032689594,1.79335713351439
2019-11-01,One year,Eurozone,0.902425624632911,1.20912135921577,0.287142311611645,1.67792298946337
2019-10-01,One year,Eurozone,0.799087326837425,1.1683088166394,0.105459052312757,1.67302869926868
2019-09-01,One year,Eurozone,0.903836112938127,1.11989494943462,0.346245493017954,1.60456907497676
2019-08-01,One year,Eurozone,1.09462822493346,1.06890846914479,0.74301395744535,1.53382401663164
2019-07-01,One year,Eurozone,1.11338041701171,0.992631030073055,0.869554953651731,1.4178078431237
2019-06-01,One year,Eurozone,1.21438500266245,1.05661733316365,0.972140290702355,1.51721549997496
2019-05-01,One year,Eurozone,1.27827902164614,0.86587505650307,1.37239882362208,1.16003390785534
2019-04-01,One year,Eurozone,1.62109553446499,1.15500891953325,1.58462827534518,1.66502306413947
2019-03-01,One year,Eurozone,1.44111049061261,0.821099029551787,1.65184997044942,1.17699700175683
2019-02-01,One year,Eurozone,1.3859610956752,0.844037696589363,1.53268794984091,1.20180821384834
2019-01-01,One year,Eurozone,1.25341742010187,0.901742754559333,1.18996876437014,1.33235247619284
2024-04-01,Six months,Eurozone,0.990052106862703,1.31856086666689,0.217344760440203,1.95969082741258
2024-03-01,Six months,Eurozone,0.909753282430116,1.36137994441115,0.0799408980490577,1.96413205870116
2024-02-01,Six months,Eurozone,1.02457989100307,1.178699419892,0.480611951029247,1.72175340244093
2024-01-01,Six months,Eurozone,1.16095055753397,1.06799534213428,0.92658182794617,1.46208955441706
2023-12-01,Six months,Eurozone,1.06576506814254,1.10991173275453,0.757453287836525,1.46137678578031
2023-11-01,Six months,Eurozone,1.25319532009006,1.12095988762102,1.07254258198641,1.48536174585352
2023-10-01,Six months,Eurozone,1.37831767995352,1.32729042171523,1.12492994029289,1.70528714760651
2023-09-01,Six months,Eurozone,1.51149386315861,1.56661238361997,1.12976471021822,2.00779638456101
2023-08-01,Six months,Eurozone,1.51170423302754,1.83856055508462,0.984429164241794,2.19896624061939
2023-07-01,Six months,Eurozone,1.56348169367815,2.11756627903565,0.869984515714246,2.46627267952497
2023-06-01,Six months,Eurozone,1.84585319584928,2.30096943344042,1.35310447698023,2.48516941217942
2023-05-01,Six months,Eurozone,1.17973524018427,2.47699448460045,0.248882612829127,2.514421768922
2023-04-01,Six months,Eurozone,1.46177766114912,2.78803377592561,0.562342162097859,2.79155248028224
2023-03-01,Six months,Eurozone,2.71979815911837,2.84457154581603,2.8197529822352,2.5881573796319
2023-02-01,Six months,Eurozone,3.52004723483637,3.15514124708349,3.86700655180678,3.04128104831974
2023-01-01,Six months,Eurozone,3.53208261371161,3.08476520680142,3.97913861226564,2.89307947671258
2022-12-01,Six months,Eurozone,3.58934626044919,3.10684282628715,4.07220891833032,2.86811703189819
2022-11-01,Six months,Eurozone,4.87927183027842,2.82284277470995,6.50169216900379,2.48941501049949
2022-10-01,Six months,Eurozone,5.43712046686382,2.78515504595071,7.51016645034225,2.40365453653059
2022-09-01,Six months,Eurozone,4.07615077796042,2.77315264686189,5.18763829882575,2.44073673096315
2022-08-01,Six months,Eurozone,4.83157364705497,2.36123164284407,6.9205868713446,1.83518359143207
2022-07-01,Six months,Eurozone,5.01097680086738,2.20515490396162,7.40849452868449,1.60816658955534
2022-06-01,Six months,Eurozone,5.42725021598187,2.02435746376497,8.25478908085501,1.46858208252771
2022-05-01,Six months,Eurozone,4.96369819910899,2.13923556524534,7.27848873545296,1.72548777513134
2022-04-01,Six months,Eurozone,4.92933131109425,2.16697023098707,7.11662113112625,1.87267485055028
2022-03-01,Six months,Eurozone,5.62970222053121,1.92745152722916,8.40908891127102,1.76213088849435
2022-02-01,Six months,Eurozone,4.06590848829993,1.82653438688369,5.62317129115632,1.88656402903035
2022-01-01,Six months,Eurozone,3.60408032915942,1.69523831038096,4.73999205116296,2.00733041994466
2021-12-01,Six months,Eurozone,3.03950054758464,1.64159978366806,3.9129551416893,1.79909275908506
2021-11-01,Six months,Eurozone,2.97474860995985,1.61966579379534,3.84769276266372,1.73792478837928
2021-10-01,Six months,Eurozone,2.41921294306484,1.30671948087594,3.15663575257461,1.37500687335965
2021-09-01,Six months,Eurozone,1.74554311741382,1.03622603310413,2.34054275387517,0.906604267901556
2021-08-01,Six months,Eurozone,1.68738255205354,0.822370882816958,2.46171031337571,0.598254185597523
2021-07-01,Six months,Eurozone,1.42787611231937,0.539130568090939,2.16740729892857,0.38789945089232
2021-06-01,Six months,Eurozone,1.90646682385281,1.0107722816772,2.80259729860492,0.660404339973364
2021-05-01,Six months,Eurozone,1.74431081499745,0.851983680812721,2.45086092377727,0.743526018356219
2021-04-01,Six months,Eurozone,1.68159563907202,0.832477269510493,2.28823707023619,0.805003625897413
2021-03-01,Six months,Eurozone,1.69726234551608,0.9693463018291,2.20957989535784,0.969320460358243
2021-02-01,Six months,Eurozone,1.45217366812792,1.0315352378597,1.86442486114081,0.864641992738163
2021-01-01,Six months,Eurozone,0.947160343994717,0.50303833595135,0.954401031606388,0.851108130300416
2020-12-01,Six months,Eurozone,0.0993906647011316,0.0358349246450488,-0.028384518699631,0.254200890877928
2020-11-01,Six months,Eurozone,0.204431589927863,0.0619211073706086,0.171357277651769,0.244500888096125
2020-10-01,Six months,Eurozone,-0.0794690204633642,-0.0993985105976623,-0.159174878153273,0.0173352819891401
2020-09-01,Six months,Eurozone,-0.421327686985903,-0.0920598476940848,-0.907674838758194,0.173684304031851
2020-08-01,Six months,Eurozone,-0.656156502511981,-0.0709269848963511,-1.28502866587707,0.115646287903534
2020-07-01,Six months,Eurozone,-0.21337602877389,0.712167615999985,-0.578534538883268,0.235982033034281
2020-06-01,Six months,Eurozone,-0.357241315607766,0.204052542382447,-0.983761296666778,0.412535173774612
2020-05-01,Six months,Eurozone,-0.452381854618401,0.236331160031279,-1.09783157083836,0.341037679847874
2020-04-01,Six months,Eurozone,-0.180422101013382,0.323085545018034,-0.631043532931802,0.371806364668885
2020-03-01,Six months,Eurozone,0.11719483493791,0.316200341713826,-0.0543227779520235,0.327626835863206
2020-02-01,Six months,Eurozone,0.440581178084743,0.387789926736597,0.373510203619648,0.523173433386219
2020-01-01,Six months,Eurozone,0.530798236025085,0.376326205912471,0.489345355875768,0.582988340043918
2019-12-01,Six months,Eurozone,0.608957138954791,0.630389556040318,0.470433093005947,0.781070232282452
2019-11-01,Six months,Eurozone,0.516636341245945,0.664660586617953,0.190330052967811,0.92391107595818
2019-10-01,Six months,Eurozone,0.499801459075157,0.556020010517662,0.269656087390363,0.785934447513858
2019-09-01,Six months,Eurozone,0.668666060454912,0.769185582301661,0.368972163816327,1.04223752026485
2019-08-01,Six months,Eurozone,0.775370404185696,0.809949833285764,0.467315702869594,1.15972476994099
2019-07-01,Six months,Eurozone,0.813430788400526,0.692701688580785,0.657441928473155,1.00783118789363
2019-06-01,Six months,Eurozone,0.730814509301406,0.678640885687085,0.511676153366493,1.00444150761527
2019-05-01,Six months,Eurozone,0.383806400044309,0.540865850463316,0.0966283458619728,0.747109288043445
2019-04-01,Six months,Eurozone,0.297797471653853,0.608903182581906,-0.163755458515285,0.880176640339427
2019-03-01,Six months,Eurozone,0.233607995105436,0.348032352456125,-0.0226431239738904,0.556531177963202
2019-02-01,Six months,Eurozone,0.31680143617165,0.25687805250105,0.274415866142109,0.369810463147688
2019-01-01,Six months,Eurozone,0.297529432601851,0.297866018552051,0.210727613492604,0.405886009439638
2024-04-01,Three months,Eurozone,0.72820791079086,0.8187359693111,0.242895746866312,1.324409548119
2024-03-01,Three months,Eurozone,0.994596755959256,0.974073455909245,0.668184926246031,1.3954372831068
2024-02-01,Three months,Eurozone,0.835149523890567,0.910069265703099,0.563874362453792,1.17900354271899
2024-01-01,Three months,Eurozone,0.259951210790668,0.495765883742018,-0.0254890745481154,0.62697752903448
2023-12-01,Three months,Eurozone,-0.0840079333493,0.383570232680591,-0.584339559343349,0.56086821146251
2023-11-01,Three months,Eurozone,0.187861443164343,0.266207481714811,-0.082795548553002,0.536425385423751
2023-10-01,Three months,Eurozone,0.898663260716136,0.569406535051678,0.952313638427516,0.829908684419766
2023-09-01,Three months,Eurozone,1.15073971414392,0.723566115839816,1.34967955876612,0.895486077570631
2023-08-01,Three months,Eurozone,1.06333627804808,0.852483032293889,1.15629549173469,0.9438731850589
2023-07-01,Three months,Eurozone,0.475382332864004,0.753592879559658,0.170987960200321,0.868173416606498
2023-06-01,Three months,Eurozone,0.356650035416644,0.836990091088105,-0.216986229759497,1.10243812704883
2023-05-01,Three months,Eurozone,0.443650458704322,0.977742434437617,-0.169901761089045,1.2433573390428
2023-04-01,Three months,Eurozone,1.0829512021257,1.3537714740421,0.697803395721372,1.58434440595845
2023-03-01,Three months,Eurozone,1.48391079206718,1.45182768846023,1.57350499590542,1.36765374875827
2023-02-01,Three months,Eurozone,0.732833562020506,1.48473516442127,0.419497106890496,1.25545464244401
2023-01-01,Three months,Eurozone,0.374767905485779,1.41510501387789,-0.134522530835334,1.18838004161297
2022-12-01,Three months,Eurozone,1.21781606306386,1.37281297842426,1.22694199277658,1.20403657945825
2022-11-01,Three months,Eurozone,2.76693663253282,1.64596781964883,3.43310765761615,1.76368415131993
2022-10-01,Three months,Eurozone,3.1455262852501,1.64636243555144,4.11920239841756,1.68467904555698
2022-09-01,Three months,Eurozone,2.3429968059257,1.71054723344015,2.81078028194982,1.64428268741378
2022-08-01,Three months,Eurozone,2.05546187028883,1.15781764914596,2.96673336118379,0.713153091136535
2022-07-01,Three months,Eurozone,2.22170971843829,1.12034762790583,3.25680947780313,0.707063736368281
2022-06-01,Three months,Eurozone,1.69347588611395,1.04473473236055,2.31187625495848,0.783569938703495
2022-05-01,Three months,Eurozone,2.72019912103729,1.18964013030808,3.83993293862359,1.11408536606952
2022-04-01,Three months,Eurozone,2.72864452190431,1.07278831758725,4.02073729749885,0.8947762150488
2022-03-01,Three months,Eurozone,3.67159672469978,0.969494089918847,5.80862461273504,0.679686326095449
2022-02-01,Three months,Eurozone,2.18408754779393,0.938431477485643,3.31140024797762,0.604665914593726
2022-01-01,Three months,Eurozone,2.14223286935388,1.08256824770849,2.9762179292896,0.969226229727862
2021-12-01,Three months,Eurozone,1.88875792183579,0.948759272238405,2.45770541678792,1.07513700320135
2021-11-01,Three months,Eurozone,1.84159881021185,0.879846156115611,2.23767274243673,1.27419350065221
2021-10-01,Three months,Eurozone,1.43118807836846,0.606108524242365,1.71279753455743,1.02813919545632
2021-09-01,Three months,Eurozone,1.12941078998297,0.686328902330743,1.42034190496612,0.716255032986781
2021-08-01,Three months,Eurozone,1.11265908330809,0.73336713513106,1.5747815624511,0.457896796506294
2021-07-01,Three months,Eurozone,0.9740838921585,0.696390077014813,1.41952463506535,0.34333768855452
2021-06-01,Three months,Eurozone,0.6092513766449,0.347512055100155,0.907313889526522,0.188995544812932
2021-05-01,Three months,Eurozone,0.568399124259934,0.0883557754666354,0.873178103148858,0.139717626555079
2021-04-01,Three months,Eurozone,0.449414545464482,-0.156171943009673,0.737414878007269,0.0444092885131154
2021-03-01,Three months,Eurozone,1.28936000363585,0.660963299431733,1.87824185980549,0.470519534203313
2021-02-01,Three months,Eurozone,1.16926559533337,0.762953791607059,1.56402608730652,0.602965942097906
2021-01-01,Three months,Eurozone,1.22666826798661,0.990195620259923,1.53946991205498,0.760256712787276
2020-12-01,Three months,Eurozone,0.402709960716096,0.306358087871695,0.325229440068578,0.496464961530454
2020-11-01,Three months,Eurozone,0.279638357686761,0.266547809632601,0.295772809927856,0.260107689857638
2020-10-01,Three months,Eurozone,-0.276120837299445,-0.482380771040752,-0.576198478242335,0.0901659250155622
2020-09-01,Three months,Eurozone,-0.302102698357088,-0.269696924884521,-0.352467630267865,-0.241067256191811
2020-08-01,Three months,Eurozone,-0.0749970472476605,-0.204082724230717,-0.124048630156996,-0.0155663125854509
2020-07-01,Three months,Eurozone,0.197196316957588,0.384838648080965,0.41944040934484,-0.072765033760644
2020-06-01,Three months,Eurozone,-0.11958626195304,0.178117454487872,-0.557171056108332,0.415753806517546
2020-05-01,Three months,Eurozone,-0.581595634817355,0.133428042919244,-1.16242200429304,0.131233028632437
2020-04-01,Three months,Eurozone,-0.409764305612603,0.326074108727252,-0.993806522083784,0.308971890295209
2020-03-01,Three months,Eurozone,-0.237939596724154,0.0258889751111137,-0.428980395156638,-0.00320530655890541
2020-02-01,Three months,Eurozone,0.129969678173799,0.102765998451515,0.0653500771310745,0.209529679071707
2020-01-01,Three months,Eurozone,0.230285833746797,-0.00297885044916621,0.366404339373878,0.0626409315035115
2019-12-01,Three months,Eurozone,0.355981452494543,0.290236227418033,0.376271749241373,0.330842746946379
2019-11-01,Three months,Eurozone,0.310208323151676,0.284731321299844,0.307958875126147,0.312987951663858
2019-10-01,Three months,Eurozone,0.299821954789944,0.379316355628601,0.122492199766552,0.52002166212723
2019-09-01,Three months,Eurozone,0.252078334344225,0.33916893749353,0.0938083693722026,0.448742852157271
2019-08-01,Three months,Eurozone,0.205789641498158,0.378850559115388,-0.117267685911915,0.609016974540423
2019-07-01,Three months,Eurozone,0.199381714132408,0.176035921845719,0.146983843880141,0.26453713498036
2019-06-01,Three months,Eurozone,0.415540239197189,0.428563091922767,0.274905909692933,0.590843301026775
2019-05-01,Three months,Eurozone,0.568411031663242,0.429472216277763,0.585269721039715,0.547374193647008
2019-04-01,Three months,Eurozone,0.612827208874394,0.515757847653458,0.50970889486674,0.741332951961486
2019-03-01,Three months,Eurozone,0.313969600077051,0.249010626125777,0.236121132725662,0.411168843023581
2019-02-01,Three months,Eurozone,-0.18356124922846,0.110917275305066,-0.485798145725439,0.198647747888236
2019-01-01,Three months,Eurozone,-0.313110908380035,0.0926673955636125,-0.670049053755065,0.137821968708861
2024-04-01,One month,Eurozone,0.147798055423913,0.145095520301579,0.00580130031780253,0.32091564707625
2024-03-01,One month,Eurozone,0.190303221793982,0.308089505823652,-0.0614606644733942,0.498986798422811
2024-02-01,One month,Eurozone,0.388510716673968,0.363455169975294,0.29872495560158,0.498808048968584
2024-01-01,One month,Eurozone,0.412651931249536,0.299395088568237,0.430084585944585,0.391239939535414
2023-12-01,One month,Eurozone,0.0321257841688838,0.244507461243176,-0.165015182619313,0.28446657738726
2023-11-01,One month,Eurozone,-0.184139815322924,-0.0486039952278797,-0.289084549963893,-0.0495068626710937
2023-10-01,One month,Eurozone,0.068168920815157,0.187418670118455,-0.131312523571985,0.325285495453144
2023-09-01,One month,Eurozone,0.304311158159215,0.127307294546665,0.338644285924794,0.260090934907859
2023-08-01,One month,Eurozone,0.524022768624564,0.253643086909657,0.743887551199364,0.242265998257327
2023-07-01,One month,Eurozone,0.318170539343956,0.340992714100191,0.261788055125132,0.39053469359037
2023-06-01,One month,Eurozone,0.217639113296028,0.255461054456407,0.147189362762648,0.308173321796022
2023-05-01,One month,Eurozone,-0.0607936242360479,0.155340122233487,-0.23740294266178,0.167092378642983
2023-04-01,One month,Eurozone,0.199624019915023,0.424048402291435,-0.126537814437673,0.623690095780619
2023-03-01,One month,Eurozone,0.304519026293039,0.395401676089931,0.194445674451553,0.447985466813728
2023-02-01,One month,Eurozone,0.575296448567872,0.52830663395637,0.629715506087895,0.504454591131467
2023-01-01,One month,Eurozone,0.597079769688091,0.521205142288953,0.741995040327003,0.409048620617615
2022-12-01,One month,Eurozone,-0.437829585653841,0.427966483866492,-0.943894296670398,0.336804298229345
2022-11-01,One month,Eurozone,0.217790774592578,0.459332702916858,0.0745360824168839,0.437877474893659
2022-10-01,One month,Eurozone,1.44199512568101,0.479285880152041,2.11540911455142,0.424584575132263
2022-09-01,One month,Eurozone,1.08595162331576,0.698575382183691,1.2149596111262,0.891656167697784
2022-08-01,One month,Eurozone,0.586989466785901,0.459722711995437,0.738352673150744,0.359901670472989
2022-07-01,One month,Eurozone,0.652720064882932,0.542733725226757,0.832167823417014,0.384688815781321
2022-06-01,One month,Eurozone,0.801948384198974,0.151345195895677,1.36849199919492,-0.0325788663972863
2022-05-01,One month,Eurozone,0.750845180573566,0.42251127316377,1.02215103388493,0.353833674118774
2022-04-01,One month,Eurozone,0.132594034901724,0.467552741366055,-0.0905767954575073,0.460950112943182
2022-03-01,One month,Eurozone,1.81967053038173,0.294969409161521,2.88245897333607,0.295260035704981
2022-02-01,One month,Eurozone,0.759128666027468,0.30654532580853,1.1980491179166,0.136173454129973
2022-01-01,One month,Eurozone,1.05171693928992,0.364877051510289,1.62664608779407,0.246785064815367
2021-12-01,One month,Eurozone,0.358733310463438,0.26411430988785,0.454296012190766,0.220526075418489
2021-11-01,One month,Eurozone,0.717857651807731,0.449779783327302,0.869723331327419,0.499036096919869
2021-10-01,One month,Eurozone,0.800948203104559,0.232018126334058,1.1149290267122,0.351938040042577
2021-09-01,One month,Eurozone,0.3122823692295,0.195668569670748,0.238565752453691,0.417899509526456
2021-08-01,One month,Eurozone,0.311975476434503,0.177209137278491,0.351871001730313,0.254865102859824
2021-07-01,One month,Eurozone,0.501045999534625,0.311940215644551,0.82419245327816,0.0421413794581193
2021-06-01,One month,Eurozone,0.295666016805304,0.242477577756995,0.39120583895725,0.160306617298099
2021-05-01,One month,Eurozone,0.174497624479423,0.140436232832406,0.198483291616843,0.140537526031553
2021-04-01,One month,Eurozone,0.137922631533407,-0.0356058210116708,0.314988382654975,-0.111737482065596
2021-03-01,One month,Eurozone,0.254941095337615,-0.0164074410966215,0.357244646010756,0.111042809678018
2021-02-01,One month,Eurozone,0.055979078796225,-0.104218724375303,0.0636281249435441,0.0452284076473003
2021-01-01,One month,Eurozone,0.975263433226212,0.782516150697295,1.45103148604706,0.31370770158617
2020-12-01,One month,Eurozone,0.136073152744117,0.0848967336330218,0.0477199763986921,0.243015333281917
2020-11-01,One month,Eurozone,0.112750081138311,0.121067446360893,0.0394347162810271,0.201647166604068
2020-10-01,One month,Eurozone,0.15335149481909,0.100084883690782,0.237848588186567,0.0510850218415677
2020-09-01,One month,Eurozone,0.0133283876994996,0.0451743505014723,0.0183448261975384,0.0072541488710971
2020-08-01,One month,Eurozone,-0.44208420331026,-0.626774486727985,-0.830307968913564,0.0318044928633707
2020-07-01,One month,Eurozone,0.127257739894552,0.31401354495274,0.463411265538667,-0.280018827060647
2020-06-01,One month,Eurozone,0.241152571336873,0.110995710127085,0.247613828395968,0.233316412748426
2020-05-01,One month,Eurozone,-0.17089077590774,-0.0403475272102338,-0.290662138957124,-0.0254213280251757
2020-04-01,One month,Eurozone,-0.189303721822962,0.107438200574052,-0.513627830681313,0.207486802126689
2020-03-01,One month,Eurozone,-0.22252544421622,0.0663362415373741,-0.362535379619079,-0.0506874419725094
2020-02-01,One month,Eurozone,0.00165040136053594,0.151964212882843,-0.120559446993792,0.152039462887994
2020-01-01,One month,Eurozone,-0.017098648580851,-0.192092753658658,0.0539376952770497,-0.104374557272909
2019-12-01,One month,Eurozone,0.145440676036064,0.143244351484223,0.132124965718465,0.161946529306334
2019-11-01,One month,Eurozone,0.101837999054438,0.0461673928133406,0.179935492220749,0.00523498540748069
2019-10-01,One month,Eurozone,0.108286733143064,0.100567797211458,0.0637743853387742,0.163379600014228
2019-09-01,One month,Eurozone,0.0997635759487856,0.137747513713538,0.0639782500807136,0.14412179065752
2019-08-01,One month,Eurozone,0.0914732058741147,0.140527422028476,-0.0052944714016921,0.211633531473787
2019-07-01,One month,Eurozone,0.0606342851914344,0.0605318665355131,0.0351073768571958,0.0923536851526492
2019-06-01,One month,Eurozone,0.0535452103336791,0.177349478220337,-0.147034899974687,0.303909865411752
2019-05-01,One month,Eurozone,0.085072588778747,-0.0618056853140024,0.259253296714492,-0.131485688642533
2019-04-01,One month,Eurozone,0.276493492644835,0.312767870048108,0.162886538028948,0.418099488353183
2019-03-01,One month,Eurozone,0.205864908150445,0.178256328477133,0.162022949958687,0.260564752820321
2019-02-01,One month,Eurozone,0.12927529890106,0.0240578565795485,0.183937377876719,0.061163529558199
2019-01-01,One month,Eurozone,-0.0213650796183131,0.0465593403005384,-0.109757172502478,0.0889947270074135
2024-04-01,One year,UK,2.37730061349693,3.8369304556355,-0.76103500761035,5.859375
2024-03-01,One year,UK,3.18076027928626,4.21052631578946,0.844205679201837,5.95238095238095
2024-02-01,One year,UK,3.44018764659891,4.49346405228758,1.0827532869296,6.07513988808952
2024-01-01,One year,UK,4.03481012658227,5.04132231404958,1.72278778386844,6.54281098546043
2023-12-01,One year,UK,3.93081761006288,5.07780507780509,1.875,6.4
2023-11-01,One year,UK,3.94632991318073,5.10708401976935,1.9546520719312,6.20967741935483
2023-10-01,One year,UK,4.5958795562599,5.70247933884298,2.90880503144654,6.54281098546043
2023-09-01,One year,UK,6.62358642972537,6.07321131447587,6.22977346278319,6.91619202603743
2023-08-01,One year,UK,6.66125101543462,6.19246861924687,6.27546862265689,6.76446617766911
2023-07-01,One year,UK,6.85714285714286,6.82967959527825,6.13747954173485,7.46513535684987
2023-06-01,One year,UK,7.96387520525452,6.85279187817258,8.47039473684212,7.19008264462809
2023-05-01,One year,UK,8.69205298013246,7.13678844519965,9.70954356846472,7.32113144758735
2023-04-01,One year,UK,8.66666666666667,6.83176771989752,9.95815899581591,6.93400167084377
2023-03-01,One year,UK,10.0768573868489,6.1908856405847,12.7162629757786,6.68924640135479
2023-02-01,One year,UK,10.4490500863558,6.15784908933218,13.421052631579,6.64961636828644
2023-01-01,One year,UK,10.0087032201915,5.76923076923076,13.3096716947649,5.90248075278015
2022-12-01,One year,UK,10.5125977410947,6.3588850174216,13.3746678476528,6.83760683760684
2022-11-01,One year,UK,10.6550218340611,6.30472854640981,13.9928698752228,6.34648370497428
2022-10-01,One year,UK,11.0915492957747,6.42040457343887,14.8014440433213,6.26609442060086
2022-09-01,One year,UK,10.1423487544484,6.46589902568645,13.1868131868132,6.13126079447324
2022-08-01,One year,UK,9.81266726137377,6.22222222222222,12.8794848206072,5.95854922279793
2022-07-01,One year,UK,10.062893081761,6.17726051924798,13.5687732342008,5.72419774501302
2022-06-01,One year,UK,9.43396226415094,5.81915846016115,12.6969416126043,5.21739130434783
2022-05-01,One year,UK,9.02527075812274,5.94059405940595,12.4067164179104,4.88656195462479
2022-04-01,One year,UK,8.99182561307902,6.16500453309157,12.312030075188,4.7244094488189
2022-03-01,One year,UK,7.03839122486288,5.72727272727272,9.36613055818353,3.9612676056338
2022-02-01,One year,UK,6.14115490375802,5.2007299270073,8.26210826210827,3.43915343915343
2022-01-01,One year,UK,5.41284403669725,4.37956204379563,7.12927756653992,3.26855123674912
2021-12-01,One year,UK,5.40293040293039,4.26884650317893,6.9128787878788,3.44827586206897
2021-11-01,One year,UK,5.14233241505968,4.00728597449909,6.4516129032258,3.36879432624113
2021-10-01,One year,UK,4.12465627864345,3.45768880800728,4.92424242424243,3.28014184397163
2021-09-01,One year,UK,3.02474793767187,2.91704649042844,3.40909090909092,2.56864481842338
2021-08-01,One year,UK,3.22283609576427,3.21100917431193,3.32699619771863,3.02491103202846
2021-07-01,One year,UK,2.01649862511458,1.82315405651778,2.47619047619047,1.58590308370044
2021-06-01,One year,UK,2.48618784530387,2.28937728937729,2.76190476190477,2.13143872113677
2021-05-01,One year,UK,2.11981566820276,1.92660550458715,2.29007633587787,1.86666666666666
2021-04-01,One year,UK,1.47465437788018,1.28558310376491,1.52671755725192,1.6
2021-03-01,One year,UK,0.736648250460416,1.10294117647059,0,1.51921358355674
2021-02-01,One year,UK,0.460405156537753,0.920810313075507,-0.472589792060492,1.52193375111907
2021-01-01,One year,UK,0.739371534195931,1.48148148148148,-0.189753320683115,1.70709793351303
2020-12-01,One year,UK,0.645161290322583,1.38121546961326,-0.283286118980181,1.43497757847533
2020-11-01,One year,UK,0.368663594470051,1.10497237569061,-0.753295668549903,1.4388489208633
2020-10-01,One year,UK,0.738688827331484,1.38376383763838,0,1.34770889487871
2020-09-01,One year,UK,0.552995391705064,1.29270544783011,-0.377358490566043,1.43755615453729
2020-08-01,One year,UK,0.18450184501844,0.832562442183169,-0.189753320683115,0.626678603401972
2020-07-01,One year,UK,1.11214087117701,1.85701021355617,-0.0951474785918119,2.068345323741
2020-06-01,One year,UK,0.648748841519915,1.48698884758365,-0.4739336492891,1.80831826401447
2020-05-01,One year,UK,0.556070435588503,1.20705663881151,-0.945179584120983,1.99456029011786
2020-04-01,One year,UK,0.836431226765805,1.39664804469274,-0.380228136882135,1.99456029011786
2020-03-01,One year,UK,1.49532710280373,1.58730158730159,0.570884871550912,2.56645279560038
2020-02-01,One year,UK,1.68539325842696,1.59027128157155,0.954198473282443,2.47706422018349
2020-01-01,One year,UK,1.78739416745062,1.59924741298213,1.24879923150818,2.29779411764706
2019-12-01,One year,UK,1.30718954248367,1.30597014925372,0.569800569800578,2.1062271062271
2019-11-01,One year,UK,1.4018691588785,1.68539325842696,0.568181818181826,2.48847926267281
2019-10-01,One year,UK,1.49953139643861,1.78403755868545,0.475737392959087,2.58064516129032
2019-09-01,One year,UK,1.78236397748593,1.69014084507042,1.04861773117254,2.48618784530387
2019-08-01,One year,UK,1.78403755868545,1.50234741784037,1.24879923150818,2.28937728937729
2019-07-01,One year,UK,1.98487712665407,1.98863636363637,1.74249757986447,2.48847926267281
2019-06-01,One year,UK,1.98487712665407,1.79754020813623,1.53994225216554,2.50231696014827
2019-05-01,One year,UK,1.98487712665407,1.69971671388102,1.53550863723608,2.5092936802974
2019-04-01,One year,UK,2.08728652751422,1.80094786729858,1.34874759152216,2.89179104477611
2019-03-01,One year,UK,1.9047619047619,1.90294957183635,1.35004821600771,2.44131455399061
2019-02-01,One year,UK,1.81124880838893,1.90657769304099,1.35396518375241,2.44360902255639
2019-01-01,One year,UK,1.8199233716475,1.91754554170662,1.26459143968871,2.54476908576815
2024-04-01,Six months,UK,1.13636363636364,1.56372165754496,-0.381970970206264,2.72934040940106
2024-03-01,Six months,UK,0.757575757575758,0.941176470588226,0.0761614623000718,1.59817351598173
2024-02-01,Six months,UK,0.761614623000762,0.788022064617809,0.230061349693238,1.29770992366411
2024-01-01,Six months,UK,0.458365164247513,0.315706393054453,0.154202004626073,0.687022900763363
2023-12-01,Six months,UK,0.532319391634972,1.58353127474269,-1.13722517058378,2.54433307633
2023-11-01,Six months,UK,0.304645849200287,1.18953211736717,-1.36157337367624,2.09302325581394
2023-10-01,Six months,UK,1.22699386503067,2.23820943245405,-0.380517503805175,3.046875
2023-09-01,Six months,UK,2.40496508921644,3.23886639676113,0.767459708365311,4.28571428571429
2023-08-01,Six months,UK,2.65832681782643,3.67647058823529,0.850734725444698,4.7162270183853
2023-07-01,Six months,UK,3.56012658227848,4.71074380165289,1.56617071260766,5.81583198707593
2023-06-01,Six months,UK,3.38050314465409,3.43980343980344,3.046875,3.75999999999999
2023-05-01,Six months,UK,3.63062352012629,3.87149917627676,3.36200156372164,4.03225806451613
2023-04-01,Six months,UK,3.32805071315373,3.38842975206611,3.30188679245283,3.39256865912763
2023-03-01,Six months,UK,4.11954765751212,2.74542429284526,5.42071197411005,2.52237591537835
2023-02-01,Six months,UK,3.89926888708368,2.42677824267783,5.37897310513448,1.95599022004889
2023-01-01,Six months,UK,3.18367346938776,2.02360876897134,4.50081833060556,1.55865463494667
2022-12-01,Six months,UK,4.43349753694582,3.29949238578679,5.26315789473685,3.30578512396694
2022-11-01,Six months,UK,4.88410596026491,3.14358538657604,6.14107883817428,3.16139767054908
2022-10-01,Six months,UK,5.16666666666667,3.33048676345005,6.44351464435147,3.42522974101921
2022-09-01,Six months,UK,5.72160546541418,3.35339638865005,6.9204152249135,4.06435224386115
2022-08-01,Six months,UK,6.30397236614853,3.64267129228101,7.63157894736842,4.60358056265985
2022-07-01,Six months,UK,6.61444734551784,3.67132867132866,8.42945874001775,4.27715996578272
2022-06-01,Six months,UK,5.82102519548219,2.9616724738676,7.70593445527014,3.41880341880342
2022-05-01,Six months,UK,5.50218340611353,3.06479859894921,7.39750445632798,3.08747855917668
2022-04-01,Six months,UK,5.63380281690141,2.99032541776604,7.85198555956679,2.74678111587983
2022-03-01,Six months,UK,4.1814946619217,3.01151461470327,5.86080586080585,1.98618307426597
2022-02-01,Six months,UK,3.30062444246209,2.48888888888889,4.87580496780128,1.29533678756477
2022-01-01,Six months,UK,3.2345013477089,2.41718889883617,4.73977695167287,1.38768430182134
2021-12-01,Six months,UK,3.41419586702605,2.775290957923,4.6339202965709,1.73913043478261
2021-11-01,Six months,UK,3.33935018050542,2.7902790279028,4.66417910447761,1.7452006980802801
2021-10-01,Six months,UK,3.17892824704814,3.08250226654579,4.13533834586465,1.92475940507437
2021-09-01,Six months,UK,2.74223034734918,2.63636363636364,3.3112582781457,1.93661971830986
2021-08-01,Six months,UK,2.74977085242896,2.64598540145986,3.22886989553657,2.11640211640211
2021-07-01,Six months,UK,2.11009174311926,1.91605839416059,2.28136882129277,1.85512367491166
2021-06-01,Six months,UK,1.92307692307692,1.45322434150773,2.17803030303031,1.67992926613617
2021-05-01,Six months,UK,1.7447199265381,1.183970856102,1.707779886148,1.59574468085106
2021-04-01,Six months,UK,0.916590284142988,0.363967242948127,0.757575757575768,1.32978723404255
2021-03-01,Six months,UK,0.274977085242907,0.273473108477664,0.0946969696969778,0.620017714791841
2021-02-01,Six months,UK,0.460405156537753,0.550458715596325,0.0950570342205269,0.889679715302491
2021-01-01,Six months,UK,-0.0916590284142936,-0.0911577028258966,0.190476190476193,-0.264317180616738
2020-12-01,Six months,UK,0.552486187845312,0.824175824175816,0.571428571428566,0.44404973357016
2020-11-01,Six months,UK,0.368663594470051,0.733944954128438,0.572519083969474,0.266666666666664
2020-10-01,Six months,UK,0.552995391705064,0.918273645546373,0.763358778625951,0.266666666666664
2020-09-01,Six months,UK,0.460405156537753,0.827205882352946,-0.0946073793755994,0.893655049151028
2020-08-01,Six months,UK,0,0.368324125230208,-0.567107750472584,0.626678603401972
2020-07-01,Six months,UK,0.831792975970417,1.57407407407408,-0.379506641366229,1.97663971248877
2020-06-01,Six months,UK,0.0921658986175063,0.552486187845312,-0.849858356940515,0.986547085201789
2020-05-01,Six months,UK,0,0.368324125230208,-1.31826741996234,1.16906474820144
2020-04-01,Six months,UK,0.184672206832874,0.461254612546125,-0.757575757575755,1.07816711590297
2020-03-01,Six months,UK,0.0921658986175063,0.461680517082179,-0.283018867924526,0.53908355795149
2020-02-01,Six months,UK,0.18450184501844,0.462534690101758,0.379506641366216,0
2020-01-01,Six months,UK,0.278035217794251,0.278551532033424,0.285442435775463,0.0899280575539517
2019-12-01,Six months,UK,0.556070435588503,0.929368029739777,0.379146919431285,0.813743218806515
2019-11-01,Six months,UK,0.556070435588503,0.835654596100271,0.378071833648399,0.815956482320948
2019-10-01,Six months,UK,0.650557620817847,0.931098696461825,0.380228136882121,0.906618313689937
2019-09-01,Six months,UK,1.4018691588785,1.12044817927171,0.856327307326361,2.01649862511458
2019-08-01,Six months,UK,1.49812734082398,1.1225444340505,0.572519083969474,2.47706422018349
2019-07-01,Six months,UK,1.50517403574789,1.3170272812794,0.96061479346782,2.20588235294118
2019-06-01,Six months,UK,0.746965452847816,0.373134328358201,0.189933523266859,1.28205128205127
2019-05-01,Six months,UK,0.841121495327108,0.842696629213489,0.189393939393942,1.6589861751152
2019-04-01,Six months,UK,0.843486410496712,0.845070422535217,0.0951474785918254,1.6589861751152
2019-03-01,Six months,UK,0.37523452157599,0.563380281690136,0.190657769304088,0.460405156537753
2019-02-01,Six months,UK,0.281690140845068,0.375586854460099,0.672430355427476,-0.183150183150186
2019-01-01,Six months,UK,0.472589792060492,0.662878787878791,0.774443368828652,0.276497695852532
2024-04-01,Three months,UK,1.52091254752852,2.20298977183321,0.384911470361817,2.72934040940106
2024-03-01,Three months,UK,0.605143721633897,0.311769290724846,0.766871165644172,0.37593984962406
2024-02-01,Three months,UK,0.455580865603662,0.235109717868347,0.230061349693238,0.759301442672741
2024-01-01,Three months,UK,-0.378787878787879,-0.625488663017992,-0.763941940412529,0
2023-12-01,Three months,UK,0.151515151515143,0.627450980392166,-0.68545316070069,1.21765601217656
2023-11-01,Three months,UK,0.304645849200287,0.551615445232458,0,0.534351145038159
2023-10-01,Three months,UK,0.840336134453777,0.94711917916338,0.925212027756374,0.687022900763363
2023-09-01,Three months,UK,0.380228136882129,0.950118764845608,-0.454890068233506,1.31071703932152
2023-08-01,Three months,UK,0,0.634417129262499,-1.36157337367624,1.55038759689922
2023-07-01,Three months,UK,0.383435582822086,1.27897681854517,-1.29375951293761,2.34375
2023-06-01,Three months,UK,2.01706749418153,2.26720647773279,1.22793553338449,2.93650793650793
2023-05-01,Three months,UK,2.65832681782643,3.02287581699345,2.2428460943542,3.11750599520384
2023-04-01,Three months,UK,3.16455696202532,3.38842975206611,2.8974158183242,3.39256865912763
2023-03-01,Three months,UK,1.33647798742139,1.14660114660115,1.79687500000001,0.8
2023-02-01,Three months,UK,0.94711917916338,0.823723228995058,1.09460516028147,0.887096774193544
2023-01-01,Three months,UK,0.158478605388275,0,0.393081761006289,0
2022-12-01,Three months,UK,2.74636510500808,1.58069883527454,3.55987055016182,1.7087062652563
2022-11-01,Three months,UK,2.92445166531276,1.58995815899582,4.23797881010595,1.05949470252648
2022-10-01,Three months,UK,3.02040816326531,2.02360876897134,4.09165302782324,1.55865463494667
2022-09-01,Three months,UK,1.64203612479475,1.69204737732657,1.64473684210526,1.5702479338843
2022-08-01,Three months,UK,1.90397350993377,1.52931180968564,1.82572614107884,2.07986688851913
2022-07-01,Three months,UK,2.08333333333333,1.28095644748079,2.25941422594142,1.83792815371763
2022-06-01,Three months,UK,4.0136635354398,1.63370593293208,5.19031141868512,2.45554614733277
2022-05-01,Three months,UK,4.31778929188256,2.08152645273201,5.70175438596491,2.47229326513214
2022-04-01,Three months,UK,4.43864229765013,2.36013986013985,6.03371783496007,2.39520958083832
2022-03-01,Three months,UK,1.73761946133797,1.30662020905923,2.39149689991142,0.940170940170935
2022-02-01,Three months,UK,1.1353711790393,0.963222416812604,1.60427807486631,0.600343053173244
2022-01-01,Three months,UK,1.14436619718311,0.615655233069484,1.71480144404333,0.343347639484983
2021-12-01,Three months,UK,2.40213523131672,1.68290522586359,3.38827838827839,1.03626943005182
2021-11-01,Three months,UK,2.14094558429974,1.51111111111111,3.21987120515179,0.690846286701207
2021-10-01,Three months,UK,2.06648697214735,1.7905102954342,2.97397769516729,1.040763226366
2021-09-01,Three months,UK,0.988319856244392,1.07430617726052,1.20481927710843,0.695652173913041
2021-08-01,Three months,UK,1.17328519855595,1.26012601260127,1.39925373134328,1.04712041884817
2021-07-01,Three months,UK,1.08991825613079,1.26926563916592,1.12781954887217,0.874890638670166
2021-06-01,Three months,UK,1.73674588665447,1.54545454545455,2.08136234626301,1.23239436619719
2021-05-01,Three months,UK,1.55820348304308,1.36861313868613,1.80436847103514,1.05820105820105
2021-04-01,Three months,UK,1.0091743119266,0.638686131386864,1.14068441064639,0.971731448763246
2021-03-01,Three months,UK,0.183150183150186,-0.0908265213442274,0.0946969696969778,0.442086648983201
2021-02-01,Three months,UK,0.183654729109264,-0.182149362477234,-0.0948766603415641,0.531914893617029
2021-01-01,Three months,UK,-0.0916590284142936,-0.272975432211111,-0.378787878787871,0.354609929078019
2020-12-01,Three months,UK,0.0916590284143066,0.364630811303547,0,0.177147918511947
2020-11-01,Three months,UK,0.276243093922662,0.733944954128438,0.190114068441067,0.355871886120989
2020-10-01,Three months,UK,0,0.18231540565178,0.571428571428566,-0.616740088105729
2020-09-01,Three months,UK,0.460405156537753,0.457875457875458,0.571428571428566,0.266429840142106
2020-08-01,Three months,UK,0.0921658986175063,0,0.381679389312983,-0.0888888888888838
2020-07-01,Three months,UK,0.552995391705064,0.734618916437096,0.190839694656491,0.888888888888889
2020-06-01,Three months,UK,0,0.367647058823535,-0.662251655629142,0.625558534405709
2020-05-01,Three months,UK,-0.0920810313075454,0.368324125230208,-0.945179584120983,0.716204118173677
2020-04-01,Three months,UK,0.277264325323472,0.833333333333338,-0.569259962049344,1.07816711590297
2020-03-01,Three months,UK,0.0921658986175063,0.184162062615104,-0.188857412653449,0.358744394618839
2020-02-01,Three months,UK,0.0921658986175063,0,-0.376647834274958,0.449640287769784
2020-01-01,Three months,UK,-0.0923361034164306,-0.369003690036906,-0.189393939393929,0
2019-12-01,Three months,UK,0,0.277008310249305,-0.0943396226415041,0.179694519317163
2019-11-01,Three months,UK,0.0922509225092198,0.462534690101758,0.759013282732445,-0.44762757385855
2019-10-01,Three months,UK,0.370713623725664,0.649953574744664,0.475737392959087,0.0899280575539517
2019-09-01,Three months,UK,0.556070435588503,0.650557620817847,0.4739336492891,0.632911392405066
2019-08-01,Three months,UK,0.46339202965709,0.371402042711227,-0.378071833648385,1.26926563916592
2019-07-01,Three months,UK,0.278810408921944,0.279329608938545,-0.0950570342205404,0.815956482320948
2019-06-01,Three months,UK,0.841121495327108,0.466853408029879,0.380589914367275,1.37488542621448
2019-05-01,Three months,UK,1.02996254681649,0.748362956033674,0.954198473282443,1.19266055045871
2019-04-01,Three months,UK,1.22295390404515,1.03480714957668,1.05667627281461,1.37867647058824
2019-03-01,Three months,UK,-0.0933706816059704,-0.0932835820895602,-0.189933523266859,-0.0915750915750994
2019-02-01,Three months,UK,-0.18691588785047,0.0936329588015061,-0.757575757575755,0.460829493087558
2019-01-01,Three months,UK,-0.374882849109659,-0.18779342723005,-0.951474785918173,0.276497695852532
2024-04-01,One month,UK,0.37593984962406,0.932400932400946,-0.76103500761035,1.49812734082397
2024-03-01,One month,UK,0.529100529100521,0.625488663017969,0.535577658760533,0.602863602110031
2024-02-01,One month,UK,0.608365019011415,0.62942564909521,0.615858352578894,0.606520090978001
2024-01-01,One month,UK,-0.529500756429644,-0.935307872174604,-0.383435582822086,-0.827067669172928
2023-12-01,One month,UK,0.379650721336371,0.548589341692803,0,0.987091875474572
2023-11-01,One month,UK,-0.227272727272736,-0.234558248631752,-0.381970970206264,-0.151630022744516
2023-10-01,One month,UK,0,0.313725490196083,-0.304645849200309,0.380517503805175
2023-09-01,One month,UK,0.533130236100524,0.472813238770681,0.690184049079759,0.305343511450386
2023-08-01,One month,UK,0.305576776165016,0.157853196527232,0.539707016191224,0
2023-07-01,One month,UK,-0.456273764258551,0.31670625494854,-1.66793025018955,1.0023130300694
2023-06-01,One month,UK,0.152322924600144,0.158604282315625,-0.226928895612695,0.54263565891472
2023-05-01,One month,UK,0.690184049079759,0.799360511590727,0.608828006088267,0.78125
2023-04-01,One month,UK,1.16369278510473,1.29554655870445,0.844205679201837,1.58730158730159
2023-03-01,One month,UK,0.781860828772478,0.898692810457512,0.773395204949729,0.719424460431659
2023-02-01,One month,UK,1.18670886075949,1.15702479338843,1.25293657008615,1.05008077544426
2023-01-01,One month,UK,-0.628930817610061,-0.900900900900896,-0.234374999999998,-0.960000000000002
2022-12-01,One month,UK,0.394632991318074,0.576606260296531,0.0781860828772434,0.806451612903226
2022-11-01,One month,UK,0.396196513470681,0.330578512396699,0.550314465408807,0.161550888529889
2022-10-01,One month,UK,1.93861066235865,0.665557404326121,2.91262135922331,0.732302685109838
2022-09-01,One month,UK,0.568643379366371,0.585774058577408,0.73349633251833,0.162999185004077
2022-08-01,One month,UK,0.489795918367342,0.758853288364254,0.409165302782324,0.65627563576702
2022-07-01,One month,UK,0.574712643678163,0.338409475465306,0.493421052631586,0.743801652892567
2022-06-01,One month,UK,0.827814569536424,0.424808836023789,0.912863070539415,0.665557404326121
2022-05-01,One month,UK,0.666666666666664,0.512382578992322,0.836820083682008,0.417710944026733
2022-04-01,One month,UK,2.47651579846286,0.68787618228718606,3.37370242214533,1.35478408128705
2022-03-01,One month,UK,1.12262521588946,0.867302688638335,1.40350877192982,0.682011935208864
2022-02-01,One month,UK,0.783289817232368,0.786713286713279,1.15350488021295,0.34217279726261
2022-01-01,One month,UK,-0.173761946133787,-0.348432055749122,-0.17714791851196,-0.0854700854700806
2021-12-01,One month,UK,0.524017467248903,0.525394045534146,0.623885918003568,0.343053173241857
2021-11-01,One month,UK,0.792253521126766,0.439753737906772,1.26353790613719,0.0858369098712397
2021-10-01,One month,UK,1.06761565836298,0.708591674047827,1.46520146520146,0.60449050086356
2021-09-01,One month,UK,0.267618198037477,0.355555555555561,0.459981600735971,0
2021-08-01,One month,UK,0.718778077268641,0.716204118173677,1.02230483271376,0.433651344319167
2021-07-01,One month,UK,0,0,-0.278035217794264,0.260869565217389
2021-06-01,One month,UK,0.451263537906137,0.540054005400548,0.652985074626868,0.349040139616061
2021-05-01,One month,UK,0.63578564940963,0.725294650951947,0.751879699248118,0.262467191601047
2021-04-01,One month,UK,0.639853747714798,0.27272727272727,0.662251655629142,0.616197183098594
2021-03-01,One month,UK,0.274977085242907,0.36496350364964,0.379867046533719,0.1763668430335
2021-02-01,One month,UK,0.0917431192660498,0,0.0950570342205269,0.176678445229684
2021-01-01,One month,UK,-0.183150183150186,-0.454132606721163,-0.378787878787871,0.0884173297966477
2020-12-01,One month,UK,0.275482093663909,0.273224043715844,0.189753320683101,0.265957446808508
2020-11-01,One month,UK,-0.183318056828587,-0.0909918107370414,-0.189393939393929,0
2020-10-01,One month,UK,0,0.18231540565178,0,-0.0885739592559863
2020-09-01,One month,UK,0.460405156537753,0.642201834862388,0.380228136882121,0.444839857651246
2020-08-01,One month,UK,-0.458295142071494,-0.638103919781224,0.190476190476193,-0.969162995594709
2020-07-01,One month,UK,0.460405156537753,0.457875457875458,0,0.799289520426293
2020-06-01,One month,UK,0.0921658986175063,0.183486238532113,0.190839694656491,0.0888888888888838
2020-05-01,One month,UK,0,0.0918273645546321,0,0
2020-04-01,One month,UK,-0.0920810313075454,0.0919117647058902,-0.851466414380327,0.536193029490612
2020-03-01,One month,UK,0,0.184162062615104,-0.0945179584120929,0.179051029543422
2020-02-01,One month,UK,0.369685767097959,0.55555555555555,0.379506641366216,0.359389038634327
2020-01-01,One month,UK,-0.276497695852532,-0.552486187845299,-0.472143531633617,-0.17937219730942
2019-12-01,One month,UK,0,0,-0.282485875706212,0.269784172661868
2019-11-01,One month,UK,0.184672206832874,0.18450184501844,0.568181818181826,-0.0898472596585753
2019-10-01,One month,UK,-0.184331797235026,0.0923361034164437,-0.377358490566043,0
2019-09-01,One month,UK,0.0922509225092198,0.185013876040706,0.56925996204933,-0.358102059086845
2019-08-01,One month,UK,0.46339202965709,0.371402042711227,0.285442435775463,0.449640287769784
2019-07-01,One month,UK,0,0.0929368029739856,-0.379146919431285,0.542495479204348
2019-06-01,One month,UK,0,-0.0928505106778166,-0.283553875236292,0.271985494106978
2019-05-01,One month,UK,0.278810408921944,0.279329608938545,0.570342205323188,0
2019-04-01,One month,UK,0.560747663551396,0.280112044817938,0.0951474785918254,1.09990834097159
2019-03-01,One month,UK,0.187265917602999,0.187090739008408,0.28625954198473,0.0917431192660498
2019-02-01,One month,UK,0.470366886171214,0.564440263405464,0.672430355427476,0.183823529411767
2019-01-01,One month,UK,-0.746965452847803,-0.839552238805975,-1.13960113960114,-0.366300366300371
2024-04-01,One year,Japan,2.47855100095328,2.40847784200385,3.08529945553538,1.70682730923695
2024-03-01,One year,Japan,2.77777777777777,2.80464216634429,3.19634703196347,2.11267605633802
2024-02-01,One year,Japan,2.78578290105668,3.30417881438289,3.29972502291477,2.21774193548387
2024-01-01,One year,Japan,2.19675262655205,3.51219512195121,2.17391304347825,2.22222222222222
2023-12-01,One year,Japan,2.58868648130393,3.62035225048924,2.82331511839709,2.23123732251522
2023-11-01,One year,Japan,2.88739172281039,3.72914622178606,3.29972502291477,2.23350253807107
2023-10-01,One year,Japan,3.28502415458938,4.03940886699507,4.4362292051756,2.13197969543147
2023-09-01,One year,Japan,3.10679611650486,4.25321463897133,4,2.03252032520325
2023-08-01,One year,Japan,3.11587147030185,4.26587301587301,4.20560747663551,2.03458799593082
2023-07-01,One year,Japan,3.32355816226785,4.27860696517413,4.51127819548872,1.93285859613429
2023-06-01,One year,Japan,3.33660451422963,4.19161676646707,4.82497634815515,1.52749490835031
2023-05-01,One year,Japan,3.24483775811209,4.3043043043043,4.64895635673623,1.73469387755102
2023-04-01,One year,Japan,3.4516765285996,4.11233701103309,5.05243088655862,1.63265306122448
2023-03-01,One year,Japan,3.16205533596838,3.81526104417672,4.78468899521531,1.53217568947906
2023-02-01,One year,Japan,3.27380952380952,3.52112676056338,5.10597302504817,1.32788559754852
2023-01-01,One year,Japan,4.28286852589641,3.22255790533736,7.18446601941748,1.22699386503068
2022-12-01,One year,Japan,3.98803589232303,3.0241935483871,7.12195121951219,0.817995910020447
2022-11-01,One year,Japan,3.79620379620381,2.82542885973765,6.75146771037181,0.715746421267897
2022-10-01,One year,Japan,3.81143430290872,2.52525252525253,6.49606299212599,0.818833162743088
2022-09-01,One year,Japan,3,1.81268882175226,5.70304818092428,0.203665987780044
2022-08-01,One year,Japan,3.00902708124373,1.61290322580645,5.73122529644268,0.203873598369014
2022-07-01,One year,Japan,2.60782347041123,1.20845921450151,5.34653465346535,-0.304259634888435
2022-06-01,One year,Japan,2.30923694779118,1.00806451612903,4.86111111111112,-0.203252032520328
2022-05-01,One year,Japan,2.41691842900303,0.80726538849648,5.08474576271187,-0.406504065040656
2022-04-01,One year,Japan,2.42424242424243,0.70707070707071,5.21564694082247,-0.305188199389621
2022-03-01,One year,Japan,1.2,-0.796812749003995,4.91967871485944,-2.58706467661691
2022-02-01,One year,Japan,0.900900900900892,-0.99601593625498,4.53172205438066,-2.58706467661691
2022-01-01,One year,Japan,0.601202404809628,-1.09561752988049,3.83064516129032,-2.78330019880715
2021-12-01,One year,Japan,0.905432595573432,-0.700700700700703,3.43087790111,-1.90571715145437
2021-11-01,One year,Japan,0.603015075376879,-0.701402805611225,3.0241935483871,-1.70854271356784
2021-10-01,One year,Japan,0.100401606425711,-0.801603206412823,2.00803212851406,-1.80904522613065
2021-09-01,One year,Japan,0.200400801603209,-0.501002004008016,1.8018018018018,-1.40562248995983
2021-08-01,One year,Japan,-0.399600399600391,-0.501504513540622,0.496524329692155,-1.4070351758794
2021-07-01,One year,Japan,-0.399600399600391,-0.600600600600609,0.798403193612772,-1.4985014985015
2021-06-01,One year,Japan,-0.4995004995005,-0.899100899100891,0.799999999999997,-1.69830169830169
2021-05-01,One year,Japan,-0.799200799200796,-0.900000000000006,0.299999999999997,-1.79640718562874
2021-04-01,One year,Japan,-1.19760479041916,-1,-0.499001996007984,-1.7982017982018
2021-03-01,One year,Japan,-0.398406374501998,0,-0.697906281156533,-0.0994035785288214
2021-02-01,One year,Japan,-0.49800796812749,0.0997008973080843,-0.898203592814377,-0.0994035785288214
2021-01-01,One year,Japan,-0.696517412935326,0,-1.29353233830845,0
2020-12-01,One year,Japan,-1.09452736318407,-0.398803589232295,-1.39303482587065,-0.79601990049751
2020-11-01,One year,Japan,-0.896414342629488,-0.399201596806393,-0.998003992015968,-0.995024875621891
2020-10-01,One year,Japan,-0.598802395209589,-0.299700299700297,-0.300300300300312,-0.797607178464603
2020-09-01,One year,Japan,-0.200000000000003,-0.100100100100109,0.402010050251262,-0.895522388059707
2020-08-01,One year,Japan,0.0999999999999943,-0.200200200200203,1.20603015075377,-1.09343936381709
2020-07-01,One year,Japan,0.200200200200189,0.30120481927712,0.804828973843056,-0.298804780876505
2020-06-01,One year,Japan,0.200200200200189,0.401203610832489,0.603621730382288,-0.398009950248762
2020-05-01,One year,Japan,0.200200200200189,0.401606425702817,0.603621730382288,-0.298507462686564
2020-04-01,One year,Japan,0.200000000000003,0.30090270812437,0.906344410876139,-0.497017892644135
2020-03-01,One year,Japan,0.601202404809628,0.803212851405634,1.10887096774193,0.0995024875621834
2020-02-01,One year,Japan,0.601202404809628,0.702811244979923,1.21212121212122,0
2020-01-01,One year,Japan,0.802407221664992,0.904522613065332,1.51515151515152,0.0995024875621834
2019-12-01,One year,Japan,0.802407221664992,0.905432595573432,1.61779575328614,0.0996015936254923
2019-11-01,One year,Japan,0.500500500500501,0.804828973843056,0.906344410876139,0.0996015936254923
2019-10-01,One year,Japan,0.200000000000003,0.704225352112665,0.402010050251262,0
2019-09-01,One year,Japan,0.200400801603209,0.604229607250764,0.100603621730377,0.299401197604788
2019-08-01,One year,Japan,0.200400801603209,0.604229607250764,0.302419354838707,0.299102691924224
2019-07-01,One year,Japan,0.503018108651911,0.504540867810293,0.709219858156031,0.199600798403196
2019-06-01,One year,Japan,0.705645161290325,0.60544904137236,1.01626016260163,0.299401197604788
2019-05-01,One year,Japan,0.705645161290325,0.504540867810293,1.22199592668025,0.299401197604788
2019-04-01,One year,Japan,0.908173562058533,0.60544904137236,1.22324159021407,0.4995004995005
2019-03-01,One year,Japan,0.402414486921521,0.403225806451604,0.608519269776885,0.299401197604788
2019-02-01,One year,Japan,0.200803212851408,0.403225806451604,-0.201612903225809,0.399201596806379
2019-01-01,One year,Japan,0.100401606425711,0.40363269424824,-0.201612903225809,0.5
2024-04-01,Six months,Japan,0.561272217025252,0.662878787878791,0.530973451327429,0.695825049701792
2024-03-01,Six months,Japan,1.03578154425612,0.853889943073996,1.07334525939177,1.09561752988047
2024-02-01,Six months,Japan,1.03871576959395,1.14176974310181,1.0762331838565,1.09670987038884
2024-01-01,Six months,Japan,1.22989593188268,1.24045801526717,1.4388489208633,0.998003992015968
2023-12-01,Six months,Japan,1.61443494776828,1.4367816091954,1.89530685920578,1.10330992978936
2023-11-01,Six months,Japan,1.80952380952382,1.43953934740883,2.17588395285585,1.00300902708124
2023-10-01,Six months,Japan,1.90657769304099,1.73410404624277,2.54083484573502,1.00401606425703
2023-09-01,Six months,Japan,1.72413793103448,1.93423597678917,2.10045662100456,1.00603621730382
2023-08-01,Six months,Japan,1.72910662824209,2.13799805636539,2.19981668194318,1.10887096774193
2023-07-01,Six months,Japan,0.955109837631328,2.24390243902439,0.724637681159418,1.21212121212122
2023-06-01,Six months,Japan,0.958772770853308,2.15264187866928,0.910746812386157,1.11561866125762
2023-05-01,Six months,Japan,1.05871029836381,2.25711481844946,1.09990834097159,1.21827411167513
2023-04-01,Six months,Japan,1.35265700483092,2.26600985221675,1.84842883548983,1.11675126903553
2023-03-01,Six months,Japan,1.35922330097088,2.27497527200792,1.86046511627907,1.01626016260163
2023-02-01,Six months,Japan,1.36319376825705,2.08333333333334,1.9626168224299,0.915564598168877
2023-01-01,Six months,Japan,2.34604105571848,1.99004975124378,3.7593984962406,0.712105798575791
2022-12-01,Six months,Japan,2.35525024533856,1.99600798403194,3.87890255439924,0.407331975560073
2022-11-01,Six months,Japan,2.16322517207473,2.002002002002,3.51043643263756,0.510204081632653
2022-10-01,Six months,Japan,2.07100591715976,1.80541624874624,3.14585319351763,0.510204081632653
2022-09-01,Six months,Japan,1.77865612648221,1.50602409638554,2.87081339712919,0.510725229826353
2022-08-01,Six months,Japan,1.88492063492064,1.40845070422534,3.08285163776494,0.408580183861074
2022-07-01,Six months,Japan,1.89243027888445,1.20845921450151,3.30097087378641,0.511247443762781
2022-06-01,Six months,Japan,1.59521435692922,1.00806451612903,3.1219512195122,0.408997955010231
2022-05-01,Six months,Japan,1.59840159840161,0.80726538849648,3.13111545988259,0.204498977505115
2022-04-01,Six months,Japan,1.70511534603812,0.70707070707071,3.248031496063,0.307062436028656
2022-03-01,Six months,Japan,1.2,0.302114803625375,2.75319567354965,-0.305498981670058
2022-02-01,Six months,Japan,1.10330992978936,0.201612903225809,2.5691699604743,-0.203873598369
2022-01-01,Six months,Japan,0.702106318956873,0,1.98019801980198,-0.811359026369166
2021-12-01,Six months,Japan,0.702811244979923,0,1.68650793650794,-0.609756097560984
2021-11-01,Six months,Japan,0.805639476334338,0,1.89431704885345,-0.609756097560984
2021-10-01,Six months,Japan,0.70707070707071,0,1.90571715145435,-0.610376398779241
2021-09-01,Six months,Japan,0,-1.09561752988049,2.10843373493977,-2.28855721393035
2021-08-01,Six months,Japan,-0.200200200200203,-1.19521912350598,1.91339375629406,-2.38805970149254
2021-07-01,Six months,Japan,-0.100200400801598,-1.09561752988049,1.81451612903226,-1.98807157057654
2021-06-01,Six months,Japan,0.201207243460753,-0.700700700700703,1.715438950555,-1.30391173520561
2021-05-01,Six months,Japan,-0.201005025125631,-0.701402805611225,1.10887096774193,-1.10552763819095
2021-04-01,Six months,Japan,-0.602409638554211,-0.801603206412823,0.100401606425711,-1.20603015075377
2021-03-01,Six months,Japan,0.200400801603209,0.601202404809628,-0.300300300300312,0.903614457831331
2021-02-01,Six months,Japan,-0.199800199800188,0.702106318956873,-1.39026812313804,1.00502512562814
2021-01-01,Six months,Japan,-0.299700299700297,0.500500500500501,-0.998003992015968,0.4995004995005
2020-12-01,Six months,Japan,-0.699300699300688,-0.199800199800188,-0.900000000000006,-0.399600399600391
2020-11-01,Six months,Japan,-0.599400599400594,-0.200000000000003,-0.799999999999997,-0.69860279441118
2020-10-01,Six months,Japan,-0.598802395209589,-0.200000000000003,-0.598802395209589,-0.599400599400594
2020-09-01,Six months,Japan,-0.597609561752997,-0.597609561752997,-0.398803589232295,-0.99403578528827
2020-08-01,Six months,Japan,-0.298804780876505,-0.598205383848449,0.499001996007984,-1.09343936381709
2020-07-01,Six months,Japan,-0.398009950248762,-0.49800796812749,-0.298507462686564,-0.497017892644135
2020-06-01,Six months,Japan,-0.398009950248762,-0.199401794616154,-0.497512437810945,-0.398009950248762
2020-05-01,Six months,Japan,-0.298804780876505,-0.199600798403196,-0.199600798403196,-0.298507462686564
2020-04-01,Six months,Japan,0,-0.0999000999000942,0.300300300300297,-0.199401794616154
2020-03-01,Six months,Japan,0.400000000000006,0.500500500500501,0.80402010050251,0.0995024875621834
2020-02-01,Six months,Japan,0.400000000000006,0.400400400400392,0.703517587939701,0
2020-01-01,Six months,Japan,0.600600600600595,0.803212851405634,1.1066398390342,0.199203187250985
2019-12-01,Six months,Japan,0.600600600600595,0.601805416248741,1.1066398390342,0
2019-11-01,Six months,Japan,0.500500500500501,0.602409638554225,0.804828973843056,0
2019-10-01,Six months,Japan,0.200000000000003,0.401203610832489,0.604229607250764,-0.298210735586478
2019-09-01,Six months,Japan,0.200400801603209,0.30120481927712,0.302419354838707,0
2019-08-01,Six months,Japan,0.200400801603209,0.30120481927712,0.505050505050505,0
2019-07-01,Six months,Japan,0.200601805416252,0.100502512562808,0.40404040404041,-0.0995024875621834
2019-06-01,Six months,Japan,0.200601805416252,0.301810865191144,0.505561172901921,0.0996015936254923
2019-05-01,Six months,Japan,0,0.201207243460753,0.100704934541801,0.0996015936254923
2019-04-01,Six months,Japan,0,0.301810865191144,-0.201005025125631,0.299102691924224
2019-03-01,Six months,Japan,0,0.302114803625375,-0.201207243460767,0.299401197604788
2019-02-01,Six months,Japan,0,0.302114803625375,-0.201612903225809,0.299102691924224
2019-01-01,Six months,Japan,0.301810865191144,0.40363269424824,0.303951367781152,0.299401197604788
2024-04-01,Three months,Japan,0.467289719626168,0.188501413760606,0.709219858156026,0.0988142292490062
2024-03-01,Three months,Japan,0.280373831775698,0.377714825306885,0.0885739592559737,0.694444444444447
2024-02-01,Three months,Japan,0.0935453695042042,0.567644276253542,0,0.69513406156902
2024-01-01,Three months,Japan,0.0935453695042042,0.473484848484849,-0.17699115044248,0.596421471172971
2023-12-01,Three months,Japan,0.753295668549903,0.47438330170778,0.983899821109131,0.398406374501984
2023-11-01,Three months,Japan,0.944287063267233,0.570884871550912,1.0762331838565,0.398803589232309
2023-10-01,Three months,Japan,1.1352885525071,0.763358778625951,1.61870503597122,0.399201596806379
2023-09-01,Three months,Japan,0.85470085470086,0.957854406130268,0.902527075812274,0.702106318956873
2023-08-01,Three months,Japan,0.857142857142863,0.863723608445289,1.08794197642793,0.601805416248741
2023-07-01,Three months,Japan,0.762631077216394,0.963391136801542,0.907441016333938,0.602409638554225
2023-06-01,Three months,Japan,0.862068965517233,0.967117988394584,1.18721461187214,0.301810865191144
2023-05-01,Three months,Japan,0.864553314121043,1.26336248785228,1.09990834097159,0.504032258064516
2023-04-01,Three months,Japan,0.191021967526268,1.26829268292683,-0.181159420289858,0.6060606060606
2023-03-01,Three months,Japan,0.095877277085339,1.17416829745597,-0.273224043715844,0.81135902636918
2023-02-01,Three months,Japan,0.192492781520682,0.98135426889107,0,0.71065989847716
2023-01-01,Three months,Japan,1.15942028985508,0.985221674876847,2.03327171903882,0.50761421319797
2022-12-01,Three months,Japan,1.26213592233009,1.08803165182988,2.13953488372093,0.203252032520314
2022-11-01,Three months,Japan,1.1684518013632,1.09126984126985,1.9626168224299,0.203458799593085
2022-10-01,Three months,Japan,1.17302052785924,0.995024875621891,1.69172932330827,0.203458799593085
2022-09-01,Three months,Japan,1.07948969578017,0.898203592814363,1.70293282876064,0.203665987780044
2022-08-01,Three months,Japan,0.983284169124877,0.900900900900892,1.51802656546489,0.306122448979589
2022-07-01,Three months,Japan,0.887573964497033,0.802407221664992,1.42993326978074,0.306122448979589
2022-06-01,Three months,Japan,0.691699604743086,0.602409638554225,1.14832535885168,0.306435137895809
2022-05-01,Three months,Japan,0.892857142857149,0.503018108651911,1.54142581888247,0.102145045965265
2022-04-01,Three months,Japan,0.99601593625498,0.402819738167176,1.84466019417476,0.204498977505115
2022-03-01,Three months,Japan,0.897308075772688,0.403225806451604,1.95121951219512,0.102249488752565
2022-02-01,Three months,Japan,0.699300699300702,0.302724520686187,1.56555772994129,0.102249488752565
2022-01-01,Three months,Japan,0.702106318956873,0.3030303030303,1.37795275590552,0.102354145342881
2021-12-01,Three months,Japan,0.299999999999997,-0.100704934541787,0.786627335299899,-0.407331975560087
2021-11-01,Three months,Japan,0.401203610832489,-0.100806451612912,0.988142292490119,-0.305810397553514
2021-10-01,Three months,Japan,0,-0.302114803625375,0.594059405940588,-0.912778904665306
2021-09-01,Three months,Japan,0.401606425702817,0.100806451612898,0.892857142857149,-0.203252032520328
2021-08-01,Three months,Japan,0.402819738167176,0.100908173562067,0.897308075772688,-0.304878048780499
2021-07-01,Three months,Japan,0.70707070707071,0.3030303030303,1.30391173520561,0.305188199389621
2021-06-01,Three months,Japan,-0.400000000000006,-1.19521912350598,1.20481927710844,-2.08955223880596
2021-05-01,Three months,Japan,-0.600600600600609,-1.29482071713149,1.00704934541793,-2.08955223880596
2021-04-01,Three months,Japan,-0.801603206412823,-1.39442231075698,0.504032258064516,-2.28628230616302
2021-03-01,Three months,Japan,0.603621730382288,0.500500500500501,0.504540867810293,0.802407221664992
2021-02-01,Three months,Japan,0.402010050251262,0.601202404809628,0.100806451612898,1.00502512562814
2021-01-01,Three months,Japan,0.200803212851408,0.601202404809628,-0.401606425702803,1.10552763819095
2020-12-01,Three months,Japan,-0.400801603206404,0.100200400801612,-0.800800800800812,0.100401606425711
2020-11-01,Three months,Japan,-0.599400599400594,0.100300902708119,-1.48957298907646,0
2020-10-01,Three months,Japan,-0.4995004995005,-0.100100100100109,-0.598802395209589,-0.599400599400594
2020-09-01,Three months,Japan,-0.299700299700297,-0.299700299700297,-0.0999999999999943,-0.4995004995005
2020-08-01,Three months,Japan,0,-0.299999999999997,0.700000000000003,-0.69860279441118
2020-07-01,Three months,Japan,-0.0998003992016053,-0.0999999999999943,0,0
2020-06-01,Three months,Japan,-0.298804780876505,-0.298804780876505,-0.299102691924224,-0.497017892644135
2020-05-01,Three months,Japan,-0.298804780876505,-0.299102691924224,-0.199600798403196,-0.3976143141153
2020-04-01,Three months,Japan,-0.298507462686564,-0.398406374501998,-0.298507462686564,-0.497017892644135
2020-03-01,Three months,Japan,-0.0995024875621834,0.0997008973080843,-0.199004975124381,0.0995024875621834
2020-02-01,Three months,Japan,0,0.0998003992015911,0,0.0995024875621834
2020-01-01,Three months,Japan,0.299401197604788,0.299700299700311,0.600600600600595,0.299102691924224
2019-12-01,Three months,Japan,0.5,0.400400400400392,1.00502512562814,0
2019-11-01,Three months,Japan,0.400000000000006,0.300300300300297,0.703517587939701,-0.0994035785288214
2019-10-01,Three months,Japan,0.300300300300297,0.502008032128514,0.503018108651911,-0.0996015936255065
2019-09-01,Three months,Japan,0.100100100100094,0.200601805416252,0.100603621730377,0
2019-08-01,Three months,Japan,0.100100100100094,0.30120481927712,0.100603621730377,0.0995024875621834
2019-07-01,Three months,Japan,-0.0999999999999943,-0.100300902708133,0.100704934541801,-0.198807157057643
2019-06-01,Three months,Japan,0.100200400801612,0.100401606425711,0.201612903225809,0
2019-05-01,Three months,Japan,0.100200400801612,0,0.40404040404041,-0.0994035785288214
2019-04-01,Three months,Japan,0.30090270812437,0.201005025125631,0.3030303030303,0.0995024875621834
2019-03-01,Three months,Japan,0.100300902708119,0.201207243460753,0.30333670374115,0.0996015936254923
2019-02-01,Three months,Japan,-0.100100100100109,0.201207243460753,-0.302114803625375,0.199203187250985
2019-01-01,Three months,Japan,-0.299999999999997,0.100603621730377,-0.50251256281407,0.199401794616154
2024-04-01,One month,Japan,0.186393289841568,0,0.530973451327429,-0.197044334975372
2024-03-01,One month,Japan,0.280373831775698,0,0.266193433895295,0.0986193293885545
2024-02-01,One month,Japan,0,0.188501413760606,-0.0886524822694985,0.197628458498027
2024-01-01,One month,Japan,0,0.188857412653436,-0.0885739592559863,0.396825396825402
2023-12-01,One month,Japan,0.0935453695042042,0.189214758751185,0.177462289263534,0.0993048659384253
2023-11-01,One month,Japan,0,0.0946969696969778,-0.265486725663714,0.0994035785288355
2023-10-01,One month,Japan,0.65913370998117,0.189753320683101,1.07334525939177,0.199203187250985
2023-09-01,One month,Japan,0.283286118980167,0.285442435775463,0.269058295964123,0.0997008973080843
2023-08-01,One month,Japan,0.189214758751185,0.28625954198473,0.269784172661868,0.0998003992015911
2023-07-01,One month,Japan,0.379867046533719,0.383141762452099,0.361010830324915,0.501504513540622
2023-06-01,One month,Japan,0.285714285714283,0.191938579654513,0.453309156844968,0
2023-05-01,One month,Japan,0.0953288846520441,0.385356454720622,0.0907441016333887,0.100401606425711
2023-04-01,One month,Japan,0.478927203065134,0.386847195357825,0.639269406392697,0.201207243460753
2023-03-01,One month,Japan,0.288184438040357,0.485908649173955,0.3666361136572,0.201612903225809
2023-02-01,One month,Japan,-0.573065902578805,0.39024390243903,-1.17753623188407,0.202020202020205
2023-01-01,One month,Japan,0.383509108341329,0.293542074363989,0.546448087431702,0.40567951318459
2022-12-01,One month,Japan,0.384985563041378,0.294406280667318,0.641613198900094,0.101522842639588
2022-11-01,One month,Japan,0.386473429951696,0.394088669950745,0.831792975970417,0
2022-10-01,One month,Japan,0.485436893203883,0.395647873392686,0.651162790697677,0.101626016260157
2022-09-01,One month,Japan,0.292112950340796,0.297619047619045,0.467289719626168,0.10172939979655
2022-08-01,One month,Japan,0.391006842619751,0.298507462686564,0.563909774436085,0
2022-07-01,One month,Japan,0.39254170755642,0.299401197604788,0.662251655629142,0.101832993890015
2022-06-01,One month,Japan,0.196656833824978,0.300300300300297,0.284629981024665,0.204081632653064
2022-05-01,One month,Japan,0.295857988165678,0.200601805416252,0.476644423260248,0
2022-04-01,One month,Japan,0.197628458498027,0.100401606425711,0.38277511961723,0.102145045965265
2022-03-01,One month,Japan,0.396825396825402,0.201207243460753,0.674373795761082,0
2022-02-01,One month,Japan,0.398406374501984,0.100704934541801,0.776699029126211,0.102249488752565
2022-01-01,One month,Japan,0.0997008973080843,0.100806451612898,0.48780487804878,0
2021-12-01,One month,Japan,0.199800199800203,0.100908173562067,0.293542074363989,0
2021-11-01,One month,Japan,0.401203610832489,0.101010101010095,0.590551181102371,0.102354145342881
2021-10-01,One month,Japan,-0.299999999999997,-0.302114803625375,-0.0983284169124961,-0.509164969450102
2021-09-01,One month,Japan,0.30090270812437,0.100806451612898,0.494071146245059,0.101936799184514
2021-08-01,One month,Japan,0,-0.100704934541787,0.198019801980201,-0.50709939148073
2021-07-01,One month,Japan,0.100401606425711,0.100806451612898,0.198412698412701,0.203252032520314
2021-06-01,One month,Japan,0.302114803625375,0.100908173562067,0.498504486540379,0
2021-05-01,One month,Japan,0.3030303030303,0.101010101010095,0.601805416248741,0.10172939979655
2021-04-01,One month,Japan,-1,-1.39442231075698,0.100401606425711,-2.18905472636816
2021-03-01,One month,Japan,0.100100100100094,0,0.302114803625375,0
2021-02-01,One month,Japan,0.100200400801612,0,0.100806451612898,-0.0994035785288214
2021-01-01,One month,Japan,0.402414486921521,0.500500500500501,0.100908173562067,0.902708124373111
2020-12-01,One month,Japan,-0.100502512562808,0.100200400801612,-0.100806451612912,0.201005025125631
2020-11-01,One month,Japan,-0.100401606425697,0,-0.401606425702803,0
2020-10-01,One month,Japan,-0.200400801603209,0,-0.300300300300312,-0.100401606425697
2020-09-01,One month,Japan,-0.299700299700297,0.100300902708119,-0.794438927507445,0.100502512562808
2020-08-01,One month,Japan,0,-0.200200200200203,0.499001996007984,-0.599400599400594
2020-07-01,One month,Japan,0,-0.199800199800188,0.200000000000003,0
2020-06-01,One month,Japan,0,0.0999999999999943,0,-0.0998003992016053
2020-05-01,One month,Japan,-0.0998003992016053,0,-0.199600798403196,0.0999000999001084
2020-04-01,One month,Japan,-0.199203187250999,-0.398406374501998,-0.0997008973080701,-0.497017892644135
2020-03-01,One month,Japan,0,0.0997008973080843,0.0998003992015911,0
2020-02-01,One month,Japan,-0.0995024875621834,-0.0996015936255065,-0.298507462686564,0
2020-01-01,One month,Japan,0,0.0997008973080843,0,0.0995024875621834
2019-12-01,One month,Japan,0.0996015936254923,0.0998003992015911,0.299401197604788,0
2019-11-01,One month,Japan,0.199600798403196,0.0999000999001084,0.300300300300297,0.199401794616154
2019-10-01,One month,Japan,0.200000000000003,0.200200200200189,0.402010050251262,-0.199004975124381
2019-09-01,One month,Japan,0,0,0,-0.0994035785288214
2019-08-01,One month,Japan,0.100100100100094,0.30120481927712,0.100603621730377,0.199203187250985
2019-07-01,One month,Japan,0,-0.100300902708133,0,-0.0995024875621834
2019-06-01,One month,Japan,0,0.100401606425711,0,0
2019-05-01,One month,Japan,-0.0999999999999943,-0.100300902708133,0.100704934541801,-0.0994035785288214
2019-04-01,One month,Japan,0.200400801603209,0.100401606425711,0.100806451612898,0.0995024875621834
2019-03-01,One month,Japan,0,0,0.202020202020205,-0.0994035785288214
2019-02-01,One month,Japan,0.100300902708119,0.100502512562808,0,0.0995024875621834
2019-01-01,One month,Japan,0,0.100603621730377,0.101112234580378,0.0996015936254923
