date,Date,Macro Mood (daily),Macro Mood,n_articles
2025-08-30,2025-08-30,-0.02033882545908401,NA,43
2025-08-29,2025-08-29,-0.03939401248309676,NA,129
2025-08-28,2025-08-28,-0.06052337953895979,NA,100
2025-08-27,2025-08-27,-0.05076680791498985,NA,93
2025-08-26,2025-08-26,-0.08608593581377212,NA,76
2025-08-25,2025-08-25,-0.05910807861993127,NA,72
2025-08-24,2025-08-24,-0.0534060043852578,-0.05280329203072737,34
2025-08-23,2025-08-23,-0.03822723994945299,-0.05535877981506579,43
2025-08-22,2025-08-22,-0.04306363624728977,-0.05588301178137907,109
2025-08-21,2025-08-21,-0.0308929193769017,-0.05165008890108507,95
2025-08-20,2025-08-20,-0.04827833071604327,-0.05129459215837841,91
2025-08-19,2025-08-19,-0.03420559115385706,-0.04388311434981912,86
2025-08-18,2025-08-18,-0.02189907403233414,-0.03856754226587667,163
2025-08-17,2025-08-17,-0.07684537665623936,-0.04191602401887404,29
2025-08-16,2025-08-16,-0.0294968530262255,-0.0406688258869844,59
2025-08-15,2025-08-15,-0.02938952361653001,-0.03871538122544728,155
2025-08-14,2025-08-14,-0.02748286391964272,-0.03822823044583886,93
2025-08-13,2025-08-13,-0.03868446934608828,-0.03685767882155959,113
2025-08-12,2025-08-12,-0.0472478394078612,-0.03872085714356017,87
2025-08-11,2025-08-11,-0.04894322684217715,-0.04258430754496632,97
2025-08-10,2025-08-10,-0.05228186861787155,-0.03907523496805663,31
2025-08-09,2025-08-09,-0.04315230537035704,-0.04102601387436113,42
2025-08-08,2025-08-08,-0.05078805836942227,-0.0440829474104886,121
2025-08-07,2025-08-07,-0.04430575084711274,-0.04648621697155575,139
2025-08-06,2025-08-06,-0.06356073518627187,-0.05003996923443912,102
2025-08-05,2025-08-05,-0.07924472214686856,-0.05461095248286874,86
2025-08-04,2025-08-04,-0.0557748361877735,-0.05558689667509679,94
2025-08-03,2025-08-03,-0.0738263394128951,-0.05866467821724301,37
2025-08-02,2025-08-02,-0.03055202905212775,-0.05686463874321025,46
2025-08-01,2025-08-01,-0.05212324605444437,-0.05705537984107056,157
2025-07-31,2025-07-31,-0.04040749421913539,-0.05649848603707379,134
2025-07-30,2025-07-30,-0.01629868406996495,-0.04974676444902994,137
2025-07-29,2025-07-29,-0.03335917401528983,-0.04319168614451869,100
2025-07-28,2025-07-28,-0.05300641034795698,-0.04279619673883063,142
2025-07-27,2025-07-27,-0.08046638657261798,-0.04374477490450531,42
2025-07-26,2025-07-26,-0.0286328031529184,-0.04347059977604684,40
2025-07-25,2025-07-25,-0.04410571956826591,-0.04232523884944991,124
2025-07-24,2025-07-24,-0.0537254196309907,-0.0442277996225721,119
2025-07-23,2025-07-23,-0.05689621125343246,-0.05002744636306747,100
2025-07-22,2025-07-22,-0.05238531942425143,-0.05274546713577627,101
2025-07-21,2025-07-21,-0.07669321750135648,-0.05612929672911905,94
2025-07-20,2025-07-20,-0.07597210321852056,-0.05548725624996227,39
2025-07-19,2025-07-19,-0.0216975709311436,-0.05449650878970873,41
2025-07-18,2025-07-18,-0.03727359804350837,-0.05352049142902909,123
2025-07-17,2025-07-17,-0.06805457893568542,-0.05556751418684263,101
2025-07-16,2025-07-16,-0.0381609425670136,-0.05289104723163993,107
2025-07-15,2025-07-15,-0.00780704860343235,-0.04652272282866577,155
2025-07-14,2025-07-14,-0.04627472040892039,-0.04217722324403205,98
2025-07-13,2025-07-13,-0.05306685311724993,-0.03890504465813625,43
2025-07-12,2025-07-12,-0.03668041631888565,-0.04104545114209939,41
2025-07-11,2025-07-11,-0.04598611044876159,-0.04229009577142128,116
2025-07-10,2025-07-10,-0.05042069973450747,-0.03977097017125301,120
2025-07-09,2025-07-09,-0.06643851322770762,-0.04381062312278071,139
2025-07-08,2025-07-08,-0.04636712072270809,-0.04931920485410582,134
2025-07-07,2025-07-07,-0.04474729405728334,-0.04910100108958624,97
2025-07-06,2025-07-06,-0.08416812072202172,-0.05354403931883935,46
2025-07-05,2025-07-05,-0.02623195638528019,-0.05205140218546715,50
2025-07-04,2025-07-04,-0.04826337607341865,-0.05237672584613244,110
2025-07-03,2025-07-03,-0.04150653933776159,-0.05110327436088303,104
2025-07-02,2025-07-02,-0.06962066336963008,-0.05155786723830052,106
2025-07-01,2025-07-01,-0.05793320761887714,-0.05321016536632467,95
2025-06-30,2025-06-30,-0.06605575324957798,-0.05625423096522391,100
2025-06-29,2025-06-29,-0.08927757801106352,-0.05698415343508702,48
2025-06-28,2025-06-28,-0.02868900723169547,-0.05733516069886063,55
2025-06-27,2025-06-27,-0.05764382579962826,-0.05867522494546201,114
2025-06-26,2025-06-26,-0.08701208709175429,-0.06517601748174669,104
2025-06-25,2025-06-25,-0.02273314198382944,-0.05847780014091802,175
2025-06-24,2025-06-24,-0.05515286334296883,-0.05808060810150254,149
2025-06-23,2025-06-23,-0.04144640015970578,-0.0545649862315208,202
2025-06-22,2025-06-22,-0.03747169789351928,-0.04716414621472877,146
2025-06-21,2025-06-21,-0.02413055323876759,-0.04651293850145334,48
2025-06-20,2025-06-20,-0.03788794148497841,-0.04369066931364623,169
2025-06-19,2025-06-19,-0.05995574914652733,-0.03982547817861381,98
2025-06-18,2025-06-18,-0.05353226702223923,-0.04422535318410092,117
2025-06-17,2025-06-17,-0.0524343613763558,-0.04383699576029905,121
2025-06-16,2025-06-16,-0.05875274987599731,-0.046309331434055,101
2025-06-15,2025-06-15,-0.06793262629474119,-0.05066089263422956,51
2025-06-14,2025-06-14,-0.03392442436752033,-0.05206001708119423,67
2025-06-13,2025-06-13,-0.05125043823040128,-0.05396894518768321,107
2025-06-12,2025-06-12,-0.05528339611837061,-0.05330146618366083,109
2025-06-11,2025-06-11,-0.045055291228371,-0.05209046964167965,110
2025-06-10,2025-06-10,-0.05340892859772381,-0.05222969353044651,105
2025-06-09,2025-06-09,-0.04759954180142917,-0.05063637809122249,101
2025-06-08,2025-06-08,-0.06818768538608701,-0.05067281510427189,49
2025-06-07,2025-06-07,-0.03718537441764691,-0.05113866511143283,59
2025-06-06,2025-06-06,-0.05177516924860617,-0.0512136266854621,109
2025-06-05,2025-06-05,-0.07913835979536198,-0.05462147863931799,108
2025-06-04,2025-06-04,-0.06377722089870297,-0.05729604002079401,107
2025-06-03,2025-06-03,-0.07085392846633788,-0.05978818285916743,98
2025-06-02,2025-06-02,-0.05285531476725866,-0.06053900756857165,101
2025-06-01,2025-06-01,-0.06072324344041662,-0.05947265871919018,61
2025-05-31,2025-05-31,-0.02922174222025423,-0.05833499697670551,58
2025-05-30,2025-05-30,-0.04853178970317192,-0.05787165704164347,112
2025-05-29,2025-05-29,-0.08283157355527654,-0.05839925900734555,88
2025-05-28,2025-05-28,-0.05771521237755384,-0.05753325779003853,108
2025-05-27,2025-05-27,-0.05167337679037286,-0.05479317897918639,95
2025-05-26,2025-05-26,-0.0443578781027468,-0.05357925945568469,83
2025-05-25,2025-05-25,-0.06195106590586014,-0.05375466266503376,44
2025-05-24,2025-05-24,-0.02961628710180725,-0.05381102621954133,57
2025-05-23,2025-05-23,-0.04642967855041764,-0.05351072462629073,124
2025-05-22,2025-05-22,-0.08035293870652672,-0.05315663393361218,112
2025-05-21,2025-05-21,-0.05402019680887376,-0.05262877456665788,122
2025-05-20,2025-05-20,-0.07482816202004025,-0.05593660102803894,69
2025-05-19,2025-05-19,-0.05803103361731174,-0.05788990895869107,92
2025-05-18,2025-05-18,-0.04952184482445174,-0.0561143059470613,48
2025-05-17,2025-05-17,-0.02253584140002644,-0.05510281370394975,63
2025-05-16,2025-05-16,-0.04961363174303646,-0.05555766416003816,128
2025-05-15,2025-05-15,-0.05352594076909678,-0.05172523588326246,112
2025-05-14,2025-05-14,-0.04891407020847795,-0.05099578922606306,105
2025-05-13,2025-05-13,-0.06037626944019211,-0.04893123314322761,107
2025-05-12,2025-05-12,-0.04095802465813036,-0.04649223186334455,101
2025-05-11,2025-05-11,-0.0590922229204413,-0.0478594287342002,44
2025-05-10,2025-05-10,-0.02693720751008196,-0.04848819532135099,63
2025-05-09,2025-05-09,-0.02815352326606607,-0.04542246553892665,121
2025-05-08,2025-05-08,-0.05215964141307196,-0.04522727991663738,103
2025-05-07,2025-05-07,-0.06093847172576341,-0.04694505156196388,105
2025-05-06,2025-05-06,-0.07762565710932183,-0.04940924980041099,88
2025-05-05,2025-05-05,-0.0649529717263828,-0.0528370993815899,86
2025-05-04,2025-05-04,-0.06251541313134404,-0.053326126554576,45
2025-05-03,2025-05-03,-0.02965513625021103,-0.05371440208888016,65
2025-05-02,2025-05-02,-0.0430259997137965,-0.05583904158141307,129
2025-05-01,2025-05-01,-0.04837563623440627,-0.05529846941303227,107
2025-04-30,2025-04-30,-0.03760724446115202,-0.05196543694665922,114
2025-04-29,2025-04-29,-0.09044255282292342,-0.0537964220486023,104
2025-04-28,2025-04-28,-0.05103639887187829,-0.05180834021224451,85
2025-04-27,2025-04-27,-0.08553402258621243,-0.05509671299151142,55
2025-04-26,2025-04-26,-0.04534227217489391,-0.05733773240932326,62
2025-04-25,2025-04-25,-0.03108807855077551,-0.05563231510032027,126
2025-04-24,2025-04-24,-0.06717006872854767,-0.05831723402805474,113
2025-04-23,2025-04-23,-0.0652468720678069,-0.06226575225757687,105
2025-04-22,2025-04-22,-0.07637135331606128,-0.06025558089945371,88
2025-04-21,2025-04-21,-0.05449282978735362,-0.06074935674452161,71
2025-04-20,2025-04-20,-0.095504735295702,-0.06217374427444869,42
2025-04-19,2025-04-19,-0.02210731221329748,-0.05885446427993492,45
2025-04-18,2025-04-18,-0.05922940948248161,-0.06287465441303579,72
2025-04-17,2025-04-17,-0.06747496543612858,-0.06291821108554736,101
2025-04-16,2025-04-16,-0.0958821249590121,-0.06729467578429095,94
2025-04-15,2025-04-15,-0.09393374940619308,-0.06980358951145264,92
2025-04-14,2025-04-14,-0.07205852019949828,-0.07231297385604474,100
2025-04-13,2025-04-13,-0.09580246520439642,-0.07235550670014394,47
2025-04-12,2025-04-12,-0.03977083862316261,-0.07487886761583895,52
2025-04-11,2025-04-11,-0.06919440503573564,-0.07630243840916096,108
2025-04-10,2025-04-10,-0.10565452497724176,-0.08175666120074855,102
2025-04-09,2025-04-09,-0.10347327180489647,-0.08284111075016061,121
2025-04-08,2025-04-08,-0.10822847400752653,-0.08488321426463682,107
2025-04-07,2025-04-07,-0.097678551990758,-0.08854321880624534,109
2025-04-06,2025-04-06,-0.10117445382191673,-0.08931064575160537,50
2025-04-05,2025-04-05,-0.0499911526707063,-0.0907706906155402,49
2025-04-04,2025-04-04,-0.0833309492603822,-0.09279019693334684,109
2025-04-03,2025-04-03,-0.1378200165937894,-0.09738526716428222,87
2025-04-02,2025-04-02,-0.06362070363193742,-0.0916920431395738,80
2025-04-01,2025-04-01,-0.04455551305931502,-0.08259590586125787,111
2025-03-31,2025-03-31,-0.075381601087733,-0.07941062716082573,119
2025-03-30,2025-03-30,-0.07133868673463031,-0.07514837471978479,46
2025-03-29,2025-03-29,-0.03449818932894411,-0.07293509424239021,61
2025-03-28,2025-03-28,-0.04644129892584824,-0.06766514419459965,115
2025-03-27,2025-03-27,-0.06321984901596635,-0.05700797739776778,115
2025-03-26,2025-03-26,-0.08792955459311128,-0.0604806703922212,121
2025-03-25,2025-03-25,-0.06764719182632291,-0.06377948164465089,98
2025-03-24,2025-03-24,-0.04711867342662942,-0.05974192055020751,101
2025-03-23,2025-03-23,-0.07532034495067672,-0.06031072886678557,47
2025-03-22,2025-03-22,-0.02695338395137348,-0.05923289952713262,56
2025-03-21,2025-03-21,-0.07146210724054947,-0.0628073007149471,132
2025-03-20,2025-03-20,-0.05876443137914999,-0.06217081248111617,121
2025-03-19,2025-03-19,-0.0564798845034889,-0.05767800246831297,118
2025-03-18,2025-03-18,-0.0579871932958443,-0.0562980026782446,109
2025-03-17,2025-03-17,-0.07379927323115607,-0.06010951693603413,91
2025-03-16,2025-03-16,-0.06708542904129226,-0.05893310037755063,61
2025-03-15,2025-03-15,-0.04099580829890425,-0.06093916099862646,41
2025-03-14,2025-03-14,-0.0459939341328475,-0.05730085055466904,138
2025-03-13,2025-03-13,-0.05243472297811488,-0.05639660649737831,108
2025-03-12,2025-03-12,-0.06231413547928948,-0.05723007092249268,127
2025-03-11,2025-03-11,-0.06268967584426637,-0.05790185414369583,102
2025-03-10,2025-03-10,-0.07909606094176502,-0.05865853810235426,111
2025-03-09,2025-03-09,-0.08250245010002834,-0.06086096968217369,54
2025-03-08,2025-03-08,-0.02833503767544343,-0.05905228816453643,48
2025-03-07,2025-03-07,-0.0365143366989687,-0.0576980599596966,144
2025-03-06,2025-03-06,-0.08206059497688073,-0.06193032738809172,100
2025-03-05,2025-03-05,-0.06557996941298028,-0.06239687509290469,44
2025-03-04,2025-03-04,-0.04662936179919975,-0.06010254451503803,16
2025-02-28,2025-02-28,-0.05227296994447972,-0.0543936300914279,34
2025-02-27,2025-02-27,-0.03355414164611711,-0.04746413675846167,52
2025-02-26,2025-02-26,-0.05168841505190292,-0.04547962899259347,47
2025-02-25,2025-02-25,-0.07031980353916482,-0.04886397781258849,33
2025-02-24,2025-02-24,-0.07490661403610258,-0.05039502777128123,45
2025-02-23,2025-02-23,-0.04131391494054339,-0.04953997934288716,17
2025-02-22,2025-02-22,-0.0271103613328124,-0.050166602927303267,36
2025-02-21,2025-02-21,-0.0642266748115039,-0.05187427505116387,123
2025-02-20,2025-02-20,-0.06358155649602308,-0.05616390574400759,98
2025-02-19,2025-02-19,-0.04602664127037027,-0.05535508091807435,104
2025-02-18,2025-02-18,-0.0417081345509391,-0.05126769963404209,101
2025-02-17,2025-02-17,-0.05164126264720246,-0.04794407800705637,97
2025-02-16,2025-02-16,-0.04810188491997488,-0.04891378800411802,50
2025-02-15,2025-02-15,-0.04034553900007216,-0.05080452767086941,49
2025-02-14,2025-02-14,-0.05056264154771142,-0.04885252291889905,117
2025-02-13,2025-02-13,-0.04274137423999967,-0.04587535402518142,110
2025-02-12,2025-02-12,-0.03835365615510231,-0.04477921329442885,113
2025-02-11,2025-02-11,-0.0651492795663334,-0.04812794829662804,105
2025-02-10,2025-02-10,-0.06311469443756335,-0.04976700998096532,98
2025-02-09,2025-02-09,-0.05950220872114584,-0.05139562766684687,48
2025-02-08,2025-02-08,-0.02597118465768774,-0.04934214847507767,43
2025-02-07,2025-02-07,-0.05973548027660842,-0.05065255400777725,127
2025-02-06,2025-02-06,-0.0670887558248617,-0.05413075137704326,111
2025-02-05,2025-02-05,-0.05276056196494839,-0.05618888077844984,107
2025-02-04,2025-02-04,-0.05603332996127373,-0.05488660226344132,101
2025-02-03,2025-02-03,-0.08816409926315144,-0.05846508866709675,95
2025-02-02,2025-02-02,-0.07338602983442503,-0.06044849168327949,46
2025-02-01,2025-02-01,-0.03223687276306362,-0.06134358998404747,51
2025-01-31,2025-01-31,-0.03658477440026536,-0.05803634628742704,120
2025-01-30,2025-01-30,-0.05474383423469765,-0.05627278606026074,113
2025-01-29,2025-01-29,-0.04056676228959799,-0.05453081467806784,76
2025-01-28,2025-01-28,-0.04055130176291979,-0.05231909636401727,99
2025-01-27,2025-01-27,-0.07872099861485009,-0.05097008198568851,100
2025-01-26,2025-01-26,-0.0851881387169826,-0.05265609754033958,39
2025-01-25,2025-01-25,-0.02911361039225004,-0.05220991720165193,54
2025-01-24,2025-01-24,-0.04548337015101354,-0.05348114516604452,140
2025-01-23,2025-01-23,-0.0432482450219078,-0.05183891813564597,111
2025-01-22,2025-01-22,-0.04650405304983435,-0.05268710252996545,119
2025-01-21,2025-01-21,-0.05200895562566103,-0.05432391022464278,88
2025-01-20,2025-01-20,-0.05862596072676342,-0.05145319052634468,94
2025-01-19,2025-01-19,-0.05713298625750508,-0.04744531160356218,45
2025-01-18,2025-01-18,-0.0126142525879559,-0.04508826048866302,37
2025-01-17,2025-01-17,-0.02504462960000481,-0.04216844040994749,120
2025-01-16,2025-01-16,-0.0311105101011639,-0.04043447827841264,120
2025-01-15,2025-01-15,-0.04518301300159698,-0.04024575827152159,95
2025-01-14,2025-01-14,-0.04816258397330183,-0.03969627660689884,103
2025-01-13,2025-01-13,-0.0663084631108956,-0.04079377694748915,106
2025-01-12,2025-01-12,-0.04316861283656953,-0.03879886645878407,54
2025-01-11,2025-01-11,-0.02764004940246349,-0.04094540886085659,38
2025-01-10,2025-01-10,-0.05005432793617202,-0.04451822290888047,132
2025-01-09,2025-01-09,-0.05360242123014886,-0.04773135307016404,119
2025-01-08,2025-01-08,-0.05283631662134923,-0.04882468215870007,99
2025-01-07,2025-01-07,-0.05523200023593412,-0.04983459876764755,89
2025-01-06,2025-01-06,-0.05183223990700988,-0.04776656688137816,85
2025-01-05,2025-01-05,-0.04070801604241091,-0.04741505305364122,53
2025-01-04,2025-01-04,-0.03837146919248692,-0.04894811302364457,32
2025-01-03,2025-01-03,-0.05115892817064743,-0.04910591305714106,93
2025-01-02,2025-01-02,-0.03874714545638477,-0.04698373080374619,86
2025-01-01,2025-01-01,-0.00951166754821561,-0.04079449522186995,39
2024-12-31,2024-12-31,-0.03606463403953578,-0.0380563000509559,52
2024-12-30,2024-12-30,-0.0390435541939492,-0.03622934494909009,69
2024-12-29,2024-12-29,-0.05439998458876226,-0.03818534045571171,35
2024-12-28,2024-12-28,-0.03982939549903963,-0.0383936156423621,22
2024-12-27,2024-12-27,-0.02626248373782492,-0.03483698072338746,67
2024-12-26,2024-12-26,-0.02801175380168403,-0.03330335334414449,48
2024-12-25,2024-12-25,-0.053743536016898,-0.03962219169681341,24
2024-12-24,2024-12-24,-0.07159866027460807,-0.04469848115896659,50
2024-12-23,2024-12-23,-0.04742691884473734,-0.04589610468050775,76
2024-12-22,2024-12-22,-0.06380376476507091,-0.04723950184855184,36
2024-12-21,2024-12-21,-0.011873734558652,-0.04324583599992504,44
2024-12-20,2024-12-20,-0.04318035902549883,-0.0456626753267356,123
2024-12-19,2024-12-19,-0.05997232702027343,-0.0502284715008198,100
2024-12-18,2024-12-18,-0.04963923528716817,-0.0496421428251441,92
2024-12-17,2024-12-17,-0.04486704769984041,-0.04582334102874873,103
2024-12-16,2024-12-16,-0.08326059877238279,-0.0509424381612695,97
2024-12-15,2024-12-15,-0.0627826545757524,-0.05079656527708114,49
2024-12-14,2024-12-14,-0.04473998892135691,-0.05549174447175328,42
2024-12-13,2024-12-13,-0.0524564529223391,-0.05681690074273046,128
2024-12-12,2024-12-12,-0.04650839753566124,-0.05489348224492872,111
2024-12-11,2024-12-11,-0.0417308994999345,-0.05376371998960962,112
2024-12-10,2024-12-10,-0.04656323365691444,-0.05400603226919163,117
2024-12-09,2024-12-09,-0.04641114014242272,-0.04874182389348304,110
2024-12-08,2024-12-08,-0.05422098313949154,-0.0475187279740172,47
2024-12-07,2024-12-07,-0.01922186133396224,-0.04387328117581797,40
2024-12-06,2024-12-06,-0.03195740818569658,-0.04094484621344047,117
2024-12-05,2024-12-05,-0.05603590431847186,-0.04230591861098484,109
2024-12-04,2024-12-04,-0.06602535850447795,-0.0457765556116339,127
2024-12-03,2024-12-03,-0.05336138319227086,-0.04674771983097053,103
2024-12-02,2024-12-02,-0.04367448926298203,-0.04635676970533615,107
2024-12-01,2024-12-01,-0.04100990020640453,-0.04446947214346658,60
2024-11-30,2024-11-30,-0.02275910814604198,-0.04497479311662083,48
2024-11-29,2024-11-29,-0.04851127995989124,-0.04733963194150577,113
2024-11-28,2024-11-28,-0.05601826388290092,-0.04733711187928136,112
2024-11-27,2024-11-27,-0.04600162303199288,-0.04447657824035491,110
2024-11-26,2024-11-26,-0.08500965321045804,-0.04899775967152452,107
2024-11-25,2024-11-25,-0.0506536569073466,-0.04999478362071946,118
2024-11-24,2024-11-24,-0.06765012051263931,-0.053800529378753,44
2024-11-23,2024-11-23,-0.03675489675707297,-0.05579992775175742,54
2024-11-22,2024-11-22,-0.04740498525086566,-0.05564188565046806,130
2024-11-21,2024-11-21,-0.06239691088263131,-0.05655312093614383,108
2024-11-20,2024-11-20,-0.02952412729418627,-0.05419919297360003,122
2024-11-19,2024-11-19,-0.05422504780002691,-0.0498013922006813,114
2024-11-18,2024-11-18,-0.05223774373418061,-0.05002769031880044,93
2024-11-17,2024-11-17,-0.06597867488441003,-0.04978891237191054,47
2024-11-16,2024-11-16,-0.04025505561881508,-0.05028893506644512,49
2024-11-15,2024-11-15,-0.02791432426880347,-0.04750455492615053,136
2024-11-14,2024-11-14,-0.05946344684606176,-0.04708548863521202,117
2024-11-13,2024-11-13,-0.02642835023242204,-0.0466432347692457,119
2024-11-12,2024-11-12,-0.01748906209491731,-0.0413952368113729,92
2024-11-11,2024-11-11,-0.06681451521474054,-0.04347763273716717,113
2024-11-10,2024-11-10,-0.03593081253932419,-0.03918508097358348,45
2024-11-09,2024-11-09,-0.0445883153812567,-0.03980411808250372,42
2024-11-08,2024-11-08,-0.03883969224055635,-0.04136488493561127,138
2024-11-07,2024-11-07,-0.05780449363213513,-0.04112789161933603,125
2024-11-06,2024-11-06,-0.02954600118125123,-0.04157327032631164,97
2024-11-05,2024-11-05,-0.06516056607720329,-0.04838348518092392,110
2024-11-04,2024-11-04,-0.05621291409356332,-0.04686897073504145,93
2024-11-03,2024-11-03,-0.0789926642044887,-0.05302066383006495,40
2024-11-02,2024-11-02,-0.01720469942310761,-0.04910871869318651,48
2024-11-01,2024-11-01,-0.05797636893610125,-0.05184252964969293,110
2024-10-31,2024-10-31,-0.04940728696504017,-0.05064292869725079,108
2024-10-30,2024-10-30,-0.04806304310864404,-0.05328822040116406,136
2024-10-29,2024-10-29,-0.04269355675500944,-0.05007864764085065,106
2024-10-28,2024-10-28,-0.07064489793964084,-0.05214035961886172,91
2024-10-27,2024-10-27,-0.08146415826258295,-0.05249343019858947,58
2024-10-26,2024-10-26,-0.05834244146853581,-0.05837025049079351,35
2024-10-25,2024-10-25,-0.0419530475252156,-0.05608120457495269,123
2024-10-24,2024-10-24,-0.04487616421185951,-0.05543390132449832,135
2024-10-23,2024-10-23,-0.05699136718809244,-0.05670937619299094,114
2024-10-22,2024-10-22,-0.03816277750403298,-0.05606212201428002,99
2024-10-21,2024-10-21,-0.03125756590224617,-0.05043536029465221,105
2024-10-20,2024-10-20,-0.05671426050305818,-0.04689966061472011,46
2024-10-19,2024-10-19,-0.03700761214126857,-0.04385182785368192,30
2024-10-18,2024-10-18,-0.03783540583466214,-0.04326359332646,113
2024-10-17,2024-10-17,-0.05558694479914811,-0.0447937048389298,113
2024-10-16,2024-10-16,-0.03665115449957761,-0.04188796016914196,101
2024-10-15,2024-10-15,-0.06960148474986483,-0.04637920406140366,116
2024-10-14,2024-10-14,-0.04873046656433145,-0.04887533272741583,97
2024-10-13,2024-10-13,-0.0528469401615349,-0.04832285839291252,67
2024-10-12,2024-10-12,-0.0238305516167563,-0.04644042117512505,43
2024-10-11,2024-10-11,-0.04868385923844419,-0.0479902002328082,112
2024-10-10,2024-10-10,-0.06039024794582025,-0.04867638639661851,117
2024-10-09,2024-10-09,-0.05819746572883975,-0.05175443085794167,108
2024-10-08,2024-10-08,-0.05273960243247,-0.04934559052688526,103
2024-10-07,2024-10-07,-0.03022434489141626,-0.04670185885932595,103
2024-10-06,2024-10-06,-0.04596240529611994,-0.04571835387855239,47
2024-10-05,2024-10-05,-0.01742710782521412,-0.04480357619404637,45
2024-10-04,2024-10-04,-0.03293315522365374,-0.04255347562050487,132
2024-10-03,2024-10-03,-0.05146732480231014,-0.04127877231428913,97
2024-10-02,2024-10-02,-0.04077429462091925,-0.03878974787030049,108
2024-10-01,2024-10-01,-0.0531875942364883,-0.03885374669944597,92
2024-09-30,2024-09-30,-0.04410581328187484,-0.04083681361236862,106
2024-09-29,2024-09-29,-0.0681853609435024,-0.04401152156199468,44
2024-09-28,2024-09-28,-0.01621453604170011,-0.04383829702149268,50
2024-09-27,2024-09-27,-0.03160392473233617,-0.04364840695130446,124
2024-09-26,2024-09-26,-0.0489024379974456,-0.04328199455060953,109
2024-09-25,2024-09-25,-0.0512486431356999,-0.04477833005272104,110
2024-09-24,2024-09-24,-0.04624755436502938,-0.04378689578536977,91
2024-09-23,2024-09-23,-0.05899905115833602,-0.0459145011962928,103
2024-09-22,2024-09-22,-0.08184311766751914,-0.04786560929972375,40
2024-09-21,2024-09-21,-0.0180582054280854,-0.04812899064063595,48
2024-09-20,2024-09-20,-0.03939411547479683,-0.04924187503241604,137
2024-09-19,2024-09-19,-0.05389904369538953,-0.04995567584640803,97
2024-09-18,2024-09-18,-0.03643838665427753,-0.04783992492049054,101
2024-09-17,2024-09-17,-0.06004006110150648,-0.04981028302570156,98
2024-09-16,2024-09-16,-0.04411049439392494,-0.04768334634507142,107
2024-09-15,2024-09-15,-0.05798922683933331,-0.04427564765533057,43
2024-09-14,2024-09-14,-0.04505523452813368,-0.04813236609819461,40
2024-09-13,2024-09-13,-0.04077639963798675,-0.04832983526436461,147
2024-09-12,2024-09-12,-0.05947610863429962,-0.04912655882706605,120
2024-09-11,2024-09-11,-0.06366071695042104,-0.05301546315508655,105
2024-09-10,2024-09-10,-0.07058716880914924,-0.05452219282760694,99
2024-09-09,2024-09-09,-0.0688722563666312,-0.05805958739513641,100
2024-09-08,2024-09-08,-0.04466510771157471,-0.0561561418054566,67
2024-09-07,2024-09-07,-0.02625934265377007,-0.05347101439483322,49
2024-09-06,2024-09-06,-0.04084766206957359,-0.05348119474220279,132
2024-09-05,2024-09-05,-0.06173273202459202,-0.05380356951224455,115
2024-09-04,2024-09-04,-0.08409060580745764,-0.05672212506324977,117
2024-09-03,2024-09-03,-0.07773682306750446,-0.05774350424301481,90
2024-09-02,2024-09-02,-0.05680096742041671,-0.0560190343935556,100
2024-09-01,2024-09-01,-0.05790068255899935,-0.05790983080033054,42
2024-08-31,2024-08-31,-0.00823396000184286,-0.05533477613576951,38
2024-08-30,2024-08-30,-0.03923883991577137,-0.05510494439951206,111
2024-08-29,2024-08-29,-0.05816097412277789,-0.05459469327068146,109
2024-08-28,2024-08-28,-0.03989632498298508,-0.0482812245814711,111
2024-08-27,2024-08-27,-0.06820114320701758,-0.04691898460140155,81
2024-08-26,2024-08-26,-0.05211233249089486,-0.04624917961146985,86
2024-08-25,2024-08-25,-0.04008128882296336,-0.04370355193489328,39
2024-08-24,2024-08-24,-0.01211757371971198,-0.04425835389458887,36
2024-08-23,2024-08-23,-0.03391149327007245,-0.04349730437377474,117
2024-08-22,2024-08-22,-0.03513755659412732,-0.04020824472682466,93
2024-08-21,2024-08-21,-0.04316187686291226,-0.04067475213824283,95
2024-08-20,2024-08-20,-0.05262356817219935,-0.03844938427612594,75
2024-08-19,2024-08-19,-0.03854665371889616,-0.03651143016584041,96
2024-08-18,2024-08-18,-0.04954530691468546,-0.03786343275037214,37
2024-08-17,2024-08-17,-0.04130472979790264,-0.04203302647582795,32
2024-08-16,2024-08-16,-0.01898095114402673,-0.03990009188639284,113
2024-08-15,2024-08-15,-0.03603114742598545,-0.04002774771951543,96
2024-08-14,2024-08-14,-0.02937908227245429,-0.03805877706373573,107
2024-08-13,2024-08-13,-0.04574371880752517,-0.03707594144021085,70
2024-08-12,2024-08-12,-0.05394051877934162,-0.03927506502027449,85
2024-08-11,2024-08-11,-0.06235637366295838,-0.0411052174128849,39
2024-08-10,2024-08-10,-0.02983976237261848,-0.03946736492355859,30
2024-08-09,2024-08-09,-0.05184895769841689,-0.04416279443132861,114
2024-08-08,2024-08-08,-0.0368491474147132,-0.04427965157257543,91
2024-08-07,2024-08-07,-0.04899977936192994,-0.04708260829964338,103
2024-08-06,2024-08-06,-0.04701883738849045,-0.04726476809692414,80
2024-08-05,2024-08-05,-0.05740467949215355,-0.04775964819875441,107
2024-08-04,2024-08-04,-0.04745763313899667,-0.04563125669533131,30
2024-08-03,2024-08-03,0.00301128316933658,-0.04093825018933773,41
2024-08-02,2024-08-02,-0.03626639019130413,-0.03871216911689305,110
2024-08-01,2024-08-01,-0.02988115802032598,-0.03771674206055202,106
2024-07-31,2024-07-31,-0.01969700294446666,-0.03353063114377155,105
2024-07-30,2024-07-30,-0.0400746711658931,-0.03253860739768622,104
2024-07-29,2024-07-29,-0.05616288066320663,-0.03236120756497952,103
2024-07-28,2024-07-28,-0.04610541898375601,-0.03216803411423084,46
2024-07-27,2024-07-27,-0.02980538644273339,-0.03685612977309799,33
2024-07-26,2024-07-26,-0.03121222813802139,-0.03613410662262902,126
2024-07-25,2024-07-25,-0.05486234680154735,-0.03970284787708922,118
2024-07-24,2024-07-24,-0.04632300098285788,-0.04350656188257368,109
2024-07-23,2024-07-23,-0.0349890961668368,-0.04278005116842278,98
2024-07-22,2024-07-22,-0.05334210605823961,-0.04237708336771322,104
2024-07-21,2024-07-21,-0.0659393754196352,-0.04521050571569594,57
2024-07-20,2024-07-20,-0.03607010370819383,-0.04610546532504744,38
2024-07-19,2024-07-19,-0.03069702214634238,-0.04603186446909329,117
2024-07-18,2024-07-18,-0.04300328398626213,-0.04433771263833826,100
2024-07-17,2024-07-17,-0.03071513128951225,-0.04210801696786032,118
2024-07-16,2024-07-16,-0.04782203351613909,-0.04394129373204636,91
2024-07-15,2024-07-15,-0.04349022459282633,-0.04253388209413018,94
2024-07-14,2024-07-14,-0.05807240211342376,-0.0414100287646714,46
2024-07-13,2024-07-13,-0.0278815486048894,-0.04024023517848506,46
2024-07-12,2024-07-12,-0.03112323516764445,-0.04030112275295677,115
2024-07-11,2024-07-11,-0.04963584242493365,-0.04124863110133842,111
2024-07-10,2024-07-10,-0.05233548467574428,-0.04433725301365728,116
2024-07-09,2024-07-09,-0.04097906567114819,-0.04335968617865858,91
2024-07-08,2024-07-08,-0.04929526799155234,-0.04418897809276229,110
2024-07-07,2024-07-07,-0.05538368396987139,-0.04380487550082625,44
2024-07-06,2024-07-06,-0.02515974782039593,-0.04341604681732718,44
2024-07-05,2024-07-05,-0.01263592013917551,-0.04077500181326019,120
2024-07-04,2024-07-04,-0.04959764348377717,-0.0407695448216664,97
2024-07-03,2024-07-03,-0.04646335671695021,-0.03993066939898154,91
2024-07-02,2024-07-02,-0.04080274386445801,-0.03990548056945436,106
2024-07-01,2024-07-01,-0.06312070836178515,-0.04188054347948763,102
2024-06-30,2024-06-30,-0.04006221927764786,-0.03969176280916998,53
2024-06-29,2024-06-29,-0.03847727716252806,-0.04159426700090313,42
2024-06-28,2024-06-28,-0.04275390149576608,-0.04589683576613036,126
2024-06-27,2024-06-27,-0.05642590248010702,-0.04687230133703463,118
2024-06-26,2024-06-26,-0.06065820319097893,-0.04890013654761016,117
2024-06-25,2024-06-25,-0.06729969073369191,-0.05268541467178643,94
2024-06-24,2024-06-24,-0.05920933536836135,-0.05212664710129731,105
2024-06-23,2024-06-23,-0.06291367302816074,-0.05539114049422773,40
2024-06-22,2024-06-22,-0.03879358621294399,-0.05543632750143001,42
2024-06-21,2024-06-21,-0.04710825147281503,-0.05605837749815128,136
2024-06-20,2024-06-20,-0.040873121602352853,-0.05383655165847212,109
2024-06-19,2024-06-19,-0.05663770381221303,-0.0532621946043627,105
2024-06-18,2024-06-18,-0.05329003647857688,-0.05126081542506056,102
2024-06-17,2024-06-17,-0.06329719352301298,-0.05184479516143936,99
2024-06-16,2024-06-16,-0.02803886674966589,-0.04686267997879723,65
2024-06-15,2024-06-15,-0.03066805250127952,-0.04570188944855946,39
2024-06-14,2024-06-14,-0.0385941122860162,-0.04448558385044533,127
2024-06-13,2024-06-13,-0.05638152494024898,-0.04670107004157336,121
2024-06-12,2024-06-12,-0.04997821246417842,-0.04574971413471127,105
2024-06-11,2024-06-11,-0.04870204336469797,-0.04509428654701428,116
2024-06-10,2024-06-10,-0.04889816447562264,-0.04303728239738708,90
2024-06-09,2024-06-09,-0.06811124057673734,-0.04876190722982587,45
2024-06-08,2024-06-08,-0.0278807959692714,-0.04836372772525328,53
2024-06-07,2024-06-07,-0.03040298049338911,-0.04719356604059227,129
2024-06-06,2024-06-06,-0.04019256601037906,-0.04488085762203942,112
2024-06-05,2024-06-05,-0.05087424489632581,-0.04500886225520333,96
2024-06-04,2024-06-04,-0.07812493253676288,-0.04921213213692689,88
2024-06-03,2024-06-03,-0.03829000175204915,-0.04769668031927353,107
2024-06-02,2024-06-02,-0.07018899310877252,-0.04799350210956428,53
2024-06-01,2024-06-01,-0.02445941612359365,-0.04750473356018175,35
2024-05-31,2024-05-31,-0.03442594029711333,-0.04807944210357091,128
2024-05-30,2024-05-30,-0.0578658052371025,-0.05060419056453141,127
2024-05-29,2024-05-29,-0.04463730407798389,-0.04971319901905399,112
2024-05-28,2024-05-28,-0.06161497001459441,-0.0473546329444585,98
2024-05-27,2024-05-27,-0.03641552202921538,-0.04708685012691081,80
2024-05-26,2024-05-26,-0.05997723059165886,-0.04562802691018029,45
2024-05-25,2024-05-25,-0.04725073654087975,-0.04888392982693544,33
2024-05-24,2024-05-24,-0.0354463829175577,-0.04902970734414179,122
2024-05-23,2024-05-23,-0.05502912085062459,-0.04862446671750208,126
2024-05-22,2024-05-22,-0.04862865451093,-0.04919465963649439,131
2024-05-21,2024-05-21,-0.05291834532773659,-0.04795228468122898,113
2024-05-20,2024-05-20,-0.05512019697339253,-0.05062438110182572,116
2024-05-19,2024-05-19,-0.04727147121502403,-0.04880927261944932,56
2024-05-18,2024-05-18,-0.03946790828913789,-0.04769744001205762,38
2024-05-17,2024-05-17,-0.04053445822663679,-0.04842430791335463,141
2024-05-16,2024-05-16,-0.04532970885025974,-0.04703867762758822,121
2024-05-15,2024-05-15,-0.04908813938056387,-0.0471043183232502,120
2024-05-14,2024-05-14,-0.04686433534444974,-0.04623945975420922,100
2024-05-13,2024-05-13,-0.0458252020839776,-0.04491160334143567,109
2024-05-12,2024-05-12,-0.0448582200651433,-0.04456685317716698,46
2024-05-11,2024-05-11,-0.02417963751624215,-0.04238281449532475,43
2024-05-10,2024-05-10,-0.00909434925528296,-0.03789137035655991,126
2024-05-09,2024-05-09,-0.02094697803074407,-0.0344081230966291,108
2024-05-08,2024-05-08,-0.04408217556989835,-0.03369298540939117,115
2024-05-07,2024-05-07,-0.02708325262428679,-0.03086711644936788,97
2024-05-06,2024-05-06,-0.05886602938840361,-0.0327300917785716,95
2024-05-05,2024-05-05,-0.06288653926424109,-0.03530556594987129,42
2024-05-04,2024-05-04,-0.02878136312211863,-0.03596295532213935,44
2024-05-03,2024-05-03,-0.03664084247283385,-0.03989816863893235,125
2024-05-02,2024-05-02,-0.05899649895212008,-0.0453338144848432,118
2024-05-01,2024-05-01,-0.0374218982957318,-0.0443823463028194,106
2024-04-30,2024-04-30,-0.04336208598887161,-0.04670789392633152,114
2024-04-29,2024-04-29,-0.04715238133361474,-0.04503451563279026,109
2024-04-28,2024-04-28,-0.0646714417027838,-0.04528950169543921,63
2024-04-27,2024-04-27,-0.05500499643294465,-0.04903573502555721,44
2024-04-26,2024-04-26,-0.03501675807231711,-0.04880372296834053,135
2024-04-25,2024-04-25,-0.04172884640734636,-0.04633691546194429,120
2024-04-24,2024-04-24,-0.0358306209525053,-0.04610959012719765,120
2024-04-23,2024-04-23,-0.02453445910036295,-0.04341992914312499,103
2024-04-22,2024-04-22,-0.03446043121423999,-0.04160679341178574,118
2024-04-21,2024-04-21,-0.01648330439919171,-0.03472277379698687,54
2024-04-20,2024-04-20,-0.04040222847361267,-0.03263666408851087,45
2024-04-19,2024-04-19,-0.06075616000937245,-0.0363137215080902,120
2024-04-18,2024-04-18,-0.06851818405070874,-0.04014076974285626,116
2024-04-17,2024-04-17,-0.05621195355844176,-0.04305238868656146,119
2024-04-16,2024-04-16,-0.0664367778179032,-0.04903843421763865,109
2024-04-15,2024-04-15,-0.03841768143285997,-0.0496037556774415,96
2024-04-14,2024-04-14,-0.0710250708561064,-0.05739543659985789,47
2024-04-13,2024-04-13,-0.02726539515367461,-0.05551874612558102,57
2024-04-12,2024-04-12,-0.03906680514343726,-0.05242026685901885,131
2024-04-11,2024-04-11,-0.04466603001150966,-0.04901281628199041,111
2024-04-10,2024-04-10,-0.05523603131103052,-0.04887339881807451,111
2024-04-09,2024-04-09,-0.03747374624433119,-0.0447358228789928,104
2024-04-08,2024-04-08,-0.02650258871550969,-0.0430336667765142,104
2024-04-07,2024-04-07,-0.08492477701410836,-0.04501933908480018,38
2024-04-06,2024-04-06,-0.00878677184111571,-0.04237953575443463,28
2024-04-05,2024-04-05,-0.02741613623896761,-0.04071515448236754,118
2024-04-04,2024-04-04,-0.05344053548920936,-0.04196865526489606,110
2024-04-03,2024-04-03,-0.03100979994157579,-0.03850776506925968,109
2024-04-02,2024-04-02,-0.03211424173740331,-0.03774212156826998,89
2024-04-01,2024-04-01,-0.0516067696437961,-0.04132843312945374,72
2024-03-31,2024-03-31,-0.02685956814464235,-0.03303340329095861,39
2024-03-30,2024-03-30,-0.0193573929022921,-0.03454349201398381,37
2024-03-29,2024-03-29,-0.04141796144750952,-0.03654375275806122,78
2024-03-28,2024-03-28,-0.03258950412939738,-0.03356503399237379,104
2024-03-27,2024-03-27,-0.05663305563631325,-0.037225499091622,106
2024-03-26,2024-03-26,-0.05525938354551309,-0.04053194792135196,107
2024-03-25,2024-03-25,-0.03664885640621222,-0.03839510317312571,119
2024-03-24,2024-03-24,-0.04580543182271528,-0.04110165512713613,37
2024-03-23,2024-03-23,-0.01304086562267187,-0.04019929408719037,50
2024-03-22,2024-03-22,-0.02909354077022398,-0.03843866256186386,122
2024-03-21,2024-03-21,-0.03942405402391464,-0.03941502683250919,136
2024-03-20,2024-03-20,-0.04857691104798785,-0.038264149034177,114
2024-03-19,2024-03-19,-0.05237724853891862,-0.03785241546180635,91
2024-03-18,2024-03-18,-0.04890282769978757,-0.03960298278945997,104
2024-03-17,2024-03-17,-0.05969491784527337,-0.04158719507839684,35
2024-03-16,2024-03-16,-0.05667363201927992,-0.04782044742076942,33
2024-03-15,2024-03-15,-0.04327036094830498,-0.04984570744620956,134
2024-03-14,2024-03-14,-0.04187432445338928,-0.05019574607899165,107
2024-03-13,2024-03-13,-0.0481406637438547,-0.05013342503554407,127
2024-03-12,2024-03-12,-0.05258468772599495,-0.05016305920512639,107
2024-03-11,2024-03-11,-0.05459809109681179,-0.05097666826184414,97
2024-03-10,2024-03-10,-0.04222065213188426,-0.04848034458850284,56
2024-03-09,2024-03-09,-0.05006699489864111,-0.04753653928555444,41
2024-03-08,2024-03-08,-0.02650239421116433,-0.04514111546596292,140
2024-03-07,2024-03-07,-0.02971096004813691,-0.0434034919794983,120
2024-03-06,2024-03-06,-0.03607749833246121,-0.04168018263501351,132
2024-03-05,2024-03-05,-0.04159047599639391,-0.04010958095935622,104
2024-03-04,2024-03-04,-0.04811106080074555,-0.03918286234563247,103
2024-03-03,2024-03-03,-0.07275988256912792,-0.043545609550953,48
2024-03-02,2024-03-02,-0.01944084025712682,-0.03917044460216524,44
2024-03-01,2024-03-01,-0.03278897540996116,-0.04006852763056478,134
2024-02-29,2024-02-29,-0.04645001175565917,-0.0424598207316394,121
2024-02-28,2024-02-28,-0.05570239568539287,-0.04526337749634392,132
2024-02-27,2024-02-27,-0.05045190922745735,-0.04652929652935298,89
2024-02-26,2024-02-26,-0.0478961025257424,-0.04649858820435253,110
2024-02-25,2024-02-25,-0.06176203632844341,-0.04492746731282617,38
2024-02-24,2024-02-24,-0.02944753446969847,-0.04635699505747926,49
2024-02-23,2024-02-23,-0.0463795858234596,-0.04829851083083618,130
2024-02-22,2024-02-22,-0.04260109622563688,-0.04774866575511871,113
2024-02-21,2024-02-21,-0.05112904378174963,-0.04709532976888397,109
2024-02-20,2024-02-20,-0.05644016169797838,-0.04795079440752982,97
2024-02-19,2024-02-19,-0.04826667121691151,-0.04800373279198255,109
2024-02-18,2024-02-18,-0.03460448542292164,-0.0441240826626223,47
2024-02-17,2024-02-17,-0.02682103310098186,-0.04374886818137707,36
2024-02-16,2024-02-16,-0.03623002294278135,-0.04229893062699447,132
2024-02-15,2024-02-15,-0.05812421894775047,-0.0445165195872964,103
2024-02-14,2024-02-14,-0.04331862105798525,-0.04340074491247292,108
2024-02-13,2024-02-13,-0.04302122465797649,-0.04148375390675837,92
2024-02-12,2024-02-12,-0.04915238674356262,-0.04161028469627996,95
2024-02-11,2024-02-11,-0.05565702460116606,-0.04461779029317202,60
2024-02-10,2024-02-10,-0.03854064264449169,-0.04629202022795913,48
2024-02-09,2024-02-09,-0.04422134991821629,-0.04743363836730698,131
2024-02-08,2024-02-08,-0.05385195107964248,-0.04682331438614869,121
2024-02-07,2024-02-07,-0.03430215882501952,-0.04553524835286787,128
2024-02-06,2024-02-06,-0.04682147143645372,-0.0460781407497932,92
2024-02-05,2024-02-05,-0.05741608151183027,-0.04725866857383144,120
2024-02-04,2024-02-04,-0.05343651473402518,-0.04694145287852559,56
2024-02-03,2024-02-03,-0.055637449431468373,-0.04938385384809369,37
2024-02-02,2024-02-02,-0.0354975571979024,-0.04813759774519171,130
2024-02-01,2024-02-01,-0.05512409009116709,-0.04831933188969522,120
2024-01-31,2024-01-31,-0.04083840017800221,-0.04925308065440703,118
2024-01-30,2024-01-30,-0.04688642539441862,-0.04926235979125916,121
2024-01-29,2024-01-29,-0.06615676382095112,-0.05051102869256214,97
2024-01-28,2024-01-28,-0.07069260150910932,-0.05297618394614558,46
2024-01-27,2024-01-27,-0.03669744214982714,-0.05027046862019684,42
2024-01-26,2024-01-26,-0.0285209008795184,-0.04927380343185627,144
2024-01-25,2024-01-25,-0.04453813038272648,-0.04776152347350761,122
2024-01-24,2024-01-24,-0.05287104241024774,-0.04948047236382841,109
2024-01-23,2024-01-23,-0.06855029907219404,-0.05257531146065346,102
2024-01-22,2024-01-22,-0.04164073637762903,-0.04907302182589317,105
2024-01-21,2024-01-21,-0.0918721306469364,-0.052098668845582737,38
2024-01-20,2024-01-20,-0.03520240694553111,-0.05188509238782617,33
2024-01-19,2024-01-19,-0.04267423199356938,-0.0539069968326906,138
2024-01-18,2024-01-18,-0.0497736389747547,-0.05465492663155177,112
2024-01-17,2024-01-17,-0.07108735974357029,-0.05725725767916929,112
2024-01-16,2024-01-16,-0.04572509870903811,-0.053996514770147,113
2024-01-15,2024-01-15,-0.05470673361665556,-0.05586308580429365,105
2024-01-14,2024-01-14,-0.04716152863248281,-0.04947585694508599,43
2024-01-13,2024-01-13,-0.01414282505316315,-0.04646734524617629,36
2024-01-12,2024-01-12,-0.03034059904481234,-0.04470539768206814,124
2024-01-11,2024-01-11,-0.05914020237171658,-0.0460434781673484,115
2024-01-10,2024-01-10,-0.03873255942775039,-0.041421363836517,105
2024-01-09,2024-01-09,-0.04636363294355109,-0.04151258301287598,103
2024-01-08,2024-01-08,-0.043607325830993283,-0.03992695332920994,108
2024-01-07,2024-01-07,-0.04762519459649814,-0.03999319132406927,47
2024-01-06,2024-01-06,-0.04659441183594929,-0.04462913229303873,30
2024-01-05,2024-01-05,-0.03889972953723032,-0.04585186522052701,135
2024-01-04,2024-01-04,-0.03871979654368501,-0.04293466438795107,111
2024-01-03,2024-01-03,-0.04754804740216234,-0.04419401981286707,100
2024-01-02,2024-01-02,-0.04581673986268105,-0.04411589222988564,77
2024-01-01,2024-01-01,-0.03305509960025211,-0.04260843133977976,40
