date,name,value
2026-08-01,Weighted median,3.06458014401541
2026-08-01,Prop. increasing,0.8135593220338984
2026-08-01,Volatility,2.1046593861761727
2026-08-01,Excl. energy & food,3.0075959761855975
2026-07-01,Weighted median,3.220117198611816
2026-07-01,Prop. increasing,0.7966101694915254
2026-07-01,Volatility,2.090369330287984
2026-07-01,Excl. energy & food,2.9834682620703927
2026-06-01,Weighted median,3.23613517888595
2026-06-01,Prop. increasing,0.7966101694915254
2026-06-01,Volatility,2.091513196139666
2026-06-01,Excl. energy & food,3.041234252733225
2026-05-01,Weighted median,3.30402935643316
2026-05-01,Prop. increasing,0.8361581920903954
2026-05-01,Volatility,2.110840929291717
2026-05-01,Excl. energy & food,3.1617097712568905
2026-04-01,Weighted median,3.28878942422872
2026-04-01,Prop. increasing,0.8192090395480226
2026-04-01,Volatility,2.0915870426691257
2026-04-01,Excl. energy & food,3.0838724068704066
2026-03-01,Weighted median,3.1153093865762282
2026-03-01,Prop. increasing,0.8418079096045198
2026-03-01,Volatility,1.9994349983964266
2026-03-01,Excl. energy & food,3.105222783353573
2026-02-01,Weighted median,3.091111162527492
2026-02-01,Prop. increasing,0.8305084745762712
2026-02-01,Volatility,1.9002841808800939
2026-02-01,Excl. energy & food,2.959152653557542
2026-01-01,Weighted median,3.25527814406399
2026-01-01,Prop. increasing,0.7966101694915254
2026-01-01,Volatility,1.8695371879412692
2026-01-01,Excl. energy & food,2.9379900328226816
2025-12-01,Weighted median,3.150285805816832
2025-12-01,Prop. increasing,0.8305084745762712
2025-12-01,Volatility,1.8504680808996905
2025-12-01,Excl. energy & food,2.8720269247491967
2025-11-01,Weighted median,3.19930063079204
2025-11-01,Prop. increasing,0.7909604519774012
2025-11-01,Volatility,1.8181711611804015
2025-11-01,Excl. energy & food,2.7212091395204374
2025-10-01,Weighted median,3.1703629299207488
2025-10-01,Prop. increasing,0.7909604519774012
2025-10-01,Volatility,1.7781944920674146
2025-10-01,Excl. energy & food,2.704820055566327
2025-09-01,Weighted median,3.08398197460057
2025-09-01,Prop. increasing,0.8248587570621468
2025-09-01,Volatility,1.7746239265015342
2025-09-01,Excl. energy & food,2.8170611200207305
2025-08-01,Weighted median,3.248340872422781
2025-08-01,Prop. increasing,0.768361581920904
2025-08-01,Volatility,1.767981879724128
2025-08-01,Excl. energy & food,2.8513420229829016
2025-07-01,Weighted median,3.16578773895847
2025-07-01,Prop. increasing,0.8022598870056498
2025-07-01,Volatility,1.7636534251495102
2025-07-01,Excl. energy & food,2.841168044794583
2025-06-01,Weighted median,3.25812468021192
2025-06-01,Prop. increasing,0.7627118644067796
2025-06-01,Volatility,1.7764583685893962
2025-06-01,Excl. energy & food,2.825535800174451
2025-05-01,Weighted median,2.94003388849858
2025-05-01,Prop. increasing,0.768361581920904
2025-05-01,Volatility,1.7514709443830712
2025-05-01,Excl. energy & food,2.7874450598826788
2025-04-01,Weighted median,3.16516082999394
2025-04-01,Prop. increasing,0.7344632768361582
2025-04-01,Volatility,1.7097690761480402
2025-04-01,Excl. energy & food,2.676438831266569
2025-03-01,Weighted median,3.21128775966923
2025-03-01,Prop. increasing,0.7175141242937854
2025-03-01,Volatility,1.6899981421097297
2025-03-01,Excl. energy & food,2.5635982166273275
2025-02-01,Weighted median,2.9994523323112983
2025-02-01,Prop. increasing,0.7231638418079096
2025-02-01,Volatility,1.7239887969331507
2025-02-01,Excl. energy & food,2.823064900880153
2025-01-01,Weighted median,2.6849380386355133
2025-01-01,Prop. increasing,0.7457627118644068
2025-01-01,Volatility,1.747139752887573
2025-01-01,Excl. energy & food,2.8118579879703973
2024-12-01,Weighted median,3.2191642602744874
2024-12-01,Prop. increasing,0.7288135593220338
2024-12-01,Volatility,1.7660714765456818
2024-12-01,Excl. energy & food,2.9032097701625523
2024-11-01,Weighted median,3.08599954617653
2024-11-01,Prop. increasing,0.7231638418079096
2024-11-01,Volatility,1.787029823721906
2024-11-01,Excl. energy & food,2.874092511926985
2024-10-01,Weighted median,3.106294860296872
2024-10-01,Prop. increasing,0.7005649717514124
2024-10-01,Volatility,1.8031510356466065
2024-10-01,Excl. energy & food,2.90472984765752
2024-09-01,Weighted median,3.7208732122141126
2024-09-01,Prop. increasing,0.7005649717514124
2024-09-01,Volatility,1.8195681024440407
2024-09-01,Excl. energy & food,2.839579185859584
2024-08-01,Weighted median,3.42320303076636
2024-08-01,Prop. increasing,0.6949152542372882
2024-08-01,Volatility,1.8461312999444286
2024-08-01,Excl. energy & food,2.9023415954939735
2024-07-01,Weighted median,3.09033145886071
2024-07-01,Prop. increasing,0.6666666666666666
2024-07-01,Volatility,2.001194382508653
2024-07-01,Excl. energy & food,2.8088524452997525
2024-06-01,Weighted median,3.23135771547355
2024-06-01,Prop. increasing,0.672316384180791
2024-06-01,Volatility,2.151118828082207
2024-06-01,Excl. energy & food,2.7792207792207853
2024-05-01,Weighted median,3.22952218430034
2024-05-01,Prop. increasing,0.6610169491525424
2024-05-01,Volatility,2.2822924689518196
2024-05-01,Excl. energy & food,2.8094842139743483
2024-04-01,Weighted median,3.14401362348854
2024-04-01,Prop. increasing,0.6666666666666666
2024-04-01,Volatility,2.418064677883582
2024-04-01,Excl. energy & food,3.017586436450345
2024-03-01,Weighted median,3.43964063199201
2024-03-01,Prop. increasing,0.6836158192090396
2024-03-01,Volatility,2.5485216036922127
2024-03-01,Excl. energy & food,3.145526015469803
2024-02-01,Weighted median,3.7634455052054
2024-02-01,Prop. increasing,0.6892655367231638
2024-02-01,Volatility,2.7009534098532852
2024-02-01,Excl. energy & food,3.1784426055590833
2024-01-01,Weighted median,3.661067962844445
2024-01-01,Prop. increasing,0.672316384180791
2024-01-01,Volatility,2.8946503677443483
2024-01-01,Excl. energy & food,3.2244602478388513
2023-12-01,Weighted median,3.3206738817992965
2023-12-01,Prop. increasing,0.7175141242937854
2023-12-01,Volatility,3.050479743820892
2023-12-01,Excl. energy & food,3.2251994902628236
2023-11-01,Weighted median,3.725008573613392
2023-11-01,Prop. increasing,0.7401129943502824
2023-11-01,Volatility,3.1276915695640626
2023-11-01,Excl. energy & food,3.4371781668383194
2023-10-01,Weighted median,3.6766759744360726
2023-10-01,Prop. increasing,0.768361581920904
2023-10-01,Volatility,3.155105210357974
2023-10-01,Excl. energy & food,3.5589485824453817
2023-09-01,Weighted median,4.247035532016776
2023-09-01,Prop. increasing,0.7796610169491526
2023-09-01,Volatility,3.151184005997331
2023-09-01,Excl. energy & food,3.7381077881566043
2023-08-01,Weighted median,3.84112628287789
2023-08-01,Prop. increasing,0.768361581920904
2023-08-01,Volatility,3.084600159196211
2023-08-01,Excl. energy & food,3.830001388310427
2023-07-01,Weighted median,4.4439243219834195
2023-07-01,Prop. increasing,0.7457627118644068
2023-07-01,Volatility,3.0975182158798207
2023-07-01,Excl. energy & food,4.236075982487048
2023-06-01,Weighted median,4.902509874986276
2023-06-01,Prop. increasing,0.768361581920904
2023-06-01,Volatility,3.087698907810521
2023-06-01,Excl. energy & food,4.442869269206198
2023-05-01,Weighted median,5.096179777479449
2023-05-01,Prop. increasing,0.8022598870056498
2023-05-01,Volatility,3.0441480042392475
2023-05-01,Excl. energy & food,4.833980505586822
2023-04-01,Weighted median,5.72185315444401
2023-04-01,Prop. increasing,0.8418079096045198
2023-04-01,Volatility,3.0125854121297295
2023-04-01,Excl. energy & food,4.85341674176961
2023-03-01,Weighted median,5.961378805106552
2023-03-01,Prop. increasing,0.8587570621468926
2023-03-01,Volatility,3.007578235525159
2023-03-01,Excl. energy & food,4.864946324252927
2023-02-01,Weighted median,6.15215167964755
2023-02-01,Prop. increasing,0.8983050847457628
2023-02-01,Volatility,3.056009696333173
2023-02-01,Excl. energy & food,4.861964009184607
2023-01-01,Weighted median,6.1145314265196555
2023-01-01,Prop. increasing,0.9209039548022598
2023-01-01,Volatility,3.098978189011206
2023-01-01,Excl. energy & food,5.0016991289728345
2022-12-01,Weighted median,6.007090739486609
2022-12-01,Prop. increasing,0.903954802259887
2022-12-01,Volatility,3.1111875700534286
2022-12-01,Excl. energy & food,5.070992092020131
2022-11-01,Weighted median,6.827517841608055
2022-11-01,Prop. increasing,0.9152542372881356
2022-11-01,Volatility,3.1419819271514418
2022-11-01,Excl. energy & food,5.285034019752229
2022-10-01,Weighted median,6.7287974858650745
2022-10-01,Prop. increasing,0.9265536723163842
2022-10-01,Volatility,3.130232787113006
2022-10-01,Excl. energy & food,5.509494274375909
2022-09-01,Weighted median,6.684369320888541
2022-09-01,Prop. increasing,0.9152542372881356
2022-09-01,Volatility,3.0690761816186014
2022-09-01,Excl. energy & food,5.640449848468253
2022-08-01,Weighted median,6.30618661706745
2022-08-01,Prop. increasing,0.9096045197740112
2022-08-01,Volatility,2.9684205380867907
2022-08-01,Excl. energy & food,5.403329065300897
2022-07-01,Weighted median,5.85288736522373
2022-07-01,Prop. increasing,0.903954802259887
2022-07-01,Volatility,2.951231941555829
2022-07-01,Excl. energy & food,5.218819685971495
2022-06-01,Weighted median,5.49468170399272
2022-06-01,Prop. increasing,0.8983050847457628
2022-06-01,Volatility,2.9528155990289746
2022-06-01,Excl. energy & food,5.299386299552156
2022-05-01,Weighted median,5.10001608837882
2022-05-01,Prop. increasing,0.8813559322033898
2022-05-01,Volatility,2.932438413076259
2022-05-01,Excl. energy & food,5.169044995323592
2022-04-01,Weighted median,4.790365651054014
2022-04-01,Prop. increasing,0.8926553672316384
2022-04-01,Volatility,2.906748871489235
2022-04-01,Excl. energy & food,5.288716474561136
2022-03-01,Weighted median,4.52826120160645
2022-03-01,Prop. increasing,0.9096045197740112
2022-03-01,Volatility,2.855378320606545
2022-03-01,Excl. energy & food,5.560286342581769
2022-02-01,Weighted median,4.288312951389514
2022-02-01,Prop. increasing,0.9378531073446328
2022-02-01,Volatility,2.8714276249895025
2022-02-01,Excl. energy & food,5.568656926762806
2022-01-01,Weighted median,4.06766808695024
2022-01-01,Prop. increasing,0.9265536723163842
2022-01-01,Volatility,2.9496948940478855
2022-01-01,Excl. energy & food,5.325521814482704
2021-12-01,Weighted median,3.9429616018321054
2021-12-01,Prop. increasing,0.8926553672316384
2021-12-01,Volatility,3.0142284135691577
2021-12-01,Excl. energy & food,5.084233587670923
2021-11-01,Weighted median,3.53165909214362
2021-11-01,Prop. increasing,0.903954802259887
2021-11-01,Volatility,3.068500936105586
2021-11-01,Excl. energy & food,4.797121348421006
2021-10-01,Weighted median,3.2000337749709127
2021-10-01,Prop. increasing,0.8926553672316384
2021-10-01,Volatility,3.1134722021049055
2021-10-01,Excl. energy & food,4.37127394390893
2021-09-01,Weighted median,2.8835419370649
2021-09-01,Prop. increasing,0.8587570621468926
2021-09-01,Volatility,3.1213815064490245
2021-09-01,Excl. energy & food,3.9256237548619723
2021-08-01,Weighted median,2.570950612688433
2021-08-01,Prop. increasing,0.8361581920903954
2021-08-01,Volatility,3.1263505996657184
2021-08-01,Excl. energy & food,3.892895489486245
2021-07-01,Weighted median,2.7097464479789055
2021-07-01,Prop. increasing,0.8700564971751412
2021-07-01,Volatility,3.049100908444103
2021-07-01,Excl. energy & food,3.844211288677975
2021-06-01,Weighted median,2.626620827226545
2021-06-01,Prop. increasing,0.7853107344632768
2021-06-01,Volatility,2.963696363629749
2021-06-01,Excl. energy & food,3.7842490317027764
2021-05-01,Weighted median,2.7959825567025085
2021-05-01,Prop. increasing,0.7966101694915254
2021-05-01,Volatility,2.847069432129173
2021-05-01,Excl. energy & food,3.4357579356717336
2021-04-01,Weighted median,2.22857419698658
2021-04-01,Prop. increasing,0.7966101694915254
2021-04-01,Volatility,2.5663374750524226
2021-04-01,Excl. energy & food,3.06827879148168
2021-03-01,Weighted median,2.31659481921629
2021-03-01,Prop. increasing,0.7457627118644068
2021-03-01,Volatility,2.214028514140771
2021-03-01,Excl. energy & food,2.1341463414634045
2021-02-01,Weighted median,2.019329707482
2021-02-01,Prop. increasing,0.7288135593220338
2021-02-01,Volatility,2.1269340612189787
2021-02-01,Excl. energy & food,1.6464363820420052
2021-01-01,Weighted median,2.04817407654184
2021-01-01,Prop. increasing,0.7175141242937854
2021-01-01,Volatility,2.1105011545904007
2021-01-01,Excl. energy & food,1.58936721942071
2020-12-01,Weighted median,2.17628258419702
2020-12-01,Prop. increasing,0.7231638418079096
2020-12-01,Volatility,2.098870550622927
2020-12-01,Excl. energy & food,1.508790092214488
2020-11-01,Weighted median,2.2648418254425606
2020-11-01,Prop. increasing,0.7175141242937854
2020-11-01,Volatility,2.087258257168916
2020-11-01,Excl. energy & food,1.4535218844868052
2020-10-01,Weighted median,2.50951629375174
2020-10-01,Prop. increasing,0.7062146892655368
2020-10-01,Volatility,2.0927705081070656
2020-10-01,Excl. energy & food,1.4217326104510315
2020-09-01,Weighted median,2.48737244542013
2020-09-01,Prop. increasing,0.751412429378531
2020-09-01,Volatility,2.0842225599741027
2020-09-01,Excl. energy & food,1.4796915464076246
2020-08-01,Weighted median,2.4345782568631593
2020-08-01,Prop. increasing,0.6779661016949152
2020-08-01,Volatility,2.0558103090429936
2020-08-01,Excl. energy & food,1.3931038469319903
2020-07-01,Weighted median,2.1139051833222338
2020-07-01,Prop. increasing,0.655367231638418
2020-07-01,Volatility,2.003406253884519
2020-07-01,Excl. energy & food,1.2143366963097284
2020-06-01,Weighted median,2.5253656702891822
2020-06-01,Prop. increasing,0.672316384180791
2020-06-01,Volatility,1.9529454723776138
2020-06-01,Excl. energy & food,0.9704519119351057
2020-05-01,Weighted median,2.316051158626684
2020-05-01,Prop. increasing,0.6497175141242938
2020-05-01,Volatility,1.8255260869638288
2020-05-01,Excl. energy & food,0.9973783749794487
2020-04-01,Weighted median,2.41460204840649
2020-04-01,Prop. increasing,0.6384180790960452
2020-04-01,Volatility,1.6563007792551494
2020-04-01,Excl. energy & food,0.9954970222243799
2020-03-01,Weighted median,1.9125307957032645
2020-03-01,Prop. increasing,0.6892655367231638
2020-03-01,Volatility,1.465137988191656
2020-03-01,Excl. energy & food,1.5272953094374022
2020-02-01,Weighted median,2.3539632006608473
2020-02-01,Prop. increasing,0.7570621468926554
2020-02-01,Volatility,1.4304948085742208
2020-02-01,Excl. energy & food,1.6976972310441663
2020-01-01,Weighted median,2.37455543528685
2020-01-01,Prop. increasing,0.7005649717514124
2020-01-01,Volatility,1.438202431374104
2020-01-01,Excl. energy & food,1.5913288616700696
2019-12-01,Weighted median,2.22702053700243
2019-12-01,Prop. increasing,0.7175141242937854
2019-12-01,Volatility,1.4175855851473342
2019-12-01,Excl. energy & food,1.5447510585486963
2019-11-01,Weighted median,1.9540091900621077
2019-11-01,Prop. increasing,0.7627118644067796
2019-11-01,Volatility,1.4106298625970366
2019-11-01,Excl. energy & food,1.4977183197472614
2019-10-01,Weighted median,2.07214068747063
2019-10-01,Prop. increasing,0.7966101694915254
2019-10-01,Volatility,1.4524597481849713
2019-10-01,Excl. energy & food,1.62358595627455
2019-09-01,Weighted median,1.98586531160564
2019-09-01,Prop. increasing,0.7796610169491526
2019-09-01,Volatility,1.4948263261443766
2019-09-01,Excl. energy & food,1.6320140893302737
2019-08-01,Weighted median,1.9950306892812386
2019-08-01,Prop. increasing,0.7966101694915254
2019-08-01,Volatility,1.5099860564713532
2019-08-01,Excl. energy & food,1.7458045796737685
2019-07-01,Weighted median,1.8029351962723008
2019-07-01,Prop. increasing,0.7344632768361582
2019-07-01,Volatility,1.5310042427662027
2019-07-01,Excl. energy & food,1.6391192674940662
2019-06-01,Weighted median,1.9115118291571127
2019-06-01,Prop. increasing,0.768361581920904
2019-06-01,Volatility,1.5719141587202672
2019-06-01,Excl. energy & food,1.6569813098790662
2019-05-01,Weighted median,1.87846709258299
2019-05-01,Prop. increasing,0.7570621468926554
2019-05-01,Volatility,1.5731185051211596
2019-05-01,Excl. energy & food,1.563175476517974
2019-04-01,Weighted median,2.086314050041973
2019-04-01,Prop. increasing,0.711864406779661
2019-04-01,Volatility,1.5889860533986884
2019-04-01,Excl. energy & food,1.6367788035668556
2019-03-01,Weighted median,1.79454543687999
2019-03-01,Prop. increasing,0.7175141242937854
2019-03-01,Volatility,1.5875537534937953
2019-03-01,Excl. energy & food,1.616067995148848
2019-02-01,Weighted median,1.9453058242158834
2019-02-01,Prop. increasing,0.7288135593220338
2019-02-01,Volatility,1.5733321020492543
2019-02-01,Excl. energy & food,1.7441056147354699
2019-01-01,Weighted median,1.995979978568426
2019-01-01,Prop. increasing,0.7627118644067796
2019-01-01,Volatility,1.5182970655123638
2019-01-01,Excl. energy & food,1.8444266238973532
