date,Services,Services (wage-sensitive),Services (excl. wage-sensitive),geo
2026-06-01,3.2258064516129163,3.824955733086463,3.0323265075027703,Eurozone
2026-05-01,3.4510514136230936,3.7635962548458344,3.298481510954602,Eurozone
2026-04-01,3.012350637614218,3.663913770858176,2.8839710111489807,Eurozone
2026-03-01,3.2092037541628744,3.6919981279172722,3.4156228387267036,Eurozone
2026-02-01,3.3532570154999517,3.623358813141871,3.561498996601789,Eurozone
2026-01-01,3.197644909146271,3.6922122842199,3.167601149502787,Eurozone
2025-12-01,3.390693412076176,3.851404385846199,3.524929988983804,Eurozone
2025-11-01,3.41199305342732,3.8453095068218786,3.391141845403393,Eurozone
2025-10-01,3.4090909090909074,3.869271815225418,3.5519318080823092,Eurozone
2025-09-01,3.3360706220488603,3.913553746310218,3.774300749755661,Eurozone
2025-08-01,3.2284597984783057,3.896114716673566,3.974770773107706,Eurozone
2025-07-01,3.261093911248706,3.8992524984692705,3.969660795249341,Eurozone
2025-06-01,3.3333333333333326,3.9470869798936694,3.9115362248056833,Eurozone
2025-05-01,3.1765805045157296,3.9867308737210503,3.486757685802148,Eurozone
2025-04-01,3.8477580813347214,4.038916684286627,4.224507305737298,Eurozone
2025-03-01,3.553140349043793,4.0297575779907255,3.122624634664755,Eurozone
2025-02-01,3.5781741867785906,4.09780058372405,3.4325045665811382,Eurozone
2025-01-01,3.814943618927184,4.186390008423178,3.66095799560138,Eurozone
2024-12-01,3.991952562473524,3.981111085176824,3.9922759656866433,Eurozone
2024-11-01,3.895139036298028,4.048129681253472,3.91502937533982,Eurozone
2024-10-01,3.925949569103109,4.12297681072547,3.8924599417189567,Eurozone
2024-09-01,3.947930004268035,4.212393253227545,3.927203921084757,Eurozone
2024-08-01,4.121614388181146,4.263087471511215,4.18264509962939,Eurozone
2024-07-01,4.025764895330113,4.339068834114114,3.772462370397471,Eurozone
2024-06-01,4.094827586206893,4.395535686034452,4.055127365458254,Eurozone
2024-05-01,4.050550874918989,4.375330537756981,3.9854482923960224,Eurozone
2024-04-01,3.787878787878788,4.5029428853976015,3.2326988110439427,Eurozone
2024-03-01,3.9092192420458183,4.679211892880798,3.8537827506073112,Eurozone
2024-02-01,3.948516579406621,4.7762168752825325,3.6385098909736695,Eurozone
2024-01-01,3.977646285338588,4.844143617916448,3.7081273330112903,Eurozone
2023-12-01,4.054649625385625,5.157902955781579,3.765354629058474,Eurozone
2023-11-01,4.248727594600579,5.186225572926357,3.5860008924975464,Eurozone
2023-10-01,4.44493832648072,5.234851470396294,4.5838714635041935,Eurozone
2023-09-01,4.574871680428469,5.194254860043706,4.653873772041693,Eurozone
2023-08-01,5.155915794213665,5.427117673100632,5.929973841537391,Eurozone
2023-07-01,5.2542372881356,5.5121940837404235,6.380384192724577,Eurozone
2023-06-01,5.275099262620523,5.476244762849145,6.182875688708802,Eurozone
2023-05-01,4.9540868382269645,5.539287026015105,5.497009306372021,Eurozone
2023-04-01,5.15534312051895,5.44139899940403,6.151676537593139,Eurozone
2023-03-01,5.221663619744067,5.385616510362511,5.711729439821892,Eurozone
2023-02-01,5.077363896848145,5.270528625556399,5.538940424079531,Eurozone
2023-01-01,4.7761194029850875,5.037382664389639,5.075059837821773,Eurozone
2022-12-01,4.465930018416218,4.123585477365979,5.202382276427684,Eurozone
2022-11-01,4.2806045921310645,4.032747118677448,5.213465620528266,Eurozone
2022-10-01,4.31204358409644,3.9633281935552738,5.368324438193768,Eurozone
2022-09-01,4.233542684345197,3.644271784598762,5.357448644595782,Eurozone
2022-08-01,3.7248949089210623,2.941521933020652,4.561752887230262,Eurozone
2022-07-01,3.605712947787401,2.7436016339375455,4.6539683080544005,Eurozone
2022-06-01,3.3169245194561796,2.591734781988574,3.95319201731971,Eurozone
2022-05-01,3.423613553757753,2.46231474980376,4.477617568754096,Eurozone
2022-04-01,3.1701303275801367,2.367123733550446,3.9357772191934552,Eurozone
2022-03-01,2.795395818651627,2.0503816464231073,3.0595457018895744,Eurozone
2022-02-01,2.538488659066866,1.90184221633035,2.7837996041945177,Eurozone
2022-01-01,2.410346854791296,1.741298936118462,2.5946525486047256,Eurozone
2021-12-01,2.4890881207974513,1.9672333052660012,2.6672862564584485,Eurozone
2021-11-01,2.507392075694861,1.9313465549043407,2.7880014148367738,Eurozone
2021-10-01,2.143026284631781,1.820692496852,2.3658712696868016,Eurozone
2021-09-01,1.872037914691941,1.4905681114753804,2.071190903107251,Eurozone
2021-08-01,1.493244844749947,1.6291375354434745,1.3424144359044128,Eurozone
2021-07-01,1.172568992064426,1.5813229548677927,0.9350714140185,Eurozone
2021-06-01,0.8868393047179852,1.544918722436864,0.4665837241707864,Eurozone
2021-05-01,1.0185952860357683,1.5339891608489946,0.5889461814920705,Eurozone
2021-04-01,0.9601706970128052,1.413593880016666,0.5027541233604649,Eurozone
2021-03-01,1.0563798219584577,1.465323669297396,0.9953679400521912,Eurozone
2021-02-01,1.0090218423551858,1.4706049864338329,0.8309128055939724,Eurozone
2021-01-01,1.105563480741789,1.4647239415152686,0.8474982078237145,Eurozone
2020-12-01,0.676959619952486,1.3675662090254792,0.47643782034761256,Eurozone
2020-11-01,0.5231244798478156,1.398888295224448,0.3352106294373059,Eurozone
2020-10-01,0.4519505233111269,1.372517074725164,0.06010794981441034,Eurozone
2020-09-01,0.5599904682473476,1.7202565244990635,-0.02236088776891558,Eurozone
2020-08-01,0.6560897053560744,1.7744467257713528,0.15835887544431748,Eurozone
2020-07-01,0.9445241511238716,1.8469715834156355,0.46969478070191617,Eurozone
2020-06-01,1.2087123025370885,1.833504373130524,1.0235961139786194,Eurozone
2020-05-01,1.2957408518296492,1.7277932889280831,1.2047503251197895,Eurozone
2020-04-01,1.1268280987772687,1.7195904326418958,1.1258215251946837,Eurozone
2020-03-01,1.3594802694898886,1.7472634804345906,1.339172995334422,Eurozone
2020-02-01,1.6164053075995044,1.7261023477441608,1.724404352938946,Eurozone
2020-01-01,1.5206372194062334,1.735268572543466,1.7849086678148842,Eurozone
2019-12-01,1.7522658610271935,1.8318610892028329,1.8581826620472344,Eurozone
2019-11-01,1.7049576783554974,1.802145304114109,1.736628661660375,Eurozone
2019-10-01,1.6563897956716294,1.799932242221597,1.719413687840147,Eurozone
2019-09-01,1.610169491525439,1.7323007213028194,1.868417965381813,Eurozone
2019-08-01,1.575184781291648,1.7787288071887415,1.7761310959258394,Eurozone
2019-07-01,1.4309968469561083,1.5925264213231771,1.7748719746104178,Eurozone
2019-06-01,1.5556635877491505,1.5755586044638743,2.014010018912101,Eurozone
2019-05-01,1.177470259771788,1.610335328489412,1.548110258268664,Eurozone
2019-04-01,1.5459525258673108,1.6336169613109548,2.106019176162502,Eurozone
2019-03-01,1.328782152870905,1.5438146205507706,1.2361229193277343,Eurozone
2019-02-01,1.1962890625000049,1.499567556380783,1.3729869076491172,Eurozone
2019-01-01,1.3206162876008782,1.4473693152129117,1.5017217277041073,Eurozone
2018-12-01,1.4217428606446825,1.3194877286456246,1.4507997483711232,Eurozone
2018-11-01,1.4474975466143365,1.320146556962057,1.692853828732796,Eurozone
2018-10-01,1.771871539313397,1.345117116290396,1.65528813871518,Eurozone
2018-09-01,1.4617368873602723,0.9108330917360796,1.6615759547034827,Eurozone
2018-08-01,1.4879488440728088,0.8773709747961507,1.7383871931425474,Eurozone
2018-07-01,1.5517241379310232,1.0024419846452737,1.6797881122792375,Eurozone
2018-06-01,1.4800197335964511,0.9942010107567862,1.6643368468111364,Eurozone
2018-05-01,1.728821931341061,0.9863052852928816,1.958438535026101,Eurozone
2018-04-01,1.3822041219301548,1.0144884806741927,1.384081319605945,Eurozone
2018-03-01,1.472043542800591,0.9958305369364854,1.924237670604548,Eurozone
2018-02-01,1.4740493001362538,0.982910187363252,1.685047747940727,Eurozone
2018-01-01,1.4514328247115764,1.1105660644599764,1.6337893450068646,Eurozone
2026-07-01,3.4578146611341634,4.622676078752724,3.6682718243753776,UK
2026-06-01,3.55153203342618,4.133403102721254,3.902565756237612,UK
2026-05-01,3.714085494043456,4.495376172432862,3.8996556522946673,UK
2026-04-01,3.1490552834149756,4.567894915739309,3.415055627835499,UK
2026-03-01,4.506437768240331,5.569745830668869,4.418981119957945,UK
2026-02-01,4.307250538406317,5.39018773244744,4.491624221028358,UK
2026-01-01,4.404332129963895,5.315862328242249,4.653678311905928,UK
2025-12-01,4.466858789625352,5.341864355879462,4.339883339988533,UK
2025-11-01,4.410701373825013,5.422014924406476,4.1550503870587985,UK
2025-10-01,4.4765342960288725,5.4173396646950245,4.3866278858127545,UK
2025-09-01,4.713560551124003,5.680022127388415,4.36030842496385,UK
2025-08-01,4.699927693420101,5.380975116364168,4.763631232317762,UK
2025-07-01,4.934687953555866,5.635777322832508,4.346295969881064,UK
2025-06-01,4.741064916119621,6.165557467833376,3.76787962124696,UK
2025-05-01,4.618768328445736,6.077584017662591,3.755618797841288,UK
2025-04-01,5.46125461254613,6.010140965588582,4.391284260334882,UK
2025-03-01,4.7191011235955145,5.409849396860818,3.762206375350932,UK
2025-02-01,4.973624717407704,5.4489225036472035,3.968425915933417,UK
2025-01-01,5.003790750568609,5.3566467671188835,4.0177341571269345,UK
2024-12-01,4.360902255639107,5.668259774015391,3.914651145030181,UK
2024-11-01,5.011389521640109,5.925811683080958,4.382266274504539,UK
2024-10-01,5.003790750568609,5.613972471441786,4.258374633041191,UK
2024-09-01,4.946727549467275,5.33316173826222,4.418596223010691,UK
2024-08-01,5.572519083969475,5.790217667455212,4.497554574584992,UK
2024-07-01,5.190839694656497,5.473061877126269,4.7083270513874,UK
2024-06-01,5.70547417116423,5.140602836474964,5.743375087071192,UK
2024-05-01,5.736434108527136,4.7609545629873535,5.684385966913623,UK
2024-04-01,5.859375,4.880897133993059,5.96511769955971,UK
2024-03-01,5.952380952380952,5.0678357853607245,6.010025061748165,UK
2024-02-01,6.075139888089525,4.783998936545383,6.27576981272959,UK
2024-01-01,6.542810985460427,5.172089188950543,6.966826448341735,UK
2023-12-01,6.4,4.737656846398609,6.685449390970839,UK
2023-11-01,6.209677419354829,4.420992279076293,7.01677563032386,UK
2023-10-01,6.542810985460427,4.766889594457377,7.355348364289506,UK
2023-09-01,6.916192026037428,4.885480012073403,7.861070576477445,UK
2023-08-01,6.764466177669109,4.603479084952356,7.689659254720219,UK
2023-07-01,7.465135356849872,4.8982338975004325,8.512724806065226,UK
2023-06-01,7.19008264462809,5.03330277507374,8.415063756770797,UK
2023-05-01,7.321131447587352,5.161234712887562,8.761884249175429,UK
2023-04-01,6.934001670843773,5.325239666562934,8.466446449472983,UK
2023-03-01,6.68924640135479,4.460110656746381,8.569674108759548,UK
2023-02-01,6.649616368286443,4.5345004441332355,8.740530400895192,UK
2023-01-01,5.902480752780146,4.393253806896932,7.778073193953884,UK
2022-12-01,6.837606837606838,4.18368894010104,8.707897474255264,UK
2022-11-01,6.346483704974276,4.167223187911451,8.11614552298304,UK
2022-10-01,6.266094420600855,4.085391650226814,7.883951618370004,UK
2022-09-01,6.131260794473238,4.028660828275913,7.703305832362757,UK
2022-08-01,5.958549222797933,3.865253269416688,7.218101603682668,UK
2022-07-01,5.724197745013017,3.44531667259382,7.500937292781155,UK
2022-06-01,5.217391304347826,3.495779072792586,7.033326238734004,UK
2022-05-01,4.886561954624789,3.5626369933966484,6.397027801541178,UK
2022-04-01,4.724409448818903,3.473530022590446,6.448496455780769,UK
2022-03-01,3.961267605633803,3.0240796664801537,5.413876349008976,UK
2022-02-01,3.4391534391534315,3.0478029220088816,4.313506726683087,UK
2022-01-01,3.268551236749119,2.7783064135505766,3.9882296883990342,UK
2021-12-01,3.448275862068971,3.101000543715395,4.347537302317596,UK
2021-11-01,3.368794326241132,2.9425970925034206,4.094255492079958,UK
2021-10-01,3.280141843971634,2.652583089619863,4.270395849589882,UK
2021-09-01,2.5686448184233757,2.170699351254796,3.535941259077054,UK
2021-08-01,3.024911032028462,2.1762939314322476,5.306957301739268,UK
2021-07-01,1.5859030837004378,2.3396600340034146,2.0912438935778144,UK
2021-06-01,2.1314387211367727,2.4329175148942888,2.3821325955503743,UK
2021-05-01,1.8666666666666616,2.3278495129521244,1.98726218731228,UK
2021-04-01,1.5999999999999976,1.9901700167785576,1.4937451750234862,UK
2021-03-01,1.5192135835567369,1.6637280239187708,1.1723136300245136,UK
2021-02-01,1.5219337511190714,1.8640942488580132,1.0537237631512677,UK
2021-01-01,1.707097933513033,1.8036489384784211,1.5228538708826596,UK
2020-12-01,1.4349775784753314,1.6736142911064826,1.094418417745894,UK
2020-11-01,1.4388489208633042,1.7630908015201334,1.0952122678386862,UK
2020-10-01,1.3477088948787064,2.003633043248843,0.7974322359284503,UK
2020-09-01,1.4375561545372944,1.7936075134651597,0.8126012741652487,UK
2020-08-01,0.6266786034019721,1.841676329473824,-0.4121963738588168,UK
2020-07-01,2.0683453237410045,1.9272852514179724,1.8989208866525749,UK
2020-06-01,1.8083182640144664,1.627241398635887,1.83542879265616,UK
2020-05-01,1.9945602901178632,1.759444970833967,2.068665780083336,UK
2020-04-01,1.9945602901178632,1.9028013247841071,2.209823228810055,UK
2020-03-01,2.566452795600377,2.841258538928455,2.7017665596771647,UK
2020-02-01,2.4770642201834887,2.853537611140415,2.872064216411814,UK
2020-01-01,2.297794117647059,2.9606420264046114,2.405906693106139,UK
2019-12-01,2.1062271062271036,2.7715282697093104,2.336447106169766,UK
2019-11-01,2.4884792626728136,2.8351219368011384,2.632011652197278,UK
2019-10-01,2.58064516129032,2.7234242555617914,2.897788500256872,UK
2019-09-01,2.48618784530387,2.8960452147394733,3.052700525843205,UK
2019-08-01,2.2893772893772892,2.773008921688291,2.587168157572965,UK
2019-07-01,2.4884792626728136,2.7590040149045745,2.895213319131372,UK
2019-06-01,2.502316960148274,2.9163637168629086,2.5438223952982746,UK
2019-05-01,2.5092936802974006,2.8198743785302014,2.735794201872376,UK
2019-04-01,2.891791044776114,2.7651001419617827,2.7517310407403026,UK
2019-03-01,2.441314553990605,2.7235387001655216,2.544217471333921,UK
2019-02-01,2.4436090225563856,2.532936184043992,2.3953435430571783,UK
2019-01-01,2.544769085768146,2.5245310565383927,2.4978271995041124,UK
2018-12-01,2.4390243902439104,2.697820417223352,2.7119038193392293,UK
2018-11-01,2.455146364494801,2.7990361962883843,2.304102408973151,UK
2018-10-01,2.455146364494801,2.789287111541695,2.339089347155644,UK
2018-09-01,2.35626767200754,2.440550811621019,2.211004368009045,UK
2018-08-01,2.535211267605636,2.470485198105186,2.3883430889406703,UK
2018-07-01,2.358490566037736,2.445068328235401,2.310862877236525,UK
2018-06-01,2.274881516587683,2.4565237204369232,2.5124780772724047,UK
2018-05-01,2.378686964795433,2.5679088695830985,2.249230129804605,UK
2018-04-01,2.095238095238098,2.539450836498762,2.452849673277562,UK
2018-03-01,2.6011560693641647,2.690682174822395,2.453870638629615,UK
2018-02-01,2.4061597690086622,2.7199123081506236,2.445531686730017,UK
2018-01-01,2.710551790900288,2.7249822204301486,2.876544039748762,UK
